"fct_name","fct_short_name","fct_authors","fct_region","fct_lead_organization","fct_year","fct_language","fct_data_format","fct_documentation","fct_documentation_link","fct_licence","fct_data_sources","fct_fooditem","fct_component","fct_component_list","edible","energy_kcal_method","totalprotein_method","carbohydrates_method","fibre_method","folate_method","folicacid_method","vitaminb12_method","vitamina_rae_method","vitaminc_method","i_method","zn_method","se_method","fe_method","ca_method","phyticacid_method","edible_source","yieldfactor","yieldfactor_source","retentionfactor","retentionfactor_source","recipe_method","ash_method","biotin_method","cholesterol_method","cu_method","energy_kj_method","k_method","mg_method","mn_method","moisture_method","monounsaturatedfa_method","na_method","niacin_method","nitrogen_method","p_method","pantothenate_method","polyunsaturatedfa_method","riboflavin_method","saturatedfa_method","thiamin_method","totalfats_method","vitaminb6_method","vitamind_method","vitamine_method"
"FAO/INFOODS Food Composition Table for Western Africa (2019) / Table de composition alimentaire FAO/INFOODS pour l’Afrique de l’Ouest (2019)","WAFCT","Anna Vincent, Fernanda Grande, Ella Compaoré, George Amponsah Annor, Paulina S. Addy, Lilian Chinelo Aburime, Djoufouna Ahmed, Achu Mercy Bih Loh, Sergio Dahdouh Cabia, Nina Deflache, Fatoumata Mariam Dembélé, Belembaongo Dieudonné, Oboulbiga B. Edwige, Henrietta N. Ene-Obong, Nadia Fanou Fogny, Morné Ferreira, Julie Omaghomi Jemide, Pascal Christiant Kouebou, Carmen Muller, Sarah Nájera Espinosa, Fatimata Ouattara, Doris Rittenschober, Hettie Schönfeldt, Barbara Stadlmayr, Maricia van Deventer, Abdou Razikou Yiagnigni, U. Ruth Charrondière","wa","FAO/INFOODS",2019,"EN, FR","pdf; xlsx","yes","http://www.fao.org/infoods/infoods/tables-and-databases/faoinfoods-databases/en/","Creative Commons Attribution-NonCommercial-ShareAlike 3.0 IGO licence (CC BY-NC-SA 3.0 IGO)","FCT",1028,57,"EDIBLE1	EDIBLE2	ENERC 	ENERC 	WATER	PROTCNT 	FAT	CHOAVLDF	FIBTG	ALC	ASH	CA	FE	MG	P	K	NA	ZN	CU	VITA	VITA_RAE 	RETOL	CARTBEQ 	CARTA	CARTB	CRYPXB	VITD 	VITE	TOCPHA	TOCPHB	TOCPHG	TOCPHD	THIA	RIBF	NIAEQ 	NIA	TRP	VITB6C 	FOLAC	FOLFD	FOL 	FOLDFE	VITB12	VITC 	CHOLE	XFA	FASAT 	FAMS 	FAPU 	F18D2CN6	F18D3CN3	PHYTCPP	IP3	IP4	IP5	IP6","EDIBLE1; EDIBLE2","ENERC - Energy (kcal/100 g EP) = total protein (g/100 g EP) x 4 + total fat (g/100 g EP) x 9 + available carbohydrate (g/100 g EP) x 4 + total dietary fibre (g/100 g EP) x 2 + alcohol (g/100 g EP) x 7","PROTCNT - Total protein (g/100 g EP) = nitrogen conversion factor (XN) × total nitrogen (g/100 g EP)","<U+FEFF>CHOAVLDF Carbohydrate, available; calculated by difference (g/100 g EP) = 100 – (water + total fat + total protein + ash + total dietary fibre + alcohol) (g/100 g EP)","FIBTG - Total fiber (AOAC 991.43); FIBC -  if crude fiber reported []","FOLDFE - Dietary folate equivalents (mcg/100 g EP) = naturally occurring food folates (mcg/100 g EP) + 1.7 × synthetic folic acid (mcg/100 g EP) - microbiological assay","FOL - this values are presented between bracket [] - HPLC","Mostly not reported, assumed to be HPLC, microbiological","VITA_RAE - Vitamin A in retinol equivalents (mcg/100 g EP) = retinol (mcg/100 g EP) + beta-carotene equivalents (mcg/100 g EP) / 6; RETOL - Retinol is analysed using HPLC","Various methods; sum of L-ascorbic acid (ASCL) and L-dehydroascorbic acid (ASCDL)","no","AAS, ICP-MS","no","AAS, ICP-MS","AAS, ICP-MS","Calculated from phytate phosphorus by anion exchange method (AOAC 986.11) or [determined by direct precipitation] or [ determined by indirect precipitation]","no","yes","yes","yes","yes","yes",NA,NA,NA,NA,NA,NA,NA,NA,NA,NA,NA,NA,NA,NA,NA,NA,NA,NA,NA,NA,NA,NA,NA
"MAFOODS. 2019. Malawian Food Composition Table","MAFOODS","Averalda van Graan, Joelaine Chetty, Malory Jumat, Sitilitha Masangwi, Agnes Mwangwela, Felix Pensulo Phiri, Lynne M. Ausman, Shibani Ghosh, Elizabeth Marino-Costello","mwi","MoG-DNHA; South African Medical Research Council, Biostatistics Unit – SAFOODS; USDA",2019,"EN, MWI","pdf; xlsx","yes","http://www.fao.org/infoods/infoods/tables-and-databases/faoinfoods-databases/en/",NA,"<U+FEFF>scientific literature; FCT;",316,42,"Moisture (g)	Energy Calculated (kCal)	Energy Calculated (kJ)	Nitrogen (g)	Total protein (g)	Total Fats (g)	Saturated FA (g)	Mono-unsaturated FA (g)	Polyunsaturated FA (g)	Cholesterol (mg)	Total CHO for UDB	Carbohydrate, avail. (g)	Total sugars (g)	Added sugar (g)	Total fibre (g)	Starch (g)	Ash (g)	Ca (mg)	Fe (mg)	Mg (mg)	P (mg)	K (mg)	Na (mg)	Zn (mg)	Cu (mg)	Mn (mcg)	I (mcg)	Se (mcg)	Vitamin A (RAE) (mcg)	Vitamin A (RE) (mcg)	Thiamin (mg)	Riboflavin (mg)	Niacin (mg)	Vitamin B6 (mg)	Folic acid (mcg)	Vitamin B12 (mcg)	Pantothenate (mg)	Biotin (mcg)	Vitamin C (mg)	Vitamin D (mcg)	Vitamin E (mg)	Phytic Acid (mg)","no","<U+FEFF>ERERC - calculated [Protein (g) x 4kcal] + [Fat (g) x 9kCal] + [Total Carbohydrates(g) x 4kcal; ALC is missing","PROTCNT and Crude protein values identified in Italics; Total Protein (6.25 factor); Nitrogen <U+FEFF>Kjeldahl method (AOAC, 1984); <U+FEFF>Kjeldahl method (AOAC, 2002); <U+FEFF> LECO combustion method (AOAC, 2002)","<U+FEFF>CHOAVLDF - <U+FEFF>Carbohidrate availabe, Calculated, by difference: 100 – (Moisture (g) + Protein (g) + Fat, total (g) + Fiber (g) + Ash (g)); CHOCSM - total CHO by summation","FIBC - <U+FEFF>Crude Fiber values recorded. Total Fiber reported in some data sources in italics, when Total Dietary Fiber using AOAC Prosky method are reported in literature. This comprises non-starch polysaccharides, lignin, resistant starch and resistant oligosaccharide. <U+FEFF>Reflux method (AOAC, 1984); crude fibre - <U+FEFF>Henneberg-Stohmann method (); Crude fibre - <U+FEFF>Acid hydrolysis (AOAC, 1990); ; Crude fibre - <U+FEFF>Acid hydrolysis (AOAC, 2002)","no","no",NA,"VITA; VITA_RAE - Retinol, µg/100g EP × 1) + (ß-carotene, µg/100g EP ÷ 6) + (a-carotene, µg/ 100g EP ÷ 12) + (ß-cryptoxanthin, µg/100g EP ÷ 12); <U+FEFF>Atomic Absorption Spectrophotometry (AOAC, 2002); <U+FEFF>Atomic Absorption Spectrophotometry (AOAC, 2002); <U+FEFF>UV/Visible Spectrophotometry","<U+FEFF>Ascorbic acid - HPLC (AOAC, 2002); <U+FEFF>Ascorbic acid - <U+FEFF>2, 6 Dichlorophenolindophenol (DCPIP); <U+FEFF>Spectro-photometric method*",NA,"<U+FEFF>Atomic Absorption Spectrophotometry (AOAC, 2002); <U+FEFF>Flame Atomic Absorption Spectrophotometry (AOAC, 2002); <U+FEFF>Inductively Coupled Plasma Mass Spectrometry","<U+FEFF>Atomic Absorption Spectrophotometry (AOAC, 1984); <U+FEFF>Inductively Coupled Plasma Mass Spectrometry; <U+FEFF>Inductively Coupled Plasma Mass Spectrometry","<U+FEFF>Atomic Absorption Spectrophotometry (AOAC, 1985); <U+FEFF>Atomic Absorption Spectrophotometry (AOAC, 2002); <U+FEFF>Inductively Coupled Plasma Mass Spectrometry; <U+FEFF>Calorimetry (AOAC, 2002","<U+FEFF>Atomic Absorption Spectrophotometry (AOAC, 1986); <U+FEFF>Flame Atomic Absorption Spectrophotometry (AOAC, 2002); <U+FEFF>Inductively Coupled Plasma Mass Spectrometry; <U+FEFF>Titration method (AOAC, 2002)","no","no","yes","yes","yes","yes","yes",NA,NA,NA,NA,NA,NA,NA,NA,NA,NA,NA,NA,NA,NA,NA,NA,NA,NA,NA,NA,NA,NA,NA
"Food Composition Table for Use in Ethiopia IV * 33 pp (English) (1998)","ETHFCT",NA,"eth",NA,1998,"EN, ETH","xslx","no",NA,NA,NA,775,18,"Food Energy	Moisture	Nitrogen	Protein	Fat	CHO (inc.fiber)	Fiber	Ash	Calcium	Phosphorous	iron	ß-carotene Equiv.	Thiamine	Riboflavin	Niacin	Tryptophan	Ascorbic acid	Refuse","REFUSE",NA,NA,NA,NA,NA,NA,NA,"no",NA,"no",NA,NA,NA,NA,NA,"no","no","no","no","no","no",NA,NA,NA,NA,NA,NA,NA,NA,NA,NA,NA,NA,NA,NA,NA,NA,NA,NA,NA,NA,NA,NA,NA
"Food Composition Table for use in The Gambia ","GMBFCT","C.J. Prynne and A.A. Paul","gmb","Medical Research Council Human Nutrition Research",2011,"EN, Mandinka, Wolof","pdf; xlsx","no","http://www.fao.org/infoods/infoods/tables-and-databases/faoinfoods-databases/en/","Copyright © 2011 Medical Research Council","chemical analysis, published sources,",463,14,"Carbohydrate; Fat; Fibre; Phytate; Water; Energy-kcal; Energy-kj; Protein; Potassium; Phosphorus; Vitamin C; Carotene; Magnesium; Iron; Zinc; Calcium
","Edible only for fish","<U+FEFF>ENERGYC - kilocalories (kcal) per g: protein = 4, fat = 9, carbohydrate = 3.75","<U+FEFF>total nitrogen x 6.25; Nitrogen - Micro-Kjeldhal procedure","<U+FEFF>CHOALVM - sum of sugars, dextrin, starch and glycogen and is available carbohydrate expressed as the monosaccharide equivalents. Free sugar and starch","<U+FEFF>FIBTS - sum of polysaccharides and lignin which are not digested by the human gastrointestinal trac","no","no","no","no",NA,"no","<U+FEFF>Atomic absorption spectrophotometry (cereals); <U+FEFF>Flame atomic absorption spectophotometry (fish, leaves)","no",NA,"<U+FEFF>Atomic absorption spectrophotometry","<U+FEFF>PHYTAC - Fe precipitation (PHYPPD)","yes","no","no","no","no","no",NA,NA,NA,NA,NA,NA,NA,NA,NA,NA,NA,NA,NA,NA,NA,NA,NA,NA,NA,NA,NA,NA,NA
"Kenya Food Composition Tables 2018","KENFCT","Mwai J., Ministry of Health of the Republic of Kenya, Division of Family Health, Nutrition and Dietetics Unit; Kimani A. and Mbelenga E., Food and Agriculture Organization of the United Nations (Kenya); Charrondiere U.R., Grande F., Rittenschober D. and Vincent A., Food and Agriculture Organization of the United Nations (Rome); Murugu D., Bounty Health and Nutrition Consulting.","ken","<U+FEFF>The Food and Agriculture Organization of the United Nations, The Ministry of Health, Republic of Kenya and The Ministry of Agriculture and Irrigation, Republic of Kenya",2018,"EN","pdf; xlsx","yes","http://www.fao.org/infoods/infoods/tables-and-databases/faoinfoods-databases/en/; https://www.nutritionhealth.or.ke/programmes/healthy-diets-physical/food-composition-tables/","© FAO/Government of Kenya, 2018","chemical analysis; KEN93, scientific literature, FCT",665,37,"Edible conversion factor; Energy	Energy 	Water	Protein	Fat	Carbohydrate available 	Fibre	Ash	Ca	Fe	Mg	P	K	Na	Zn	Se	Vit A-RAE	Vit A-RE	Retinol 	b-carotene equivalent 	Thiamin 	Riboflavin 	Niacin	Dietary Folate Eq.	Food folate 	Vit B12 	Vit C	Cholesterol	Oxalic acid OXALAC	Phytate 	IP3 	IP4 	IP5 	IP6 	Isoleucin	Leucine	Lysine	Methionine	Cystine	Phenylalanine	Tyrosine	Threonine	Tryptophan	Valine	Arginine	Histidine	Alanine	Aspartic acid	Glutamic acid	Glycine	Proline	Serine	Fatty acids, total (standardized)	Fatty acids, total, own calculation	Fatty acids, total (from source)	Sum of individual FA(g)(standardized)	fatty acids, total saturated (standardized)	fatty acids, total monounsaturated (standardized)	fatty acids, total polyunsaturated (standardized)	fatty acids, total trans (standardized)	other fatty acids, not specifiied (standardized)	fatty acids, total saturated (own calculation)	fatty acids, total monounsaturated (own calculation)	fatty acids, total polyunsaturated (own calculation)	fatty acids, total trans (own calculation)	other fatty acids, not specifiied (own calculation)	fatty acids, total saturated	fatty acids, total monounsaturated	fatty acids, total polyunsaturated	fatty acids, total trans (from source)	other fatty acids, not specifiied (from source)	Sum of polyunsaturated FA, n-3 (standardized)	Sum of polyunsaturated FA, n-6 (standardized)	Sum polyunsaturated FA, n-3 (own calculation)	Sum polyunsaturated FA, n-6 (own calculation)	Sum polyunsaturated FA, n-3	Sum polyunsaturated FA, n-6	Sum polyunsaturated FA, n-9	Sum of long-chain FA (Eicosapentaenoic acid + Docosapentaenoic acid + Docosahexaenoic acid)	Fatty acid 4:0	Fatty acid 6:0	Fatty acid C7:0	Fatty acid 8:0	Fatty acid 9:0	Fatty acid 10:0	Fatty acid 11:0	Fatty acid 12:0	Fatty acid 13:0	Fatty acid 14:0	Fatty acid 15:0	Fatty acid 15:0 iso	Fatty acid 16:0	Fatty acid 16:0 iso	Fatty acid 17:0	Fatty acid 17:0 iso	Fatty acid 18:0	Fatty acid 18:0 iso	Fatty acid 19:0	Fatty acid 20:0	Fatty acid 21:0	Fatty acid 22:0	Fatty acid 23:0	Fatty acid 24:0	Fatty acid 26:0 (/100 g FA)	Fatty acid 30:0 (/100 g FA)	Fatty acid 10:1 (standardized)	Fatty acid 10:1 cis	Fatty acid 10:1	Fatty acid 12:1 (standardized)	Fatty acid 12:1 cis	Fatty acid 12:1	Fatty acid 14:1 (standardized)	Fatty acid 14:1 cis n-5	Fatty acid 14:1 trans n-5	fatty acid 14:1 n-7	Fatty acid 14:1 cis n-5	Fatty acid 14:1 trans n-5	Fatty acid 14:1 n-5	Fatty acid 14:1 cis	Fatty acid 14:1	Fatty acid 15:1 (standardized)	Fatty acid 15:1 cis n-5	Fatty acid 15:1 n-10	Fatty acid 15:1 cis n-5	Fatty acid 15:1 cis	Fatty acid 15:1	Fatty acid 16:1 (standardized)	Fatty acid 16:1 cis n-9	Fatty acid 16:1 cis n-7	Fatty acid 16:1 trans n-7	Fatty acid 16:1 n-11	Fatty acid 16:1 cis n-9	Fatty acid 16:1 n-9	Fatty acid 16:1 cis n-7	Fatty acid 16:1 trans n-7	Fatty acid 16:1 n-7	Fatty acid 16:1 n-5	Fatty acid 16:1 cis	Fatty acid 16:1 trans	Fatty acid 16:1	Fatty acid 17:1 (standardized)	Fatty acid 17:1 cis	Fatty acid 17:1 n-10	fatty acid 17:1 n-9	fatty acid 17:1 n-8	Fatty acid 17:1 cis n-7	Fatty acid 17:1 n-7	Fatty acid 17:1 cis	Fatty acid 17:1	Fatty acid 18:1 (standardized)	Fatty acid 18:1 trans n-12	Fatty acid 18:1 cis n-9	Fatty acid 18:1 trans n-9	Fatty acid 18:1 cis n-7	Fatty acid 18:1 trans n-7	Fatty acid 18:1 cis n-6	Fatty acid 18:1 cis	Fatty acid 18:1 trans	Fatty acid 18:1 trans n-12	Fatty acid 18:1 n-11	Fatty acid 18:1 cis n-9	Fatty acid 18:1 trans n-9	Fatty acid 18:1 n-9	Fatty acid 18:1 cis n-7	Fatty acid 18:1 trans n-7	Fatty acid 18:1 n-7	Fatty acid 18:1 cis n-6	Fatty acid 18:1 n-5	Fatty acid 18:1 cis	Fatty acid 18:1 trans	Fatty acid 18:1	Fatty acid 19:1	Fatty acid 20:1 (standardized)	Fatty acid 20:1 cis n-9	Fatty acid 20:1 trans n-9	Fatty acid 20:1 cis	Fatty acid 20:1 cis n-11	Fatty acid 20:1 n-11	Fatty acid 20:1 cis n-9	Fatty acid 20:1 trans n-9	Fatty acid 20:1 n-9	Fatty acid 20:1 n-7	Fatty acid 20:1 cis	Fatty acid 20:1	Fatty acid 22:1 (standardized)	Fatty acid 22:1 cis n-9	Fatty acid 22:1 trans n-9	Fatty acid 22:1 cis 	fatty acid 22:1 n-11	Fatty acid 22:1 cis n-9	Fatty acid 22:1 trans n-9	Fatty acid 22:1 n-9	Fatty acid 22:1 cis 	Fatty acid 22:1 trans	Fatty acid 22:1	Fatty acid 24:1 (standardized)	Fatty acid 24:1 cis n-9	Fatty acid 24:1 cis	Fatty acid 24:1 cis n-9	Fatty acid 24:1 n-9	Fatty acid 24:1 cis	Fatty acid 24:1	Fatty acid 16:2 (standardized)	Fatty acid 16:2 cis n-4	Fatty acid 16:2 n-6	Fatty acid 16:2 cis n-4	Fatty acid 16:2 n-4	Fatty acid 16:2 cis	Fatty acid 16:2	Fatty acid 172	Fatty acid 18:2 (standardized)	Fatty acid 18:2 cis n-6	Fatty acid 18:2 trans n-6	Fatty acid 18:2 n-6, conjugated	Fatty acid 18:2 trans	Fatty acid 18:2 cis n-6	Fatty acid 18:2 trans n-6	Fatty acid 18:2 n-6	Fatty acid 18:2 n-6, conjugated	Fatty acid 18:2 n-4	Fatty acid 18:2 cis	Fatty acid 18:2 trans	Fatty acid 18:2	Fatty acid 20:2 (standardized)	Fatty acid 20:2 cis n-6	Fatty acid 20:2 n-9	Fatty acid 20:2 cis n-6	Fatty acid 20:2 n-6	Fatty acid 20:2 cis	Fatty acid 20:2	Fatty acid 22:2 (standardized)	Fatty acid 22:2 cis n-6	Fatty acid 22:2 cis n-6	Fatty acid 22:2 n-6	Fatty acid 22:2	Fatty acid 16:3 (standardized)	Fatty acid 16:3 n-4	Fatty acid 16:3 n-3	Fatty acid 16:3 cis	Fatty acid 16:3	Fatty acid 18:3 (standardized)	Fatty acid 18:3 cis n-6	Fatty acid 18:3 cis n-3	Fatty acid 18:3 trans	Fatty acid 18:3 cis n-6	Fatty acid 18:3 n-6	Fatty acid 18:3 n-4	Fatty acid 18:3 cis n-3	Fatty acid 18:3 n-3	Fatty acid 18:3 trans	Fatty acid 18:3	Fatty acid 20:3 (standardized)	Fatty acid 20:3 cis n-6	Fatty acid 20:3 cis n-3	Fatty acid 20:3	Fatty acid 20:3 n-9	Fatty acid 20:3 cis n-6	Fatty acid 20:3 n-6	Fatty acid 20:3 cis n-3	Fatty acid 20:3 n-3	Fatty acid 20:3	Fatty acid 22:3 (standardized)	Fatty acid 22:3 cis n-3	Fatty acid 22:3 cis n-6	Fatty acid 22:3 n-6	Fatty acid 22:3 cis n-3	Fatty acid 22:3	Fatty acid 16:4 (standardized)	Fatty acid 16:4 cis n-1	Fatty acid 16:4 n-3	Fatty acid 16:4 cis n-1	Fatty acid 16:4 cis	Fatty acid 16:4	Fatty acid 18:4 (standardized)	Fatty acid 18:4 cis n-3	Fatty acid 18:4 cis n-3	Fatty acid 18:4 n-3	Fatty acid 18:4	Fatty acid 20:4 (standardized)	Fatty acid 20:4 cis n-6	Fatty acid 20:4 n-6	Fatty acid 20:4 cis n-6	Fatty acid 20:4 n-6	Fatty acid 20:4 n-3	Fatty acid 20:4	Fatty acid 22:4 (standardized)	Fatty acid 22:4 cis n-6	Fatty acid 22:4 cis n-6	Fatty acid 22:4 n-6	Fatty acid 22:4 n-3	Fatty acid 22:4	Fatty acid 20:5 (standardized)	Fatty acid 20:5 cis n-3	Fatty acid 20:5 cis n-3	Fatty acid 20:5 n-3	Fatty acid 20:5	fatty acid 21:5 (standardized)	fatty acid 21:5 cis n-3	fatty acid 21:5 n-3	fatty acid 21:5	Fatty acid 22:5 (standardized)	Fatty acid 22:5 cis n-6	Fatty acid 22:5, cis, n-3	Fatty acid 22:5 cis n-6	Fatty acid 22:5 n-6	Fatty acid 22:5, cis, n-3	Fatty acid 22:5 n-3	Fatty acid 22:5	Fatty acid 22:6 (standardized)	Fatty acid 22:6, cis, n-3	Fatty acid 22:6, cis, n-3	Fatty acid 22:6 n-3	Fatty acid 22:6	Fatty acid 24:6 (standardized)	Fatty acid 24:6 n-3 (/100 g FA)	Fatty acid 24:6 (/100 g FA)","EDIBLE","<U+FEFF>ENERC - Calc. from energy-yielding components FAT, CHOAVLDF, PROTCNT, FIBTG [<U+FEFF>Equation 2. Energy (kcal/100 g EP) = total protein (g/100 g EP) x 4 + total fat (g/100 g EP) x 9 + available carbohydrates (g/100 g EP) x 4 + dietary fibre (g/100 g EP) x 2 + alcohol (g/100 g EP) x 7]","<U+FEFF>PROTCNT - Total protein (g/100 g EP) = total nitrogen (g/100 g EP) x nitrogen conversion factor (XN); Nitrogen - <U+FEFF>ISO 5983-2 (Kjeldhal Method)","<U+FEFF>CHOAVLDF - <U+FEFF>Available carbohydrates by difference (g/100 g EP) = 100 - water (g/100 g EP) - total fat (g/100 g EP) - total protein (g/100 g EP) - total dietary fibre (g/100 g EP) - ash (g/100 g EP)","FIBTG - Total dietary fibre: ASU L 00.00-18, mod. Method; <U+FEFF>Prosky and similar methods","FOLDFE - <U+FEFF>Dietary Folate Equivalents (DFE) (mcg/100 g EP) = mcg food folate + (1.7 * mcg folic acid); Total folate - <U+FEFF><U+FEFF><U+FEFF><U+FEFF>microbiological assay ( Not preferred/improper tagnames: FOLSUM, sum of vitamers determined by HPLC (marked with * in table)); FOLDF - Food folate and FOLAC - folic acid (syntethic) reported","no","<U+FEFF>microbiological assay","<U+FEFF>VITA_RAE; VITA - Total vitamin A activity expressed as Retinol Equivalent (RE) (mcg/100 g EP) = mcg retinol + 1/6 mcg ß-carotene + 1/12 mcg a-carotene + 1/12 mcg ß-cryptoxanthin; RETOL","<U+FEFF>L-ascorbic acid and L-dehydroascorbic acid; HPLC","no","<U+FEFF>SOP SGS TW 59 (plant foods); ISO 8070-IDF 119 (animal products); <U+FEFF>atomic absorption spectrometry (AAS); inductively coupled plasma (ICP); ICP-mass
spectrometry; colorimetric methods","<U+FEFF>SOP SGS TW 59 (plant foods); ISO 8070-IDF 119 (animal products); <U+FEFF>atomic absorption spectrometry (AAS); inductively coupled plasma (ICP); ICP-mass
spectrometry; colorimetric methods","<U+FEFF>SOP SGS TW 59 (plant foods); ISO 8070-IDF 119 (animal products); <U+FEFF>atomic absorption spectrometry (AAS); inductively coupled plasma (ICP); ICP-mass
spectrometry; colorimetric methods","<U+FEFF>SOP SGS TW 59 (plant foods); ISO 8070-IDF 119 (animal products); <U+FEFF>atomic absorption spectrometry (AAS); inductively coupled plasma (ICP); ICP-mass
spectrometry; colorimetric methods","<U+FEFF>PHYTCPPD - determined by direct precipitation","no","yes","yes","yes","yes","yes",NA,NA,NA,NA,NA,NA,NA,NA,NA,NA,NA,NA,NA,NA,NA,NA,NA,NA,NA,NA,NA,NA,NA
"Lesotho Food Composition Table (2006)","LSOFCT","Maleabua Monica Lephole (MAFS), Mmotena Christine Khaketla (Nutrition Division), Mamonaheng Elizabeth Monoto (Cabinet Office)","lso","Department of Agricultural Research Maseru",2006,"EN","pdf; xlsx","yes","http://www.fao.org/infoods/infoods/tables-and-databases/faoinfoods-databases/en/",NA,"chemical analysis, scientfic literature, FCT",283,38,"Edible conversion factor	Energy    kJ	Water       g	Carbo-    hydrates  g	Total Nitrogen  g	 Protein    g	Plant Protein     g	Animal Protein      g	Dietary Fibre        g	Ash          g	Fat           g	Choles-         terol          g	Fatty Acids			Starch      g	Total Sugar      g	CA-mg	FE-mg	MG-mg	P-mg	K-mg	NA-mg	ZN-mg	CU-mg	SE-mcg	MN-mcg	Vitamin    A_6         mcg	Carotene      mcg	Vitamin    D           mcg	Vitamin    E           mg	Thiamin         mg	Riboflavin       mg	Niacin           mg	Vitamin    B6         mg	Folate           mcg	Vitamin     C-mg; Satd-g; Mono-unsatd-g; Poly-unsatd-g","EDIBLE","<U+FEFF>ENERC - Calc. from energy-yielding components FAT, CHOAVLDF, PROTCNT, FIBTG [<U+FEFF>Equation 2. Energy (kcal/100 g EP) = total protein (g/100 g EP) x 4 + total fat (g/100 g EP) x 9 + available carbohydrates (g/100 g EP) x 4 + dietary fibre (g/100 g EP) x 2 + alcohol (g/100 g EP) x 7]","PROTCNT - <U+FEFF>Total protein (g/100 g EP) = total nitrogen (g/100 g EP) x nitrogen conversion factor (XN); NT- Nitrogen - Kjeldhal Method; PROPLA; PROANI","<U+FEFF>CHOAVLDF - Available carbohydrates by difference (g/100 g EP) = 100 - water (g/100 g EP) - total fat (g/100 g EP) - total protein (g/100 g EP) - total dietary fibre (g/100 g EP) - ash (g/100 g EP) - alcohol (when appliacable); STARCH; SUGAR","FIBTG - Method - <U+FEFF>Prosky method  (AOAC, 2000)","no",NA,"no","VITA - Vitamin A in retinol equivalents (mcg/100 g EP) = retinol (mcg/100 g EP) + 1/12 beta-carotene  (I.U./100 g EP)",NA,"no","AAS","AAS","AAS","AAS","no","no","yes","yes","yes","yes","yes",NA,NA,NA,NA,NA,NA,NA,NA,NA,NA,NA,NA,NA,NA,NA,NA,NA,NA,NA,NA,NA,NA,NA
"Food composition database for Mozambique, Version 2 (2011)","MOZFCT","Liisa Korkalo; Helena Hauta-alus; Marja Mutanen","moz","<U+FEFF>Department of Food and Environmental Sciences University of Helsinki, Finland",2011,"EN, MOZ","pdf","no",NA,NA,"chemical analysis, scientfic literature, FCT",NA,28,"Energy, kJ E, kJ; Energy, kcal Protein; Carbohydrate, available; Ash; Vitamin A, RAE (retinol activity equivalents); Vitamin E; Riboflavin; Pyridoxine; Vitamin B12; Sodium; Calcium; Phosphorus; Water; Fat, total; Dietary fibre, total Fibre; Alcohol; Retinol; Thiamine; Niacin; Folate; Vitamin C; Potassium; Magnesium; Zinc; Monounsaturated fatty acids; C18:2 fatty acids; Polyunsaturated fatty; Iron; Saturated fatty acids; beta-carotene; alpha-carotene; Cryptoxanthin; Lycopene; Lutein","no","ENERC2(kJ) - <U+FEFF> (protein, g*17)+(fat, total, g*37) +(carbohydrate, available, g*17) +(dietary fibre, g*8)+(alcohol, g*29). ENERC1(kcal) - Energy, kJ/4,184<U+FEFF>",NA,"<U+FEFF><U+FEFF>CHOAVLDF - Calculated as: 100 - (water, g + protein, g + fat, total, g + ash, g + alcohol, g + dietary fibre, g)",NA,NA,NA,NA,"VITA_RAE <U+FEFF>= <U+FEFF>(retinol, µg*1)+(beta-carotene, µg/12) +(alpha-carotene, µg/24)+(cryptoxhantin, µg/24)",NA,"no",NA,"no",NA,NA,"no","no","no","yes","no","yes","no",NA,NA,NA,NA,NA,NA,NA,NA,NA,NA,NA,NA,NA,NA,NA,NA,NA,NA,NA,NA,NA,NA,NA
"Nigeria Food Database 2019","NGAFDB",NA,"nga","UCH; UI ?",2019,"EN","xlsx","no","http://nigeriafooddata.ui.edu.ng/","Copyright © 2020 Dr R.A Sanusi.1.01",NA,281,29,"ENERC_kJ; ENERC_kcal; WATER_g; PROTCNT_g; FATCE_g; CHOCDF_g; FIB_g; ASH_g; Ca_mg; Fe_mg; Mg_mg; P_mg; K_mg; Na_mg; Zn_mg; Cu_mg; Mn_mg; VIT_A_RAE_mcg; RETOL_mcg; CARTB_mcg; VITDEQ_mcg; VITE_mg; THIA_mg; RIBF_mg; NIAEQ_mg; VIT_B6_mg; FOL_mcg; VITB12_mcg; VITC_mg","no","ENERC1, ENERC2","PROTCNT","CHOCDF - Total CHO by diference",NA,"no",NA,NA,"VITA_REA; RETOL",NA,"no",NA,"no",NA,NA,"no","no","no","no","no","no","no",NA,NA,NA,NA,NA,NA,NA,NA,NA,NA,NA,NA,NA,NA,NA,NA,NA,NA,NA,NA,NA,NA,NA
"SAFOODS. South Africa food composition table","SAFOODS",NA,"zaf",NA,2010,"EN","pdf",NA,"http://www.fao.org/infoods/infoods/tables-and-databases/south-africa-archives/en/ ; http://safoods.mrc.ac.za/","Payment required",NA,NA,NA,NA,NA,NA,NA,NA,NA,NA,NA,NA,NA,NA,NA,NA,NA,NA,NA,NA,NA,NA,NA,NA,NA,NA,NA,NA,NA,NA,NA,NA,NA,NA,NA,NA,NA,NA,NA,NA,NA,NA,NA,NA,NA,NA,NA,NA,NA
"Tanzania Food Composition Tables (English) (2008) First Ed.","TZAFCT","<U+FEFF>Zohra Lukmanji; Ellen Hertzmark; Nicolas Mlingi, Vincent Assey, Godwin Ndossi, Wafaie Fawzi","tza","<U+FEFF>Muhimbili University of Health and Allied Sciences (MUHAS), Dar es Salaam - Tanzania; Tanzania Food and Nutrition Centre (TFNC), Dar es Salaam - Tanzania; Harvard School of Pubic Health (HSPH), Boston, USA",2008,"EN, <U+FEFF>Swahili, FR, Portugues","pdf","yes","https://www.hsph.harvard.edu/nutritionsource/food-tables/","<U+FEFF>All the information in this document are the joint copy right of the Muhimbili University of Health and Allied Sciences, Tanzania Food and Nutrition Centre and Harvard School of Public Health. No new foods and recipes may be added without obtaining authors’ approval. Any part of this document may be copied and distributed freely and without permission for use in public health research and service programs. No part of this document should be copied and distributed for commercial purpose without the permission of the authors.","<U+FEFF>FCT (TFCT70; <U+FEFF>WFDAS)",NA,48,"<U+FEFF>Energy; Animal kcal; Total protein; Animal protein; *MFP protein; Total Fat; Carbohydrate by difference; Sucrose; Saturated fats; Monounsaturated fats; Polyunsaturated fats; Cholesterol; Fiber; Phytic acid; Vitamin A; Animal vitamin A; Vitamin D; Vitamin C; Vitamin E; Thiamine; Riboflavin; Niacin; Folate; Vitamin B6; Vitamin B12; Pantothenic Acid; Calcium; Phophorus; Magnesium; Potassium; Sodium; Iron; *MFP – iron; Zinc; Copper; Manganese;Tryptophan; Threonin; Isoleucine; Leucine; Lysine; Valine; Methionine; Cystine; Tyrosine; Phenylalanine; Arginine<U+FEFF>; Histidine","no","ENERTDF - <U+FEFF>4 kcal/g for protein, 9 kcal/g for fat, 4 kcal/g for total carbohydrate (i.e. available carbohydrate plus dietary fiber), and 7 kcal/g for alcohol - Not accounting different factor for fibre",NA,"<U+FEFF>CHOTDF - Total carbohydrates = 100 minus the sum of the figures for protein, fats, ash, water and alcohol (includes fibre).",NA,"no",NA,NA,"<U+FEFF>1 µg RAE = 1µg retinol = 3.33 IU = 12 µg ß carotene = 24 µg of other provitamin A carotenoid",NA,"no",NA,"no",NA,NA,NA,"no","no","no","yes","yes","r-w",NA,NA,NA,NA,NA,NA,NA,NA,NA,NA,NA,NA,NA,NA,NA,NA,NA,NA,NA,NA,NA,NA,NA
"A Food Composition Table for Central and Eastern Uganda (2012)","UGAFCT","Hotz, C., Lubowa, A., Sison, C., Moursi, M., & Loechl, C. (2012). A Food Composition Table for Central and Eastern Uganda. HarvestPlus Technical Monograph 9 (B).","uga","HarvestPlus",2012,"EN, UGA","pdf; xlsx","yes","https://www.harvestplus.org/node/562","Copyright HarvestPlus, 2012","FCT (USDA)",721,26,"water_g	dry_matter_g	energy_kcal	protein_g	lipid_total_g	carbohydrate_g	fiber_g	calcium_mg	iron_mg	zinc_mg	vit_c_mg	thiamin_mg	riboflavin_mg	niacin_mg	vit_b6_mg	folate_total_mcg	folic_acid_mcg	folate_food_mcg	folate_dfe_mcg	vit_b12_mcg	vit_a_iu	vit_a_rae_mcg	retinol_mcg	alpha_carot_mcg	beta_carot_mcg	beta_crypt_mcg","no","ENERC - Energy was calculated from proximates using the Atwater system of caloric factors","PROTCNT - <U+FEFF>protein was calculated from the amount of total nitrogen","CHOAVLDF - carbohydrate by the difference of 100 – the sum of the percent of water, protein, total lipid, ash, and alcohol.",NA,"FOLDFE - <U+FEFF>calculated as food folate + (folic acid x 1.7); also reported FOLAC - folic acid; FOLDF - food folate","<U+FEFF>FOL - total folate (sum of food folate and folic acid)",NA,"VITA_IU; VITA_RAE - conversion factors from VITA_UI to VITA_RAE (mcg) - From plants (carotenoids) - <U+FEFF>Vitamin A RAE = Vitamin A IU ÷ 20; From animals and biofortification (retinol) - <U+FEFF>Vitamin A RAE = Vitamin A IU ÷ 3.33; Additional conversion table for diferent components (micrograms); 'RETOL', 'CARTA', 'CRYPXB',",NA,"no",NA,"no",NA,NA,"no","no","no","no","yes","yes","r-w, hybrid",NA,NA,NA,NA,NA,NA,NA,NA,NA,NA,NA,NA,NA,NA,NA,NA,NA,NA,NA,NA,NA,NA,NA
"FAO/INFOODS Global food composition database for fish and shellfish – version 1.0 (uFiSh1.0)","uFish","Doris Rittenschober, Anders Møller, Barbara Stadlmayr, Sarah Najera Espinosa; U. Ruth Charrondiere","international","Food and Agriculture Organization of the United Nations",2016,"EN","pdf; xlsx","yes","http://www.fao.org/infoods/infoods/tables-and-databases/faoinfoods-databases/en/","FAO, 2016 FAO encourages the use, reproduction and dissemination of material in this information
product. Except where otherwise indicated, material may be copied, downloaded and printed
for private study, research and teaching purposes, or for use in non-commercial products or
services, provided that appropriate acknowledgement of FAO as the source and copyright
holder is given and that FAO’s endorsement of users’ views, products or services is not implied
in any way.","scientific literature, unpublished information  (INFOOD listserv), FCT",515,181,"EDIBLE1 EDIBLE2	ENERC(kJ)	ENERC(kcal)	WATER(g)	NT(g)	PROTCNT(g)	FAT(g)	CHOAVLDF(g)	FIBTG(g)	CHOLE(mg)	ASH(g)	CA(mg)	CU(mg)	FE(mg)	K(mg)	MG(mg)	NA(mg)	P(mg)	ZN(mg)	ID(mcg)	SE(mcg)	RETOL(mcg)	CARTB(mcg)	CHOCAL(mcg)	TOCPHA(mg)	THIA(mg)	RIBF(mg)	NIAEQ(mg)	NIA(mg)	PANTAC(mg)	VITB6C(mg)	FOL(mcg)	VITB12(mcg)	VITC(mg)	ALA(mg)	ARG(mg)	ASP(mg)	CYS(mg)	GLU(mg)	GLY(mg)	HIS(mg)	ILE(mg)	LEU(mg)	LYS(mg)	MET(mg)	PHE(mg)	PRO(mg)	SER(mg)	THR(mg)	TRP(mg)	TYR(mg)	VAL(mg)	XFA	FACID(g)	FASAT(g)	FAMS(g)	FAPU(g)	FAUN(g)	FATRN(g)	FAPUN3(g)	FAPUN6(g)	F4D0(g)	F6D0(g)	F8D0(g)	F10D0(g)	F12D0(g)	F13D0(g)	F14D0(g)	F15D0(g)	F16D0(g)	F17D0(g)	F18D0(g)	F19D0(g)	F20D0(g)	F21D0(g)	F22D0(g)	F23D0(g)	F24D0(g)	F26D0(g)	F30D0(g)	F10D1(g)	F14D1N7(g)	F14D1(g)	F15D1(g)	F16D1N9(g)	F16D1N7(g)	F16D1N5(g)	F16D1C(g)	F16D1T(g)	F16D1(g)	F17D1N9(g)	F17D1N7(g)	F17D1C(g)	F17D1(g)	F18D1N11(g)	F18D1CN9(g)	F18D1TN9(g)	F18D1N9(g)	F18D1CN7(g)	F18D1N7(g)	F18D1N5(g)	F18D1C(g)	F18D1T(g)	F18D1(g)	F19D1(g)	F20D1CN11(g)	F20D1N11(g)	F20D1CN9(g)	F20D1N9(g)	F20D1N7(g)	F20D1C(g)	F20D1(g)	F22D1N11(g)	F22D1N9(g)	F22D1C(g)	F22D1T(g)	F22D1(g)	F24D1N9(g)	F24D1C(g)	F24D1(g)	F16D2N6(g)	F16D2N4(g)	F16D2(g)	F17D2(g)	F18D2CN6(g)	F18D2N6(g)	F18D2CLA(g)	F18D2C(g)	F18D2T(g)	F18D2(g)	F20D2N9(g)	F20D2CN6(g)	F20D2N6(g)	F20D2C(g)	F20D2(g)	F22D2N6(g)	F22D2(g)	F16D3N3(g)	F16D3(g)	F18D3CN6(g)	F18D3N6(g)	F18D3N4(g)	F18D3CN3(g)	F18D3N3(g)	F18D3(g)	F20D3N9(g)	F20D3CN6(g)	F20D3N6(g)	F20D3N3(g)	F20D3(g)	F22D3N6(g)	F22D3(g)	F16D4N3(g)	F16D4C(g)	F16D4(g)	F18D4CN3(g)	F18D4N3(g)	F18D4(g)	F20D4CN6(g)	F20D4N6(g)	F20D4N3(g)	F20D4(g)	F22D4CN6(g)	F22D4N6(g)	F22D4N3(g)	F22D4(g)	F20D5CN3(g)	F20D5N3(g)	F20D5(g)	F21D5N3	F21D5(g)	F22D5N6(g)	F22D5CN3(g)	F22D5N3(g)	F22D5(g)	F22D6CN3(g)	F22D6N3(g)	F22D6(g)	F24D6N3(g)	F24D6(g)","EDIBLE1; EDIBLE2","ENERC - Calc. from energy-yielding components FAT, CHOAVLDF, PROTCNT, FIBTG (see equations 1 & 2 in User Guide)","PROTCNT- Calc. from NT using nitrogen-to-protein factor 6.25 (see equation 3 in User Guide)","CHOAVLDF - Calc. from proximates WATER, FAT, PROTCNT, ASH, FIBTG (see equation 4 in User Guide)",NA,"FOLDFE - microbiological assay; Not preferred/improper tagnames: FOLSUM, sum of vitamers determined by HPLC; FOL-, method unknown or variable (marked with * in table).","no",NA,NA,NA,NA,NA,NA,NA,NA,"no","no","yes","yes","yes","yes","no",NA,NA,NA,NA,NA,NA,NA,NA,NA,NA,NA,NA,NA,NA,NA,NA,NA,NA,NA,NA,NA,NA,NA
"FAO/INFOODS Global food composition database for pulses – version 1.0 (uPulses1.0)","uPulses","<U+FEFF>Fernanda Grande, Barbara Stadlmayr, Morgane Fialon, Sergio Dahdouh,
Doris Rittenschober, T Longvah & U. Ruth Charrondiere","international","Food and Agriculture Organization of the United Nations",2017,"EN","pdf; xlsx","yes","http://www.fao.org/infoods/infoods/tables-and-databases/faoinfoods-databases/en/","FAO, 2017 FAO encourages the use, reproduction and dissemination of material in this information
product. Except where otherwise indicated, material may be copied, downloaded and printed
for private study, research and teaching purposes, or for use in non-commercial products or
services, provided that appropriate acknowledgement of FAO as the source and copyright
holder is given and that FAO’s endorsement of users’ views, products or services is not implied
in any way.","scientific literature, unpublished information  (INFOOD listserv), FCT",177,61,"ENERC(kJ)	ENERC(kcal)	WATER(g)	NT(g)	PROTCNT(g)	CHOAVLDF(g)	FIBTG(g)	FATCE(g)	CHOLE(mg)	FACID(g)	FASAT(g)	FAMS(g)	FAPU(g)	ASH(g)	CA(mg)	CU(mg)	FE(mg)	K(mg)	MG(mg)	MN(mg)	NA(mg)	P(mg)	ZN(mg)	THIA(mg)	RIBF(mg)	NIA(mg)	NIAEQ(mg)	VITB6C(mg)	VITB12(mcg)	VITC(mg)	FOL(mcg)	VITA(mcg)	VITA_RAE(mcg)	RETOL(mcg)	CARTBEQ(mcg)	CARTA(mcg)	CARTB(mcg)	CRYPXB(mcg)	TOCPHA(mg)	ALA(mg)	ARG(mg)	ASP(mg)	CYS(mg)	GLU(mg)	GLY(mg)	HIS(mg)	ILE(mg)	LEU(mg)	LYS(mg)	MET(mg)	PHE(mg)	PRO(mg)	SER(mg)	THR(mg)	TRP(mg)	TYR(mg)	VAL(mg)	IP3(mg)	IP4(mg)	IP5(mg)	IP6(mg)","no","ENERC - Calc. from energy-yielding components FAT, CHOAVLDF, PROTCNT, FIBTG (<U+FEFF>Equation 2. Energy (kcal/100 g EP) = total protein (g/100 g EP) x 4 + total fat (g/100 g EP) x 9)
+ available carbohydrates (g/100 g EP) x 4 + dietary fibre (g/100 g EP) x 2 + alcohol (g/100 g EP) x 7","PROTCNT - Calc. from NT using nitrogen-to-protein factor 6.25 <U+FEFF>
Equation 3. Total protein (g/100 g EP) = total nitrogen (g/100 g EP) x 6.25) - Nitrogen - <U+FEFF>Kjeldahl method","CHOAVLDF - Calc. from proximates WATER, FAT, PROTCNT, ASH, FIBTG (<U+FEFF>Available carbohydrates by difference (g/100 g EP) = 100 - water (g/100 g EP) -total fat (g/100 g EP) - total protein (g/100 g EP) - total dietary fibre (g/100 g EP) - ash (g/100
g EP))","FIBTG - AOAC Prosky method","FOLDFE - microbiological assay; Not preferred/improper tagnames: FOLSUM, sum of vitamers determined by HPLC; FOL-, method unknown or variable (marked with * in table).","no",NA,"VITA = Total vitamin A activity expressed as Retinol Equivalent (RE) (mcg/100 g EP) = retinol + 1/6 mcg beta - carotene + 1/12 mcg a-carotene + 1/12 mcg beta-cryptoxanthin ; VITA_RAE = <U+FEFF>Total vitamin A activity expressed as Retinol Activity Equivalent (RAE) (mcg/100 g EP) = mcg retinol + 1/12 mcg beta- carotene + 1/24 mcg a-carotene + 1/24 mcg beta-cryptoxanthin",NA,"no","AAS, ICP, colorimetric","no","AAS, ICP, colorimetric","AAS, ICP, colorimetric","IP3; IP4; IP5; IP6; Not preferred tagnames: PHYTCPPD, phytic acid, determined by direct preciptation; PHYTCPP, phytic acid, calc. from phytate phosphorus, anion exchange method; PHYTPPI, Phytate, determined by indirect preciptation","no","yes","yes","yes","yes","no",NA,NA,NA,NA,NA,NA,NA,NA,NA,NA,NA,NA,NA,NA,NA,NA,NA,NA,NA,NA,NA,NA,NA
"Supplementary Table 2. Food mineral composition data from literature sources, used in conjunction with Food Balance Sheets (FBSs) to estimate dietary mineral availability","regional-fct","Edward J. M. Joy, E. Louise Ander, Scott D. Young, Colin R. Black, Michael J. Watts, Allan D. C. Chilimba, Benson Chilima, Edwin W. P. Siyame, Alexander A. Kalimbira, Rachel Hurst, Susan J. Fairweather-Tait, Alexander J. Stein, Rosalind S. Gibson, Philip J. White, Martin R. Broadley","sub-Saharan Africa","British Geological Survey, University of Nottingham",2014,"EN","xlsx","Joy et al, 2014. Physiologia Plantarum, Volume 151, Issue3, Pages 208-229","https://doi.org/10.1111/ppl.12144","This is an open access article under the terms of the Creative Commons Attribution License, which permits use, distribution and reproduction in any medium, provided the original work is properly cited.","scientific literature, FCT",NA,NA,NA,NA,NA,NA,NA,NA,NA,NA,NA,NA,NA,NA,NA,NA,NA,NA,NA,NA,NA,NA,NA,NA,NA,NA,NA,NA,NA,NA,NA,NA,NA,NA,NA,NA,NA,NA,NA,NA,NA,NA,NA,NA,NA,NA,NA,NA
