,X,ID_0,FoodName_0,ID_1,FoodName_1,ID_2,FoodName_2,ID_3,FE2_3,FoodName_3,Description1,Desc1.ref,Description2
1,1,CE,Cereals,2511,wheat and products,111,wheat,111.01,A001N#F10.A06HR,"wheat grain, unrefined",,,
2,2,CE,Cereals,2511,wheat and products,111,wheat,111.02,A001N#F10.A07XK,"wheat grain, refined",,,
3,3,CE,Cereals,2511,wheat and products,23110,wheat and meslin flour ,23110.01,A004B#F02.A067Z$F27.A001M$F28.A0C0A$F10.A06HR$F03.A06JD,"wheat flour, unrefined","Flour of Wheat: Defined broadly to include meal, groats and pellets. Strong flours from hard wheat are used for bread, while durum wheat flour is used primarily for pasta. Weaker flours from soft wheat are mainly used in cakes, pastries, biscuits and certain noodles.",FAOSTAT Commodity List (FCL),
4,4,CE,Cereals,2511,wheat and products,23110,wheat and meslin flour ,23110.02,A003Y#F02.A067Z$F27.A001M$F28.A0C0A$F10.A07XK$F03.A06JD,"wheat flour, refined","Flour of Wheat: Defined broadly to include meal, groats and pellets. Strong flours from hard wheat are used for bread, while durum wheat flour is used primarily for pasta. Weaker flours from soft wheat are mainly used in cakes, pastries, biscuits and certain noodles.",FAOSTAT Commodity List (FCL),
5,5,CE,Cereals,2511,wheat and products,23180,mixes and doughs for the preparation of bakers' wares,,,,,,
6,6,CE,Cereals,2511,wheat and products,23710,"uncooked pasta, not stuffed or otherwise prepared",23710.01,A007L#F28.A07HS,"pasta, dried, raw",,,
7,7,CE,Cereals,2511,wheat and products,23140.01,germ of wheat [only calories),,,,,,
8,8,CE,Cereals,2511,wheat and products,23140.02,bulgur,,,,,,
9,9,CE,Cereals,2511,wheat and products,23140.03,breakfast cereals,23140.03.01,A00EM#F02.A068E$F27.A000L$F28.A07LG,"breakfast cereal, flakes",,,
10,9,CE,Cereals,2511,wheat and products,23140.03,breakfast cereals,23140.03.02,A00EL#F02.A06DZ$F04.A000L,"breakfast cereals, muesli mix",,,
11,10,CE,Cereals,2511,wheat and products,23220.01,starch of wheat ,,,,,,
12,11,CE,Cereals,2511,wheat and products,23220.02,wheat gluten [only calories],,,,,,
13,12,CE,Cereals,2511,wheat and products,23490.01,"communion wafers, empty cachets of a kind suitable for pharmaceutical use, sealing wafers, rice paper and similar products.",,,,,,
14,13,CE,Cereals,2511,wheat and products,23999.02,"food preparations of flour, meal or malt extract",,,,,,
15,14,CE,Cereals,2511,wheat and products,39120.01,bran of wheat [only calories],,,,,,
16,15,CE,Cereals,2511,wheat and products,F0020,bread,F0020.01,A004Y#F02.A06CN$F04.A001M$F10.A07XK,"bread, wheat flour, refined",,,
17,15,CE,Cereals,2511,wheat and products,F0020,bread,F0020.02,A005E#F02.A06CN$F04.A001M$F10.A06HR,"bread, wheat flour, unrefined",,,
18,16,CE,Cereals,2511,wheat and products,F0022,pastry,F0022.01,A00BL#F02.A06DQ$F28.A07GX$F12.A008L,buns,,,
19,16,CE,Cereals,2511,wheat and products,F0022,pastry,F0022.02,A00CM#F02.A06DT$F28.A0BA1,scones,,,
20,16,CE,Cereals,2511,wheat and products,F0022,pastry,F0022.03,A009X#F02.A06DN,"biscuits, sweet, plain",,,
21,16,CE,Cereals,2511,wheat and products,F0022,pastry,F0022.04,A16FY#F02.A06DQ$F28.A07GR$F12.A008L,"dough, sweet, fried",,,
22,16,CE,Cereals,2511,wheat and products,F0022,pastry,F0022.05,A16FH#F04.A03YD,"samosa, vegetable",,,
23,16,CE,Cereals,2511,wheat and products,F0022,pastry,F0022.06,A16FH#F04.A01TQ,"samosa, meat",,Lamb/beef,
24,16,CE,Cereals,2511,wheat and products,F0022,pastry,F0022.06,A00BA#F04.A01LC,"cake, banana",,,
25,17,CE,Cereals,2805,rice and products,113,rice,,,,"Rice, paddy: Rice grain after threshing and winnowing.Also known as rice in the husk and rough rice. Used mainly for human food.",FAOSTAT Commodity List (FCL),
26,18,CE,Cereals,2805,rice and products,23162,husked rice,,,,"Rice, Husked: Rice grain without hulls or husks. Also known as brown or cargo rice.",FAOSTAT Commodity List (FCL),
27,19,CE,Cereals,2805,rice and products,23120.01,flour of rice,23120.01.01,A003F#F10.A0F2R,"rice flour, white",,,
28,20,CE,Cereals,2806,rice and products,23121.01,flour of rice,23120.01.02,A003F#F10.A0F5H,"rice flour, yellow",,,
29,21,CE,Cereals,2805,rice and products,23161.01,"rice, milled (husked) ",23161.01.01,A001D#F28.A07HS$F10.A0F2R,"rice grain, white, raw","Rice, Milled (Husked): White rice milled from imported husked rice. Includes semi-milled, whole-milled and parboiled rice.",FAOSTAT Commodity List (FCL),
30,22,CE,Cereals,2805,rice and products,23161.02,"rice, milled ",23161.02.01,A001D#F28.A07HS$F10.A0F2R,"rice grain, white, raw","Rice, Milled: White rice milled from locally grown paddy. Includes semi-milled, whole-milled and parboiled rice.",FAOSTAT Commodity List (FCL),
31,23,CE,Cereals,2805,rice and products,23161.03,"rice, broken",,,,"Rice, Broken: Residues from the selection of whole-grain, milled rice.",FAOSTAT Commodity List (FCL),
32,24,CE,Cereals,2805,rice and products,23220.03,starch of rice ,,,,"Starch of Rice: See 0023 Rice starch is usually obtained from broken rice. Use primarily in the photographic industry to prepare ""matt"" paper.",FAOSTAT Commodity List (FCL),
33,25,CE,Cereals,2805,rice and products,39120.02,bran of rice [only calories],,,,"Bran of Rice: A by-product of polishing brown rice, comprising the pericarp, aleurone layer, embryo and some endosperm.",FAOSTAT Commodity List (FCL),
34,26,CE,Cereals,2805,rice and products,39130.01,"rice, gluten [only calories]",,,,"Rice, Gluten: A by-product of the industrial production of starch. Not suitable for food use.",FAOSTAT Commodity List (FCL),
35,27,CE,Cereals,2513,barley and products,115,barley,,,,,,
36,28,CE,Cereals,2513,barley and products,24320,"malt, whether or not roasted",,,,,,
37,29,CE,Cereals,2513,barley and products,23120.02,barley flour and grits [only calories],,,,,,
38,30,CE,Cereals,2513,barley and products,23140.04,pot barley ,,,,,,
39,31,CE,Cereals,2513,barley and products,23140.05,"barley, pearled",23140.05.01,A002K#F02.A066Q$F01.A059D$F27.A000P$F28.A0BZV,"barley grain, pearled",,,
40,32,CE,Cereals,2513,barley and products,23999.01,malt extract,,,,,,
41,33,CE,Cereals,2513,barley and products,39120.03,bran of barley [only calories],,,,,,
42,34,CE,Cereals,2514,maize and products (including white maize),112,maize (corn),112.01,A000T#F28.A07HS$F28.A07KG$F10.A0F2R,"maize, grain, white, dried, raw",,,
43,34,CE,Cereals,2514,maize and products (including white maize),112,maize (corn),112.02,A000T#F28.A07HS$F28.A07KG$F10.A0F5H,"maize, grain, yellow, dried, raw",,,
44,34,CE,Cereals,2514,maize and products (including white maize),112,maize (corn),112.03,A00DC,popcorn,,,
45,36,CE,Cereals,2514,maize and products (including white maize),23120.03,flour of maize,23120.03.01,A002Q#F28.A07HS$F10.A0F2R$F10.A06HR,"maize, flour, white, unrefined, non-fermented, raw",,,No code for 'non-fermented'
46,36,CE,Cereals,2514,maize and products (including white maize),23120.03,flour of maize,23120.03.02,A002Q#F28.A07HS$F10.A0F2R$F10.A07XK,"maize, flour, white, refined, non-fermented, raw",,,No code for 'non-fermented'
47,37,CE,Cereals,2514,maize and products (including white maize),23140.06,germ of maize [only calories],,,,,,
48,38,CE,Cereals,2514,maize and products (including white maize),23220.04,starch of maize,,,,,,
49,39,CE,Cereals,2514,maize and products (including white maize),39120.04,bran of maize [only calories],39120.04.01,A002C#F27.A000T$F28.A0C0A$F28.A07HS$F03.A06JD,"maize bran, flour, raw ",,,
50,40,CE,Cereals,2514,maize and products (including white maize),39130.02,maize gluten [only calories],,,,,,
51,41,CE,Cereals,2514,maize and products (including white maize),39130.04,gluten feed and meal,,,,,,
52,42,CE,Cereals,2515,rye and products,116,rye,116.01,A001K#F28.A07HS$F10.A06HR,"rye grain, unrefined, raw ",,,
53,43,CE,Cereals,2515,rye and products,23120.04,flour of rye,,,,,,
54,44,CE,Cereals,2515,rye and products,39120.05,bran of rye [only calories],,,,,,
55,45,CE,Cereals,2516,oats and products,117,oats,,,,,,
56,46,CE,Cereals,2516,oats and products,23140.07,"oats, rolled",23140.07.01,A00DH#F02.A068G$F27.A000G$F28.A07LH,"oats, rolled",,,
57,47,CE,Cereals,2516,oats and products,39120.06,bran of oats [only calories],,,,,,
58,48,CE,Cereals,2517,millet and products,118,millet,118.01,A001B#F02.A066Q$F01.A059M$F27.A001B,"millet, grain",,,
59,49,CE,Cereals,2517,millet and products,118,millet,118.02,A000B#F02.A066Q$F01.A059N$F27.A000B,"finger millet,  grain",,,
60,50,CE,Cereals,2517,millet and products,118,millet,118.03,A001A#F02.A066Q$F01.A059L$F27.A001A,"pearl millet,  grain",,,
61,51,CE,Cereals,2517,millet and products,23120.05,flour of millet,,,,,,
62,52,CE,Cereals,2517,millet and products,39120.07,bran of millet [only calories],,,,,,
63,53,CE,Cereals,2518,sorghum and products,114,sorghum,114.01,A001L#F28.A07HS,"sorghum grain, raw",,,
64,54,CE,Cereals,2518,sorghum and products,23120.06,flour of sorghum,,,,,,
65,55,CE,Cereals,2518,sorghum and products,39120.08,bran of sorghum [only calories],,,,,,
66,56,CE,Cereals,2520,"cereals, other and products",1191,triticale,,,,,,
67,57,CE,Cereals,2520,"cereals, other and products",1192,buckwheat,,,,,,
68,58,CE,Cereals,2520,"cereals, other and products",1193,fonio,1193.01,A0CGK#F28.A07HS$F10.A06HR,"fonio grain, black, unrefined, raw",,,
69,59,CE,Cereals,2520,"cereals, other and products",1193,fonio,1193.02,A0CGK#F28.A07HS$F10.A07XK,"fonio grain, black, refined, raw",,,
70,60,CE,Cereals,2520,"cereals, other and products",1193,fonio,1193.03,A001Z#F28.A07HS$F10.A06HR,"fonio grain, white, unrefined, raw",,,
71,61,CE,Cereals,2520,"cereals, other and products",1193,fonio,1193.04,A001Z#F28.A07HS$F10.A07XK,"fonio grain, white, refined, raw",,,
72,62,CE,Cereals,2520,"cereals, other and products",1194,quinoa,,,,,,
73,63,CE,Cereals,2520,"cereals, other and products",1195,canary seed,,,,,,
74,64,CE,Cereals,2520,"cereals, other and products",1199.02,mixed grain,,,,,,
75,65,CE,Cereals,2520,"cereals, other and products",1199.9,other cereals n.e.c.,,,,,,
76,66,CE,Cereals,2520,"cereals, other and products",23120.07,flour of buckwheat,,,,,,
77,67,CE,Cereals,2520,"cereals, other and products",23120.08,flour of fonio,,,,,,
78,68,CE,Cereals,2520,"cereals, other and products",23120.09,flour of triticale,,,,,,
79,69,CE,Cereals,2520,"cereals, other and products",23120.1,flour of mixed grain,,,,,,
80,70,CE,Cereals,2520,"cereals, other and products",23120.9,flour of cereals nes,,,,,,
81,71,CE,Cereals,2520,"cereals, other and products",23140.08,cereal preparations,,,,,,
82,72,CE,Cereals,2520,"cereals, other and products",39120.09,bran of buckwheat [only calories],,,,,,
83,73,CE,Cereals,2520,"cereals, other and products",39120.1,bran of fonio [only calories],,,,,,
84,74,CE,Cereals,2520,"cereals, other and products",39120.11,bran of triticale [only calories],,,,,,
85,75,CE,Cereals,2520,"cereals, other and products",39120.12,bran of mixed grain [only calories],,,,,,
86,76,CE,Cereals,2520,"cereals, other and products",39120.13,bran of cereals nes [only calories],,,,,,
87,77,RT,Roots and Tubers,2531,potatoes and products,1510,potatoes,1510.01,A00ZT#F28.A07HS,"potatoes, raw",,,
88,77,RT,Roots and Tubers,2531,potatoes and products,1510,potatoes,1510.02,A0BYS#F02.A0EPT$F28.A07GV$F28.A07KV$F04.A00ZT,"potato, crisps",,,
89,78,RT,Roots and Tubers,2531,potatoes and products,21313,"potatoes, frozen",,,,,,
90,79,RT,Roots and Tubers,2531,potatoes and products,21392,"flour, meal, powder, flakes, granules and pellets of potatoes",,,,,,
91,80,RT,Roots and Tubers,2531,potatoes and products,23220.05,starch of potatoes,,,,,,
92,81,RT,Roots and Tubers,2531,potatoes and products,23230.01,tapioca of potatoes,,,,,,
93,82,RT,Roots and Tubers,2533,sweet potatoes and products,1530,sweet potatoes,1530.01,A010C#F28.A07HS$F10.A0F2R,"sweet potato, white-flesh, raw",Nutritional disaggregation,,vitamin A
94,83,RT,Roots and Tubers,2533,sweet potatoes and products,1530,sweet potatoes,1530.02,A010C#F28.A07HS$F10.A0F5J,"sweet potatoes, orange-flesh, raw",Nutritional disaggregation,,vitamin A
95,84,RT,Roots and Tubers,2533,sweet potatoes and products,1530,sweet potatoes,1530.03,A010C#F28.A07HS$F10.A16ZX,"sweet potatoes, purple-flesh, raw",Nutritional disaggregation,,vitamin A
96,84,RT,Roots and Tubers,2533,sweet potatoes and products,1530,sweet potatoes,1530.04,A010C#F28.A07GL$F10.A0F2R,"sweet potato, white-flesh, boiled",,,
97,84,RT,Roots and Tubers,2533,sweet potatoes and products,1530,sweet potatoes,1530.05,A010C#F28.A07GY$F10.A0F2R,"sweet potato, white-flesh, roasted",,,
98,84,RT,Roots and Tubers,2533,sweet potatoes and products,1530,sweet potatoes,1530.06,A010C#F28.A07GL$F10.A0F5J,"sweet potatoes, orange-flesh, boiled",,,
99,84,RT,Roots and Tubers,2533,sweet potatoes and products,1530,sweet potatoes,1530.07,A010C#F28.A07GY$F10.A0F5J,"sweet potatoes, orange-flesh, roasted",,,
100,85,RT,Roots and Tubers,2532,cassava and products,1520.01,"cassava, fresh",01520.01.01,A00ZZ#F28.A07HS,"cassava root, raw",,,
101,85,RT,Roots and Tubers,2532,cassava and products,1520.01,"cassava, fresh",01520.01.02,A00ZZ#F28.A07GL,"cassava root, boiled",,,
102,85,RT,Roots and Tubers,2532,cassava and products,1520.01,"cassava, fresh",01520.01.03,A00ZZ#F28.A07GY,"cassava root, roasted",,,
103,86,RT,Roots and Tubers,2532,cassava and products,1520.02,"cassava, dried",,,,,,
104,87,RT,Roots and Tubers,2532,cassava and products,23170.01,flour of cassava,23170.01,A16RD#F27.A00ZZ$F28.A07HS$F28.A07LA$F03.A06JD,"cassava, flour, raw",,,
105,88,RT,Roots and Tubers,2532,cassava and products,23220.06,starch of cassava,,,,,,
106,89,RT,Roots and Tubers,2532,cassava and products,23230.02,tapioca of cassava,,,,,,
107,90,RT,Roots and Tubers,2535,yams and products,1540,yams,1540.01,A010D#F28.A07HS,"yams, raw",,,
108,91,RT,Roots and Tubers,2534,"roots, other and products",1550,taro ,1550.01,A010B#F28.A07HS,"taros, raw",,,
109,92,RT,Roots and Tubers,2534,"roots, other and products",1591,yautia ,1591.01,A010A#F28.A07HS,"yautia, raw",Also called tannias,,
110,93,RT,Roots and Tubers,2534,"roots, other and products",1599.1,"edible roots and tubers with high starch or inulin content, n.e.c., fresh",,,,,,
111,94,RT,Roots and Tubers,2534,"roots, other and products",1599.2,"edible roots and tubers with high starch or inulin content, n.e.c., dry",,,,,,
112,95,RT,Roots and Tubers,2534,"roots, other and products",23170.02,flour of roots and tubers nes,,,,,,
113,96,OT,Other foods,2536,sugar cane and products,1802,sugar cane,1802.01,A010V#F02.A0ELH$F01.A05QL$F27.A010V,sugar canes,,,
114,97,OT,Other foods,2537,sugar beet and products,1801,sugar beet,1801.01,A010T#F28.A07HS,"beetroots, sugar, raw",,,
115,98,NA,NA,2541,sugar non-centrifugal and products,23511.02,"cane sugar, non-centrifugal",23511.02.01,A033Z#F27.A010V,"syrups, sugar cane","Sugar, Non-Centrifugal: Generally derived from sugar cane through traditional methods without centrifugation.",FAOSTAT Commodity List (FCL),
116,99,OT,Other foods,2542,sugar (raw equivalent) and products,23512,beet sugar,,,,,,
117,100,OT,Other foods,2542,sugar (raw equivalent) and products,23520,refined sugar,23520.01,A032J#F02.A0EPY$F28.A0C04$F28.A0BZT$F10.A07XK,"sugar, white","Sugar, Refined: Production covers domestic production, plus or minus imports and/or exports of raw centrifugal sugar in terms of refined sugar.",FAOSTAT Commodity List (FCL),
118,101,OT,Other foods,2542,sugar (raw equivalent) and products,23511.01,"cane sugar, centrifugal",,,,,,
119,102,OT,Other foods,2542,sugar (raw equivalent) and products,2351F,raw cane or beet sugar (centrifugal only),,,,,,
120,103,OT,Other foods,2542,sugar (raw equivalent) and products,23670.01,sugar confectionery,23670.01.01,A034X#F02.A06EP$F04.A032H$F04.A033R$F10.A0CJP,"candies, hard",,,
121,103,OT,Other foods,2542,sugar (raw equivalent) and products,23670.01,sugar confectionery,23670.01.02,A036K#F02.A06ES$F04.A03DK,flavoured ice,,,
122,104,OT,Other foods,2745,honey and products,2910,natural honey,2910.01,A033M#F02.A06EF$F01.A04TG$F27.A033M$F28.A0CRJ,honey,,,
123,105,OT,Other foods,2543,"sweeteners, other and products",1809,other sugar crops n.e.c.,,,,,,
124,106,OT,Other foods,2543,"sweeteners, other and products",23530,"refined cane or beet sugar, in solid form, containing added flavouring or colouring matter; maple sugar and maple syrup",,,,,,
125,107,OT,Other foods,2543,"sweeteners, other and products",23540,"molasses (from beet, cane and maize) [only calories]",,,,,,
126,108,OT,Other foods,2543,"sweeteners, other and products",24490,other non-alcoholic caloric beverages n.e.c,24490.01,A03GE#F02.A0F0Q$F28.A07KF,"sugar sweetned beverage, concentrate",,,
127,108,OT,Other foods,2543,"sweeteners, other and products",24490,other non-alcoholic caloric beverages n.e.c,24490.02,A03FR#F02.A0ENS$F10.A0CQG,"sugar sweetned beverage, cola",,,
128,109,OT,Other foods,2543,"sweeteners, other and products",23210.01,"fructose, chemically pure",23210.01.01,A032T#F03.A06JD,"fructose, powder",,,
129,110,OT,Other foods,2543,"sweeteners, other and products",23210.02,"maltose, chemically pure",,,,,,
130,111,OT,Other foods,2543,"sweeteners, other and products",23210.03,other fructose and syrup,,,,,,
131,112,OT,Other foods,2543,"sweeteners, other and products",23210.04,sugar and syrups nes,,,,,,
132,113,OT,Other foods,2543,"sweeteners, other and products",23210.05,glucose and dextrose,,,,,,
133,114,OT,Other foods,2543,"sweeteners, other and products",23210.06,lactose,,,,,,
134,115,OT,Other foods,2543,"sweeteners, other and products",23210.08,isoglucose,,,,,,
135,116,PB,Pulses and Beans,2546,beans and products,1701,"beans, dry",1701.01,A012S#F28.A07HS,"beans, dried, raw",,,
136,117,PB,Pulses and Beans,2546,beans and products,1701,"beans, dry",1701.02,A012T#F28.A07HS,"common beans, dried, raw",,,
137,118,PB,Pulses and Beans,2546,beans and products,1701,"beans, dry",1701.03,A012V#F28.A07HS,"kidney beans, dried, raw",,,
138,119,PB,Pulses and Beans,2547,peas and products,1705,"peas, dry",1705.01,A013J#F28.A07HS,"peas, dried, raw",,,
139,120,PB,Pulses and Beans,2549,"pulses, other and products",1702,"broad beans and horse beans, dry",,,,,,
140,121,PB,Pulses and Beans,2549,"pulses, other and products",1703,"chick peas, dry",,,,,,
141,122,PB,Pulses and Beans,2549,"pulses, other and products",1704,"lentils, dry",1704.01,A013Q#F28.A07HS,"lentils, dried, raw",,,
142,123,PB,Pulses and Beans,2549,"pulses, other and products",1706,"cow peas, dry",1706.01,A013N#F28.A07HS,"cow peas, dried, raw",,,
143,124,PB,Pulses and Beans,2549,"pulses, other and products",1706,"cow peas, dry",1706.02,A013N#F28.A07HS,"black eye peas, dried, raw",,,
144,125,PB,Pulses and Beans,2549,"pulses, other and products",1707,"pigeon peas, dry",1707.01,A013P#F28.A07HS,"pigeon peas, dried, raw",,,
145,126,PB,Pulses and Beans,2549,"pulses, other and products",1708,"bambara beans, dry",1708.01,A013R#F28.A07HS,"bambara bean, dried, raw",,,
146,127,PB,Pulses and Beans,2549,"pulses, other and products",1709.01,vetches,,,,,,
147,128,PB,Pulses and Beans,2549,"pulses, other and products",1709.02,lupins ,,,,,,
148,129,PB,Pulses and Beans,2549,"pulses, other and products",1709.9,other pulses n.e.c.,,,,,,
149,130,PB,Pulses and Beans,2549,"pulses, other and products",23170.03,flour of pulses,,,,,,
150,131,PB,Pulses and Beans,2549,"pulses, other and products",39120.14,bran of pulses [only calories],,,,,,
151,132,OT,Other foods,2551,nuts and products,1371,"almonds, in shell",,,,,,
152,133,OT,Other foods,2551,nuts and products,1372,"cashew nuts, in shell",1372.01,A014H#F02.A066R$F01.A05QR$F27.A014H,cashew nuts,,,
153,134,OT,Other foods,2551,nuts and products,1373,"chestnuts, in shell",,,,,,
154,135,OT,Other foods,2551,nuts and products,1374,"hazelnuts, in shell",,,,,,
155,136,OT,Other foods,2551,nuts and products,1375,"pistachios, in shell",,,,,,
156,137,OT,Other foods,2551,nuts and products,1376,"walnuts, in shell",,,,,,
157,138,OT,Other foods,2551,nuts and products,1377,"brazil nuts, in shell",,,,,,
158,139,OT,Other foods,2551,nuts and products,21422,"almonds, shelled",,,,,,
159,140,OT,Other foods,2551,nuts and products,21423,"hazelnuts, shelled",,,,,,
160,141,OT,Other foods,2551,nuts and products,21424,"cashew nuts, shelled",,,,,,
161,142,OT,Other foods,2551,nuts and products,1379.01,areca nuts ,,,,,,
162,143,OT,Other foods,2551,nuts and products,1379.02,kola nuts,,,,,,
163,144,OT,Other foods,2551,nuts and products,1379.9,"other nuts (excluding wild edible nuts and groundnuts), in shell, n.e.c.",1379.9.01,A014M#F02.A066R$F01.A05RH$F27.A014M,macadamias,,,
164,145,OT,Other foods,2551,nuts and products,21429.01,"brazil nuts, shelled",,,,,,
165,146,OT,Other foods,2551,nuts and products,21429.02,"walnuts, shelled",,,,,,
166,147,OT,Other foods,2551,nuts and products,F0235,prepared nuts,,,,,,
167,148,PB,Pulses and Beans,2555,soyabeans and products,141,soya beans,141.01,A0DCH#F28.A07HS,"soybeans, dried, raw",,,
168,148,PB,Pulses and Beans,2555,soyabeans and products,141,soya beans,141.02,A185Q#F27.A0DCH,"soybeans, flour, raw",,,
169,149,PB,Pulses and Beans,2555,soyabeans and products,23995.01,soya sauce,,,,,,
170,150,PB,Pulses and Beans,2555,soyabeans and products,23995.02,soya paste,,,,,,
171,151,PB,Pulses and Beans,2555,soyabeans and products,23999.03,soya curd,,,,,,
172,152,PB,Pulses and Beans,2556,groundnuts (shelled eq) and products,142,"groundnuts, excluding shelled",142.01,A015H#F20.A07QD,"peanut, unshelled",,,
173,152,PB,Pulses and Beans,2556,groundnuts (shelled eq) and products,142,"groundnuts, excluding shelled",142.02,A0F0N#F27.A015H$F28.A07HS$F28.A07LA$F03.A06JD,"peanut, flour, raw",,,
174,152,PB,Pulses and Beans,2556,groundnuts (shelled eq) and products,142,"groundnuts, excluding shelled",142.03,A012P#F28.A07HS$F20.A07QD,"peanuts, fresh, unshelled, raw",key difference is the moisture content,,
175,152,PB,Pulses and Beans,2556,groundnuts (shelled eq) and products,142,"groundnuts, excluding shelled",142.04,A015H#F28.A07GY$F20.A07QD,"peanut, unshelled, roasted",,,
176,152,PB,Pulses and Beans,2556,groundnuts (shelled eq) and products,142,"groundnuts, excluding shelled",142.05,A015H#F28.A07GL$F20.A07QD,"peanut, unshelled, boiled",,,
177,153,PB,Pulses and Beans,2556,groundnuts (shelled eq) and products,21421,"groundnuts, shelled",21421.01,A015H#F20.A07QC,"peanut, shelled",,,
178,153,PB,Pulses and Beans,2556,groundnuts (shelled eq) and products,21421,"groundnuts, shelled",21421.02,A012P#F28.A07HS$F20.A07QC,"peanuts, fresh, shelled, raw",,,
179,154,PB,Pulses and Beans,2556,groundnuts (shelled eq) and products,21495.01,prepared groundnuts,,,,,,
180,155,PB,Pulses and Beans,2556,groundnuts (shelled eq) and products,21495.02,peanut butter,,,,,,
181,156,OT,Other foods,2557,sunflower seed and products,1445,sunflower seed,1445.01,A015L#F28.A07KG,"sunflower seeds, dried",,,
182,157,OT,Other foods,2558,rape and mustardseed and products,1442,mustard seed,,,,,,
183,158,OT,Other foods,2558,rape and mustardseed and products,1443,rapeseed or colza seed,,,,,,
184,159,OT,Other foods,2558,rape and mustardseed and products,23995.03,flour of mustard seed,,,,,,
185,160,OT,Other foods,2559,cottonseed and products,143,cottonseed,,,,,,
186,161,OT,Other foods,2560,coconuts (including copra) and products,1460,"coconuts, in shell",1460.01,A014K#F02.A066R$F01.A05RC$F27.A014K,coconuts,,,
187,162,OT,Other foods,2560,coconuts (including copra) and products,1492,copra,,,,,,
188,163,OT,Other foods,2560,coconuts (including copra) and products,21429.07,"coconuts, desiccated",,,,,,
189,164,PB,Pulses and Beans,2561,sesame seed and products,1444,sesame seed,1444.01,A015K#F02.A066S$F01.A05RY$F27.A015K,sesame seeds,,,
190,165,OT,Other foods,2562,palm kernels and products,1491.01,oil palm fruit,,,,,,
191,166,OT,Other foods,2562,palm kernels and products,1491.02,palm kernels [only calories],,,,,,
192,167,FV,Fruits and Vegetables,2563,olives (including preserved) and products,1450,olives,,,,,,
193,168,FV,Fruits and Vegetables,2563,olives (including preserved) and products,F0262,olives preserved,F0262.01,A01BQ#F02.A0EVC$F27.A01BP$F28.A0CQZ,"olives, preserved",,,
194,169,OT,Other foods,2570,"oilcrops, other and products",1441,linseed,1441.01,A015G#F02.A066S$F01.A05RV$F27.A015G,linseeds,,,
195,170,OT,Other foods,2570,"oilcrops, other and products",1446,safflower seed,,,,,,
196,171,OT,Other foods,2570,"oilcrops, other and products",1447,castor oil seeds,,,,,,
197,172,OT,Other foods,2570,"oilcrops, other and products",1448,poppy seed,,,,,,
198,173,OT,Other foods,2570,"oilcrops, other and products",21920,"flours and meals of oil seeds or oleaginous fruits, except those of mustard",,,,,,
199,174,OT,Other foods,2570,"oilcrops, other and products",1449.01,melonseed,,,,,,
200,175,OT,Other foods,2570,"oilcrops, other and products",1449.02,hempseed,,,,,,
201,176,OT,Other foods,2570,"oilcrops, other and products",1449.9,"other oil seeds, n.e.c.",,,,,,
202,177,OT,Other foods,2570,"oilcrops, other and products",1499.01,karite nuts (sheanuts),1499.01.01,A016H#F02.A0ELD$F01.A05SP$F27.A016H,shea nuts,,,
203,178,OT,Other foods,2570,"oilcrops, other and products",1499.02,tung nuts,,,,,,
204,179,OT,Other foods,2570,"oilcrops, other and products",1499.03,jojoba seeds,,,,,,
205,180,OT,Other foods,2570,"oilcrops, other and products",1499.04,tallowtree seeds,,,,,,
206,181,OT,Other foods,2570,"oilcrops, other and products",1499.05,kapok fruit,,,,,,
207,182,OT,Other foods,2570,"oilcrops, other and products",1499.06,kapokseed in shell,,,,,,
208,183,OT,Other foods,2570,"oilcrops, other and products",1499.07,"kapokseed, shelled",,,,,,
209,184,PB,Pulses and Beans,2571,soyabean oil and products,2161,soya bean oil,2161.01,A036X#F02.A068M$F27.A015P$F28.A0C02,soybean oil,,,
210,185,PB,Pulses and Beans,2572,groundnut oil and products,2162,groundnut oil,2162.01,A037A#F02.A068M$F27.A015H$F28.A0C02,peanut oil,,,
211,186,OT,Other foods,2573,sunflowerseed oil and products,21631.01,"sunflower-seed oil, crude",21631.01.01,A037D#F02.A068M$F27.A015L$F28.A0C02,sunflower oil,,,
212,187,OT,Other foods,2574,rape and mustard oil and products,21641.01,"rapeseed or canola oil , crude",21641.01.01,A036V#F02.A068M$F27.A015M$F28.A0C02,rape seed oil,,,
213,188,OT,Other foods,2574,rape and mustard oil and products,21641.02,"mustardseed oil, crude",,,,,,
214,189,OT,Other foods,2575,cottonseed oil and products,2168,cottonseed oil,2168.01,A036Z#F02.A068M$F27.A015V$F28.A0C02,cotton seed oil,,,
215,190,OT,Other foods,2576,palmkernel oil and products,21691.14,oil of palm kernel,21691.14.01,A037P#F02.A068M$F27.A016N$F28.A0C02,palm kernel oil,,,
216,191,OT,Other foods,2577,palm oil and products,2165,palm oil,2165.01,A037N#F02.A068M$F27.A016P$F28.A0C02,palm oil,,,
217,192,OT,Other foods,2577,palm oil and products,34120,industrial monocarboxylic fatty acids; acid oils from refining,,,,,,
218,193,OT,Other foods,2577,palm oil and products,21932.02,residues of fatty substances,,,,,,
219,194,OT,Other foods,2578,coconut oil and products,2166,coconut oil,2166.01,A037M#F02.A068M$F27.A014K$F28.A0C02,coconut oil,,,
220,195,PB,Pulses and Beans,2579,sesameseed oil and products,21691.07,oil of sesame seed,21691.07.01,A037C#F02.A068M$F27.A015K$F28.A0C02,sesame seed oil,,,
221,196,OT,Other foods,2580,olive oil and products,2167,olive oil,2167.01,A036P#F02.A068M$F27.A016M$F28.A0C02,olive oil,,,
222,197,OT,Other foods,2580,olive oil and products,21673,oil of olive residues,,,,,,
223,198,CE,Cereals,2581,ricebran oil and products,21691.01,oil of rice bran,21691.01.01,A037L#F27.A001C,"rice bran, oil",,,
224,200,CE,Cereals,2582,maize germ oil and products,21691.02,oil of maize,21691.02.01,A036Y#F02.A068M$F27.A000T$F28.A0C02,maize oil,,,
225,202,OT,Other foods,2586,"oilcrops oil, other and products",23620,"cocoa butter, fat and oil",,,,,,
226,203,OT,Other foods,2586,"oilcrops oil, other and products",34550,"animal or vegetable fats and oils and their fractions, chemically modified, except those hydrogenated, inter-esterified, re-esterified or elaidinized; inedible mixtures or preparations of animal or vegetable fats or oils",34550.01,A04SD#F02.A0EYC$F28.A0CRJ,"vegetable, oil",,,
227,204,OT,Other foods,2586,"oilcrops oil, other and products",21631.02,"safflower-seed oil, crude",,,,,,
228,205,OT,Other foods,2586,"oilcrops oil, other and products",21691.03,butter of karite nuts,,,,,,
229,206,OT,Other foods,2586,"oilcrops oil, other and products",21691.04,oil of castor beans,,,,,,
230,207,OT,Other foods,2586,"oilcrops oil, other and products",21691.05,oil of tung nuts,,,,,,
231,208,OT,Other foods,2586,"oilcrops oil, other and products",21691.06,jojoba oil,,,,,,
232,209,OT,Other foods,2586,"oilcrops oil, other and products",21691.08,oil of poppy seed,,,,,,
233,210,OT,Other foods,2586,"oilcrops oil, other and products",21691.09,vegetable tallow [only calories],,,,,,
234,211,OT,Other foods,2586,"oilcrops oil, other and products",21691.1,stillingia oil,,,,,,
235,212,OT,Other foods,2586,"oilcrops oil, other and products",21691.11,oil of kapok,,,,,,
236,213,OT,Other foods,2586,"oilcrops oil, other and products",21691.12,oil of linseed,,,,,,
237,214,OT,Other foods,2586,"oilcrops oil, other and products",21691.13,oil of hempseed,,,,,,
238,215,OT,Other foods,2586,"oilcrops oil, other and products",21691.9,"other oil of vegetable origin, crude n.e.c.",,,,,,
239,216,OT,Other foods,2586,"oilcrops oil, other and products",21693.02,"castor oil, hydrogenated",,,,,,
240,217,OT,Other foods,2586,"oilcrops oil, other and products",21700.01,liquid margarine,,,,,,
241,218,OT,Other foods,2586,"oilcrops oil, other and products",21700.02,margarine and shortening,21700.02.01,A039E#F02.A0ENG$F04.A036N,margarine,,,
242,219,OT,Other foods,2586,"oilcrops oil, other and products",F1275,hydrogenated oils and fats,,,,,,
243,220,FV,Fruits and Vegetables,2601,tomatoes and products,1234,tomatoes,1234.01,A0DMX#F28.A07HS,"tomatoes, raw",,,
244,221,FV,Fruits and Vegetables,2601,tomatoes and products,21321,tomato juice,,,,,,
245,222,FV,Fruits and Vegetables,2601,tomatoes and products,21399.01,paste of tomatoes,21399.01.01,A044C#F02.A0EPL$F04.A0DMX,"tomatoes, sauce",,,
246,223,FV,Fruits and Vegetables,2601,tomatoes and products,21399.02,"tomatoes, peeled (o/t vinegar)",,,,,,
247,224,FV,Fruits and Vegetables,2602,onions and products,1253.02,"onions and shallots, dry (excluding dehydrated)",1253.02.01,A00HC#F28.A07HS,"onions, raw",,,
248,225,FV,Fruits and Vegetables,2602,onions and products,1253.02,"onions and shallots, dry (excluding dehydrated)",1253.02.02,A00HF#F28.A07HS,"shallots, raw",,,
249,226,FV,Fruits and Vegetables,2605,"vegetables, other and products",1211,asparagus,,,,,,
250,227,FV,Fruits and Vegetables,2605,"vegetables, other and products",1212,cabbages,1212.01,A00GC#F28.A07HS,"cabbages, white, raw",,,
251,228,FV,Fruits and Vegetables,2605,"vegetables, other and products",1212,cabbages,1212.02,A00GG#F28.A07HS,"cabbages, chinese, raw",,,
252,229,FV,Fruits and Vegetables,2605,"vegetables, other and products",1212,cabbages,1212.03,A00FY#F28.A07HS,"cabbages, head, raw",,,
253,230,FV,Fruits and Vegetables,2605,"vegetables, other and products",1213,cauliflowers and broccoli,,,,,,
254,231,FV,Fruits and Vegetables,2605,"vegetables, other and products",1214,lettuce and chicory,1214.01,A00KX#F28.A07HS,"lettuces, raw",,,
255,231,FV,Fruits and Vegetables,2605,"vegetables, other and products",1214,lettuce and chicory,1214.02,A00NE#F28.A07HS,"chicory, raw",,,
256,231,FV,Fruits and Vegetables,2605,"vegetables, other and products",1214,lettuce and chicory,1214.03,A00LV#F28.A07HS,"rape leaves, raw",,,
257,231,FV,Fruits and Vegetables,2605,"vegetables, other and products",1214,lettuce and chicory,1214.04,A16QL#F28.A07HS,"pumpkin leaves, raw",,,
258,231,FV,Fruits and Vegetables,2605,"vegetables, other and products",1214,lettuce and chicory,1214.05,A16QM#F28.A07HS,"jew's mallow leaves, raw",,,
259,231,FV,Fruits and Vegetables,2605,"vegetables, other and products",1214,lettuce and chicory,1214.06,A00NY#F28.A07HS,"blackjack leaves, raw",,,
260,232,FV,Fruits and Vegetables,2605,"vegetables, other and products",1215,spinach,1215.01,A00MJ#F28.A07HS,"spinach, raw",,,
261,232,FV,Fruits and Vegetables,2605,"vegetables, other and products",1215,spinach,1215.02,A00ML#F28.A07HS,"amaranth leaves, raw",,,
262,232,FV,Fruits and Vegetables,2605,"vegetables, other and products",1215,spinach,1215.03,A00MF#F28.A07HS,"roselle leaves, raw",,,
263,233,FV,Fruits and Vegetables,2605,"vegetables, other and products",1216,artichokes,,,,,,
264,234,FV,Fruits and Vegetables,2605,"vegetables, other and products",1221,watermelons,,,,,,
265,235,FV,Fruits and Vegetables,2605,"vegetables, other and products",1229,cantaloupes and other melons,,,,,,
266,236,FV,Fruits and Vegetables,2605,"vegetables, other and products",1231,"chillies and peppers, green (capsicum spp. and pimenta spp.)",,,,,,
267,237,FV,Fruits and Vegetables,2605,"vegetables, other and products",1232,cucumbers and gherkins,1232.01,A00JM#F28.A07HS,"cucumbers, raw",,,
268,237,FV,Fruits and Vegetables,2605,"vegetables, other and products",1232,cucumbers and gherkins,1232.02,A00JP#F28.A07HS,"gherkins, raw",,,
269,238,FV,Fruits and Vegetables,2605,"vegetables, other and products",1233,eggplants (aubergines),,,,,,
270,239,FV,Fruits and Vegetables,2605,"vegetables, other and products",1235,"pumpkins, squash and gourds",1235.01,A00KH#F28.A07HS,"pumpkins, raw",,,
271,239,FV,Fruits and Vegetables,2605,"vegetables, other and products",1235,"pumpkins, squash and gourds",1235.02,A0DLT#F28.A07HS,"squashes, butternut, raw",,,
272,239,FV,Fruits and Vegetables,2605,"vegetables, other and products",1235,"pumpkins, squash and gourds",1235.03,A00KN#F28.A07HS,"gourd, winter, raw",also called winter melon,,
273,240,FV,Fruits and Vegetables,2605,"vegetables, other and products",1242,"peas, green",,,,,,
274,241,FV,Fruits and Vegetables,2605,"vegetables, other and products",1243,"broad beans and horse beans, green ",,,,,,
275,242,FV,Fruits and Vegetables,2605,"vegetables, other and products",1251,carrots and turnips,,,,,,
276,243,FV,Fruits and Vegetables,2605,"vegetables, other and products",1252,green garlic,,,,,,
277,244,FV,Fruits and Vegetables,2605,"vegetables, other and products",1254,leeks and other alliaceous vegetables,,,,,,
278,245,FV,Fruits and Vegetables,2605,"vegetables, other and products",1270,mushrooms and truffles,1270.01,A00TQ#F28.A07HS,"common mushrooms, raw",,,
279,245,FV,Fruits and Vegetables,2605,"vegetables, other and products",1270,mushrooms and truffles,1270.02,A0DDN#F28.A07HS,"mushroom, pleurotus, raw",,,
280,246,FV,Fruits and Vegetables,2605,"vegetables, other and products",1356,locust beans (carobs),,,,,,
281,247,FV,Fruits and Vegetables,2605,"vegetables, other and products",1691,chicory roots ,,,,,,
282,248,FV,Fruits and Vegetables,2605,"vegetables, other and products",21329,other vegetable juices,,,,,,
283,249,FV,Fruits and Vegetables,2605,"vegetables, other and products",21340,"vegetables, pulses and potatoes, preserved by vinegar or acetic acid",,,,,,
284,250,FV,Fruits and Vegetables,2605,"vegetables, other and products",1219.01,cassava leaves,1219.01.01,A00NJ#F28.A07HS,"cassava leaves, raw",,,
285,251,FV,Fruits and Vegetables,2605,"vegetables, other and products",1239.01,okra ,1239.01.01,A00JF#F28.A07HS,"okra, raw",,,
286,252,FV,Fruits and Vegetables,2605,"vegetables, other and products",1241.01,string beans ,,,,,,
287,253,FV,Fruits and Vegetables,2605,"vegetables, other and products",1241.9,"other beans, green",,,,,,
288,254,FV,Fruits and Vegetables,2605,"vegetables, other and products",1253.01,"onions and shallots, green",,,,,,
289,255,FV,Fruits and Vegetables,2605,"vegetables, other and products",1290.01,green corn (maize) ,1290.01.01,A00KP#F28.A07HS$F10.A0F2Q,"maize, green, raw",,,This is also known as sweet corn. It's moisture content (and the maturity of the harvest) are key differences
290,255,FV,Fruits and Vegetables,2605,"vegetables, other and products",1290.01,green corn (maize) ,1290.01.02,A00KP#F28.A07GY,"maize, green, roasted",,,
291,255,FV,Fruits and Vegetables,2605,"vegetables, other and products",1290.01,green corn (maize) ,1290.01.03,A00KP#F28.A07GL,"maize, green, boiled",,,
292,256,FV,Fruits and Vegetables,2605,"vegetables, other and products",1290.9,"other vegetables, fresh n.e.c.",,,,,,
293,257,FV,Fruits and Vegetables,2605,"vegetables, other and products",21319.01,"sweet corn, frozen",,,,,,
294,258,FV,Fruits and Vegetables,2605,"vegetables, other and products",21330.9,other vegetables provisionally preserved,,,,,,
295,259,FV,Fruits and Vegetables,2605,"vegetables, other and products",21393.01,dried mushrooms,,,,,,
296,260,FV,Fruits and Vegetables,2605,"vegetables, other and products",21393.9,"vegetables, dehydrated",,,,,,
297,261,FV,Fruits and Vegetables,2605,"vegetables, other and products",21397.01,canned mushrooms,21397.01.01,A00TZ#F02.A0ERQ$F27.A0ETG$F28.A0BYP,canned mushrooms,,,
298,262,FV,Fruits and Vegetables,2605,"vegetables, other and products",21399.03,"sweet corn, prepared or preserved",,,,,,
299,263,FV,Fruits and Vegetables,2605,"vegetables, other and products",23912.01,coffee substitutes,,,,,,
300,264,FV,Fruits and Vegetables,2605,"vegetables, other and products",23991.02,homogenized vegetable preparations,,,,,,
301,265,FV,Fruits and Vegetables,2605,"vegetables, other and products",F0472,vegetables preserved nes (o/t vinegar),,,,,,
302,266,FV,Fruits and Vegetables,2605,"vegetables, other and products",F0473,vegetables frozen,,,,,,
303,267,FV,Fruits and Vegetables,2605,"vegetables, other and products",F0475,vegetables preserved (frozen),,,,,,
304,268,FV,Fruits and Vegetables,2611,"oranges, mandarines and products",1323,oranges,1323.01,A0DZB#F28.A07HS,"oranges, raw",,,
305,269,FV,Fruits and Vegetables,2611,"oranges, mandarines and products",1324,"tangerines, mandarins, clementines",1324.01,A01CH#F28.A07HS,"tangerines, raw",,,
306,269,FV,Fruits and Vegetables,2611,"oranges, mandarines and products",1324,"tangerines, mandarins, clementines",1324.02,A01CD#F28.A07HS,"mandarins, raw",,,
307,269,FV,Fruits and Vegetables,2611,"oranges, mandarines and products",1324,"tangerines, mandarins, clementines",1324.03,A01CE#F28.A07HS,"clementines, raw",,,
308,270,FV,Fruits and Vegetables,2611,"oranges, mandarines and products",21431.01,orange juice,21431.01,A03AM#F02.A068V$F27.A0DZB$F28.A07LN,"orange, juice",,,
309,271,FV,Fruits and Vegetables,2611,"oranges, mandarines and products",21431.02,"orange juice, concentrated",,,,,,
310,272,FV,Fruits and Vegetables,2611,"oranges, mandarines and products",21439.01,juice of tangerine,,,,,,
311,273,FV,Fruits and Vegetables,2612,"lemons, limes and products",1322,lemons and limes,1322.01,A01BY#F28.A07HS,"lemons, raw",,,
312,274,FV,Fruits and Vegetables,2612,"lemons, limes and products",1322,lemons and limes,1322.02,A01CA#F28.A07HS,"limes, raw",,,
313,275,FV,Fruits and Vegetables,2612,"lemons, limes and products",21439.02,juice of lemon,,,,,,
314,276,FV,Fruits and Vegetables,2612,"lemons, limes and products",21439.03,"Lemon juice, concentrated",,,,,,
315,277,FV,Fruits and Vegetables,2613,grapefruit and products,1321,pomelos and grapefruits,1321.01,A01DB#F28.A07HS,"pomelos, raw",,,
316,278,FV,Fruits and Vegetables,2613,grapefruit and products,1321,pomelos and grapefruits,1321.02,A01CY#F28.A07HS,"grapefruits, raw",,,
317,279,FV,Fruits and Vegetables,2613,grapefruit and products,21432,grapefruit juice,,,,,,
318,280,FV,Fruits and Vegetables,2613,grapefruit and products,21432.01,"grapefruit juice, concentrated",,,,,,
319,281,FV,Fruits and Vegetables,2614,"citrus, other and products",1329,"other citrus fruit, n.e.c.",,,,,,
320,282,FV,Fruits and Vegetables,2614,"citrus, other and products",21439.04,Juice of citrus fruit n.e.c.,,,,,,
321,283,FV,Fruits and Vegetables,2614,"citrus, other and products",21439.05,"Citrus juice, concentrated n.e.c.",,,,,,
322,284,FV,Fruits and Vegetables,2615,bananas and products,1312,bananas,1312.01,A01LC#F28.A07HS,"banana, raw",,,
323,285,FV,Fruits and Vegetables,2616,plantains and products,1313,plantains and others,1313.01,A01LE#F28.A07HS,"plantain, raw",,,
324,285,FV,Fruits and Vegetables,2616,plantains and products,1313,plantains and others,1313.02,A01LE#F28.A07GL,"plantain, bolied",,,
325,286,FV,Fruits and Vegetables,2617,apples and products,1341,apples,1341.01,A01DJ#F28.A07HS,"apples, raw",,,
326,287,FV,Fruits and Vegetables,2617,apples and products,21435.01,apple juice,,,,,,
327,288,FV,Fruits and Vegetables,2617,apples and products,21435.02,"apple juice, concentrated",,,,,,
328,289,FV,Fruits and Vegetables,2618,pineapples and products,1318,pineapples,1318.01,A01LP#F28.A07HS,"pineapple, raw",,,
329,290,FV,Fruits and Vegetables,2618,pineapples and products,21433,pineapple juice,,,,,,
330,291,FV,Fruits and Vegetables,2618,pineapples and products,21491,"pineapples, otherwise prepared or preserved",,,,,,
331,292,FV,Fruits and Vegetables,2618,pineapples and products,21433.01,"juice of pineapples, concentrated",,,,,,
332,293,FV,Fruits and Vegetables,2619,dates and products,1314,dates,1314.01,A01HF#F02.A0ELC$F01.A062D$F27.A01HF,dates,,,
333,294,FV,Fruits and Vegetables,2620,grapes and products (excludingexcl wine) and products,1330,grapes,1330.01,A01DX#F28.A07HS,"grapes, raw",,,
334,295,FV,Fruits and Vegetables,2620,grapes and products (excludingexcl wine) and products,21411,raisins,,,,,,
335,296,FV,Fruits and Vegetables,2620,grapes and products (excludingexcl wine) and products,21434,grape juice,,,,,,
336,297,FV,Fruits and Vegetables,2620,grapes and products (excludingexcl wine) and products,24212.01,must of grape,,,,,,
337,298,FV,Fruits and Vegetables,2625,"fruits, other and products",1311,avocados,1311.01,A01LB#F28.A07HS,"avocados, raw",,,
338,299,FV,Fruits and Vegetables,2625,"fruits, other and products",1315,figs,,,,,,
339,300,FV,Fruits and Vegetables,2625,"fruits, other and products",1316,"mangoes, guavas, mangosteens",1316.01,A01LF#F28.A07HS,"mangoes, raw",,,
340,301,FV,Fruits and Vegetables,2625,"fruits, other and products",1316,"mangoes, guavas, mangosteens",1316.02,A0CGD#F28.A07HS,"guavas, raw",,,
341,302,FV,Fruits and Vegetables,2625,"fruits, other and products",1316,"mangoes, guavas, mangosteens",1316.03,A01JX#F28.A07HS,"mangosteens, raw",,,
342,303,FV,Fruits and Vegetables,2625,"fruits, other and products",1317,papayas,1317.01,A01LG#F28.A07HS,"papayas, raw",,,
343,304,FV,Fruits and Vegetables,2625,"fruits, other and products",1319,"other tropical fruits, n.e.c.",,A01JL#F28.A07HS,"indian jujubes, raw",,,
344,304,FV,Fruits and Vegetables,2625,"fruits, other and products",1319,"other tropical fruits, n.e.c.",,,,,,
345,305,FV,Fruits and Vegetables,2625,"fruits, other and products",1343,apricots,,,,,,
346,306,FV,Fruits and Vegetables,2625,"fruits, other and products",1345,peaches and nectarines,,,,,,
347,307,FV,Fruits and Vegetables,2625,"fruits, other and products",1346,plums and sloes,,,,,,
348,308,FV,Fruits and Vegetables,2625,"fruits, other and products",1352,kiwi fruit,,,,,,
349,309,FV,Fruits and Vegetables,2625,"fruits, other and products",1354,strawberries,,,,,,
350,310,FV,Fruits and Vegetables,2625,"fruits, other and products",21412,"plums, dried",,,,,,
351,311,FV,Fruits and Vegetables,2625,"fruits, other and products",1342.01,pears,,,,,,
352,312,FV,Fruits and Vegetables,2625,"fruits, other and products",1342.02,quinces,,,,,,
353,313,FV,Fruits and Vegetables,2625,"fruits, other and products",1344.01,sour cherries,,,,,,
354,314,FV,Fruits and Vegetables,2625,"fruits, other and products",1344.02,cherries,,,,,,
355,315,FV,Fruits and Vegetables,2625,"fruits, other and products",1349.1,other pome fruits,,,,,,
356,316,FV,Fruits and Vegetables,2625,"fruits, other and products",1349.2,other stone fruits,,,,,,
357,317,FV,Fruits and Vegetables,2625,"fruits, other and products",1351.01,currants,,,,,,
358,318,FV,Fruits and Vegetables,2625,"fruits, other and products",1351.02,gooseberries ,,,,,,
359,319,FV,Fruits and Vegetables,2625,"fruits, other and products",1353.01,raspberries,,,,,,
360,320,FV,Fruits and Vegetables,2625,"fruits, other and products",1355.01,blueberries,,,,,,
361,321,FV,Fruits and Vegetables,2625,"fruits, other and products",1355.02,cranberries,,,,,,
362,322,FV,Fruits and Vegetables,2625,"fruits, other and products",1355.9,other berries and fruits of the genus vaccinium,,,,,,
363,323,FV,Fruits and Vegetables,2625,"fruits, other and products",1359.01,persimmons,,,,,,
364,324,FV,Fruits and Vegetables,2625,"fruits, other and products",1359.02,cashewapple,,,,,,
365,325,FV,Fruits and Vegetables,2625,"fruits, other and products",1359.9,other fruits n.e.c. ,1359.9.01,A01JL#F28.A07HS,"indian jujubes, raw",,,
366,325,FV,Fruits and Vegetables,2625,"fruits, other and products",1359.9,other fruits n.e.c. ,1359.9.02,A0F6K#F28.A07HS,"baobab fruits,raw",,,
367,326,FV,Fruits and Vegetables,2625,"fruits, other and products",21419.01,"apricots, dried",,,,,,
368,327,FV,Fruits and Vegetables,2625,"fruits, other and products",21419.02,"figs, dried",,,,,,
369,328,FV,Fruits and Vegetables,2625,"fruits, other and products",21419.91,"other tropical fruit, dried [only calories]",,,,,,
370,329,FV,Fruits and Vegetables,2625,"fruits, other and products",21419.99,"other fruit n.e.c., dried",,,,,,
371,330,FV,Fruits and Vegetables,2625,"fruits, other and products",21439.06,Juice of plum,,,,,,
372,331,FV,Fruits and Vegetables,2625,"fruits, other and products",21439.07,"Juice of plum, concentrated",,,,,,
373,332,FV,Fruits and Vegetables,2625,"fruits, other and products",21439.08,Juice of mango,,,,,,
374,333,FV,Fruits and Vegetables,2625,"fruits, other and products",21439.9,juice of fruits n.e.c.,,,,,,
375,334,FV,Fruits and Vegetables,2625,"fruits, other and products",23170.04,flour of fruits,,,,,,
376,335,FV,Fruits and Vegetables,2625,"fruits, other and products",23670.02,"fruit, nuts, peel, sugar preserved",,,,,,
377,336,FV,Fruits and Vegetables,2625,"fruits, other and products",23991.03,"homogenized cooked fruit, prepared",,,,,,
378,337,FV,Fruits and Vegetables,2625,"fruits, other and products",F0623,fruit prepared n.e.c.,F0623.01,A01NH#F02.A0EMA$F28.A0BA1$F04.A0BY6$F04.A04RK,"jam, mixed fruit",,,
379,337,FV,Fruits and Vegetables,2625,"fruits, other and products",F0623,fruit prepared n.e.c.,F0623.02,A16FC#F02.A16FD$F28.A0BA1$F04.A0BY6$F04.A04RK,"jelly, fruits",,,
380,337,FV,Fruits and Vegetables,2625,"fruits, other and products",F0623,fruit prepared n.e.c.,F0623.03,A0EQX#F04.A01LC,"banana, fritters",,,
381,338,OT,Other foods,2630,coffee and products,1610,"coffee, green",,,,,,
382,339,OT,Other foods,2630,coffee and products,23911,"coffee, decaffeinated or roasted",23911.01,A03GN#F02.A0EYD$F27.A03GK$F28.A07HC$F28.A07LA,"coffee ground, roasted",,,
383,340,OT,Other foods,2630,coffee and products,23912.02,coffee extracts,23912.02.01,A03GQ#F02.A0EYD$F27.A03GK$F28.A07HC$F28.A07MJ$F28.A07KG$F28.A07XZ,"coffee, instant powder",,,
384,340,OT,Other foods,2630,coffee and products,23912.02,coffee extracts,23912.02.02,A03KC#F02.A068Y$F28.A07MK$F04.A03DK$F04.A03GN$F10.A06HV,coffee beverages,,,
385,342,OT,Other foods,2633,cocoa beans and products,1640,cocoa beans,,,,,,
386,344,OT,Other foods,2633,cocoa beans and products,23610.01,cocoa paste not defatted,,,,,,
387,346,OT,Other foods,2633,cocoa beans and products,F0665,cocoa powder and cake [only calories],F0665.01,A03HG#F02.A0EYD$F27.A03HF$F28.A07HC$F28.A07LA$F28.A0BZN$F03.A06JD,cocoa powder,,,
388,348,OT,Other foods,2633,cocoa beans and products,F0666,chocolate products nes,F0666.01,A034J#F02.A06EK$F28.A0CRJ$F04.A03HJ$F04.A02PJ$F04.A037R,"chocolate, milk",,,
389,349,OT,Other foods,2635,tea (including mate) and products,1620,tea leaves,1620.01,A04KK#F02.A0EYD$F27.A16GV$F28.A07KG,tea leaves,,,
390,350,OT,Other foods,2635,tea (including mate) and products,1630,maté leaves,,,,,,
391,351,OT,Other foods,2635,tea (including mate) and products,23914,"extracts, essences and concentrates of tea or mate, and preparations with a basis thereof or with a basis of tea or maté",23914.01,A03LB#F02.A068Y$F28.A07MK$F04.A03HQ,tea beverages,,,
392,352,OT,Other foods,2635,tea (including mate) and products,23914,"extracts, essences and concentrates of tea or mate, and preparations with a basis thereof or with a basis of tea or maté",23914.02,A03HY#F02.A0EYD$F27.A16GV$F28.A07MJ$F28.A07KG$F03.A06JD,"tea extract, powder",,,
393,353,OT,Other foods,2640,pepper and products,1651,"pepper (piper spp.), raw",1651.01,A019C#F02.A0ELF$F01.A05TT$F27.A019C,"pepper, black",,,
394,354,FV,Fruits and Vegetables,2641,pimento and products,1652,"chillies and peppers, dry (capsicum spp. and pimenta spp.), raw",1652.01,A00HZ#F28.A07HS,"pepper, raw",,,
395,355,FV,Fruits and Vegetables,2641,pimento and products,1652,"chillies and peppers, dry (capsicum spp. and pimenta spp.), raw",1652.02,A019K#F28.A07HS,"peppers, dried, raw",,,
396,356,OT,Other foods,2642,cloves and products,1656,"cloves (whole stems), raw",1656.01,A01AL#F02.A066Z$F01.A05VR$F27.A01AL,cloves,,,
397,357,OT,Other foods,2645,"spices, other and products",1653,"nutmeg, mace, cardamoms, raw",,,,,,
398,358,OT,Other foods,2645,"spices, other and products",1654,"anise, badian, coriander, cumin, caraway, fennel and juniper berries, raw",,,,,,
399,359,OT,Other foods,2645,"spices, other and products",1655,"cinnamon and cinnamon-tree flowers, raw",,,,,,
400,360,OT,Other foods,2645,"spices, other and products",1657,"ginger, raw",,,,,,
401,361,OT,Other foods,2645,"spices, other and products",1658,"vanilla, raw",,,,,,
402,362,OT,Other foods,2645,"spices, other and products",1699,"other stimulant, spice and aromatic crops, n.e.c. ",1699.01,A01AC#F02.A0F0F$F01.A05VM$F27.A01AC,turmeric roots,,,
403,362,OT,Other foods,2645,"spices, other and products",1699,"other stimulant, spice and aromatic crops, n.e.c. ",1699.02,A042P#F02.A06BZ$F01.A0BYJ$F27.A042P,salt,,,
404,362,OT,Other foods,2645,"spices, other and products",1699,"other stimulant, spice and aromatic crops, n.e.c. ",1699.03,A042Z#F02.A06HB$F04.A0EZM,mixed spices,,,
405,362,OT,Other foods,2645,"spices, other and products",1699,"other stimulant, spice and aromatic crops, n.e.c. ",1699.04,A049A#F02.A06CK$F01.A066J$F27.A049A,"yeast, baking",,,
406,362,OT,Other foods,2645,"spices, other and products",1699,"other stimulant, spice and aromatic crops, n.e.c. ",1699.05,A048Q#F02.A06CG,baking powder,,,
407,362,OT,Other foods,2645,"spices, other and products",1699,"other stimulant, spice and aromatic crops, n.e.c. ",1699.06,A044Q#F02.A0EPP$F04.A0DMJ,"tabasco, sauce",,,
408,363,OT,Other foods,2655,wine and products,24220,vermouth and other wine of fresh grapes flavoured with plats or aromatic substances,,,,,,
409,364,OT,Other foods,2655,wine and products,24212.02,wine,24212.02.01,A03MV#F02.A0ENK$F27.A01DY$F28.A0C00$F10.A0F2R,"wine, white",,,
410,365,OT,Other foods,2655,wine and products,24212.02,wine,24212.02.02,A03MX#F02.A0ENK$F27.A01DY$F28.A0C00$F10.A0F2S,"wine, red",,,
411,366,OT,Other foods,2655,wine and products,24212.02,wine,24212.02.03,A03MY#F02.A0ENK$F27.A01DY$F28.A0C00$F10.A0F2S$F10.A0F2Z,"wine, rosé",,,
412,367,OT,Other foods,2656,beer and products,24310.01,"Beer of barley, malted",24310.01.01,A03ME#F02.A0ENH$F28.A0C01$F10.A06HV,"beer, regular",,,
413,368,CE,Cereals,2657,"beverages, fermented and products",24230.01,wheat-fermented beverages,,,,,,
414,369,CE,Cereals,2657,"beverages, fermented and products",24230.02,rice-fermented beverages,,,,,,
415,370,CE,Cereals,2657,"beverages, fermented and products",24230.03,cider and other fermented beverages,24230.03.01,A03ND#F02.A0ENL$F27.A01DJ$F28.A0C00,cider,,,
416,370,CE,Cereals,2657,"beverages, fermented and products",24230.03,cider and other fermented beverages,24230.03.02,A16YN#F04.A002P,maize-fermented beverage,,,
417,370,CE,Cereals,2657,"beverages, fermented and products",24230.03,cider and other fermented beverages,24230.03.03,A16YN#F04.A001B$F04.A002P,maize- and millet-fermented beverage,,,
418,371,CE,Cereals,2657,"beverages, fermented and products",24310.02,"Beer of maize, malted",24310.02.01,A03MB#F04.A000T,"beer, maize grain",,,
419,372,CE,Cereals,2657,"beverages, fermented and products",24310.03,"Beer of millet, malted",,,,,,
420,373,CE,Cereals,2657,"beverages, fermented and products",24310.04,"Beer of sorghum, malted",24310.04.01,A03MB#F04.A001L,"beer, sorghum grain",,,
421,374,OT,Other foods,2658,"beverages, alcoholic and products",2413,"undenatured ethyl alcohol of an alcoholic strength by volume of less than 80% vol; spirits, liqueurs and other spirituous beverages",2413.01,A03PG#F02.A0ENP$F28.A07MF$F04.A018X$F04.A03PD,gin,,,
422,375,NA,NA,2659,"alcohol, non-food and products",24110,undenatured ethyl alcohol of an alcoholic strength by volume of 80% vol or higher,,,,,,
423,376,AP,Animal Products,2731,bovine meat and products,21112,"meat of buffalo, fresh or chilled",,,,,,
424,377,AP,Animal Products,2731,bovine meat and products,21182,"bovine meat, salted, dried or smoked",,,,,,
425,378,AP,Animal Products,2731,bovine meat and products,21185,"extracts and juices of meat, fish, crustaceans, molluscs or other aquatic invertebrates",,,,,,
426,379,AP,Animal Products,2731,bovine meat and products,21111.01,"meat of cattle with the bone, fresh or chilled",21111.01.01,A01QX#F28.A07HS$F20.A07QL,"beef, with bones, fresh, raw",,,
427,379,AP,Animal Products,2731,bovine meat and products,21111.01,"meat of cattle with the bone, fresh or chilled",21111.01.02,A01QX#F28.A07GZ,"beef, fresh, grilled",,,
428,380,AP,Animal Products,2731,bovine meat and products,21111.02,"meat of cattle boneless, fresh or chilled",21111.02.01,A01QX#F28.A07HS$F20.A07QM,"beef, without bones, fresh, raw",,,
429,381,AP,Animal Products,2731,bovine meat and products,21184.01,"sausages and similar products of meat, offal or blood of beef and veal",,,,,,
430,382,AP,Animal Products,2731,bovine meat and products,23991.04,homogenized meat preparations,,,,,,
431,383,AP,Animal Products,2731,bovine meat and products,F0875,beef and veal preparations nes,,,,,,
432,384,AP,Animal Products,2732,mutton & and goat meat and products,21115,"meat of sheep, fresh or chilled",21115.01,A01RH#F28.A07HS,"sheep meat, fresh, raw",,,
433,385,AP,Animal Products,2732,mutton & and goat meat and products,21116,"meat of goat, fresh or chilled",21116.01,A01RL#F28.A07HS,"goat meat, fresh, raw",,,
434,385,AP,Animal Products,2732,mutton & and goat meat and products,21116,"meat of goat, fresh or chilled",21116.02,A01RL#F28.A07GZ,"goat meat, fresh, grilled",,,
435,386,AP,Animal Products,2733,pigmeat and products,21181,"pig meat, cuts, salted, dried or smoked (bacon and ham)",,,,,,
436,387,AP,Animal Products,2733,pigmeat and products,21113.01,"meat of pig with the bone, fresh or chilled",21113.01.01,A01RG#F28.A07HS$F20.A07QL,"pig meat, with bones, fresh, raw",,,
437,388,AP,Animal Products,2733,pigmeat and products,21113.02,"meat of pig boneless, fresh or chilled",21113.02.01,A01RG#F28.A07HS$F20.A07QM,"pig meat, without bones, fresh, raw",,,
438,389,AP,Animal Products,2733,pigmeat and products,21184.02,"sausages and similar products of meat, offal or blood of pig",,,,,,
439,390,AP,Animal Products,2733,pigmeat and products,F1042,pig meat preparations,,,,,,
440,391,AP,Animal Products,2734,poultry meat and products,21121,"meat of chickens, fresh or chilled",21121.01,A01SP#F28.A07HS,"chicken meat, fresh, raw",,,
441,391,AP,Animal Products,2734,poultry meat and products,21121,"meat of chickens, fresh or chilled",21121.02,A04DS#F28.A07HS$F10.A166Y,"chicken meat, minced, fresh, raw",,,
442,391,AP,Animal Products,2734,poultry meat and products,21121,"meat of chickens, fresh or chilled",21121.03,A01SP#F28.A07GG,"chicken meat, fresh, stew",,,cooking in water
443,391,AP,Animal Products,2734,poultry meat and products,21121,"meat of chickens, fresh or chilled",21121.04,A01SP#F28.A07GV,"chicken meat, fresh, deep-fried",,,
444,392,AP,Animal Products,2734,poultry meat and products,21122,"meat of ducks, fresh or chilled",,,,,,
445,393,AP,Animal Products,2734,poultry meat and products,21123,"meat of geese, fresh or chilled",,,,,,
446,394,AP,Animal Products,2734,poultry meat and products,21124,"meat of turkeys, fresh or chilled",,,,,,
447,395,AP,Animal Products,2734,poultry meat and products,21189.02,fatty liver preparations,,,,,,
448,396,AP,Animal Products,2734,poultry meat and products,F1061,poultry meat preparations ,,,,,,
449,397,AP,Animal Products,2735,"meat, other and products",2920,"snails, fresh, chilled, frozen, dried, salted or in brine, except sea snails",,,,,,
450,398,AP,Animal Products,2735,"meat, other and products",21114,"meat of rabbits and hares, fresh or chilled",21114.01,A01RQ#F28.A07HS,"rabbit meat, fresh, raw",,,
451,399,AP,Animal Products,2735,"meat, other and products",21183,"other meat and edible meat offal, salted, in brine, dried or smoked; edible flours and meals of meat or meat offal",,,,,,
452,400,AP,Animal Products,2735,"meat, other and products",21117.01,"meat of camels, fresh or chilled",,,,,,
453,401,AP,Animal Products,2735,"meat, other and products",21117.02,"meat of other domestic camelids, fresh or chilled",,,,,,
454,402,AP,Animal Products,2735,"meat, other and products",21118.01,"horse meat, fresh or chilled",,,,,,
455,403,AP,Animal Products,2735,"meat, other and products",21118.02,"meat of asses, fresh or chilled",,,,,,
456,404,AP,Animal Products,2735,"meat, other and products",21118.03,"meat of mules, fresh or chilled",,,,,,
457,405,AP,Animal Products,2735,"meat, other and products",21119.01,"meat of other domestic rodents, fresh or chilled",21119.01.01,A0F6B#F28.A07HS$F10.A166Y,"rat meat, fresh, raw",,,
458,406,AP,Animal Products,2735,"meat, other and products",21170.01,"meat of pigeons and other birds n.e.c., fresh, chilled or frozen",21170.01.01,A01TA#F28.A07HS,"pigeon meat, fresh, raw",,,
459,406,AP,Animal Products,2735,"meat, other and products",21170.01,"meat of pigeons and other birds n.e.c., fresh, chilled or frozen",21170.01.02,A01SX#F28.A07HS,"guinea-fowl meat, fresh, raw",,,
460,406,AP,Animal Products,2735,"meat, other and products",21170.01,"meat of pigeons and other birds n.e.c., fresh, chilled or frozen",21170.01.03,A01TB#F28.A07HS,"quail fresh meat,raw",,,
461,407,AP,Animal Products,2735,"meat, other and products",21170.02,"game meat, fresh, chilled or frozen",,,,,,
462,408,AP,Animal Products,2735,"meat, other and products",21170.92,"other meat n.e.c., fresh, chilled or frozen",21170.92.01,A01SA#F28.A07HS,"deer meat, fresh, raw",,,
463,408,AP,Animal Products,2735,"meat, other and products",21170.92,"other meat n.e.c., fresh, chilled or frozen",21170.92.02,A16XE#F28.A07HS$F10.A166Y,"edible insect adults, fresh, raw","If we want to make a difference between different adult insect, we need a specific ""facet""",,
464,408,AP,Animal Products,2735,"meat, other and products",21170.92,"other meat n.e.c., fresh, chilled or frozen",21170.92.03,A16XC#F28.A07HS$F10.A166Y,"edible insect larvae, fresh, raw","If we want to make a difference between different larvae insect, we need a specific ""facet""",,
465,409,AP,Animal Products,2735,"meat, other and products",F1172,meat prepared n.e.c.,F1172.01,A024B,tinned meat,,,
466,410,AP,Animal Products,2736,"offals, edible and products",21151,"edible offal of cattle, fresh, chilled or frozen",21151.01,A01ZM#F28.A07HS,"beef offal, fresh, raw",,,
467,411,AP,Animal Products,2736,"offals, edible and products",21151,"edible offal of cattle, fresh, chilled or frozen",21151.02,A01XF#F28.A07HS,"beef liver, fresh, raw",,,
468,412,AP,Animal Products,2736,"offals, edible and products",21152,"edible offal of buffalo, fresh, chilled or frozen",,,,,,
469,413,AP,Animal Products,2736,"offals, edible and products",21153,"edible offal of pigs, fresh, chilled or frozen",,,,,,
470,414,AP,Animal Products,2736,"offals, edible and products",21155,"edible offal of sheep, fresh, chilled or frozen",,,,,,
471,415,AP,Animal Products,2736,"offals, edible and products",21156,"edible offal of goat, fresh, chilled or frozen",,,,,,
472,416,AP,Animal Products,2736,"offals, edible and products",21159.01,"edible offals of horses and other equines,  fresh, chilled or frozen",,,,,,
473,417,AP,Animal Products,2736,"offals, edible and products",21159.02,"edible offals of camels and other camelids, fresh, chilled or frozen",,,,,,
474,418,AP,Animal Products,2736,"offals, edible and products",21160.01,"edible offals and liver of chickens and guinea fowl, fresh, chilled or frozen",,,,,,
475,419,AP,Animal Products,2736,"offals, edible and products",21160.02,"edible offals and liver of geese, fresh, chilled or frozen",,,,,,
476,420,AP,Animal Products,2736,"offals, edible and products",21160.03,"edible offals and liver of ducks, fresh, chilled or frozen",,,,,,
477,421,AP,Animal Products,2736,"offals, edible and products",21160.04,"edible offals and liver of turkey,fresh, chilled or frozen",,,,,,
478,422,AP,Animal Products,2736,"offals, edible and products",21170.93,"offals n.e.c.,fresh, chilled or frozen",,,,,,
479,423,AP,Animal Products,2736,"offals, edible and products",21189.01,liver preparations,,,,,,
480,424,AP,Animal Products,2737,"fats, animals, raw and products",21512,"cattle fat, unrendered",,,,,,
481,425,AP,Animal Products,2737,"fats, animals, raw and products",21513,"buffalo fat, unrendered",,,,,,
482,426,AP,Animal Products,2737,"fats, animals, raw and products",21514,"sheep fat, unrendered",,,,,,
483,427,AP,Animal Products,2737,"fats, animals, raw and products",21515,"goat fat, unrendered",,,,,,
484,428,AP,Animal Products,2737,"fats, animals, raw and products",21521,"pig fat, rendered",21521.01,A037V#F02.A06AR$F27.A01VA$F28.A0C02,pork lard,,,
485,429,AP,Animal Products,2737,"fats, animals, raw and products",21522,"poultry fat, rendered",,,,,,
486,430,AP,Animal Products,2737,"fats, animals, raw and products",21523,tallow,,,,,,
487,431,AP,Animal Products,2737,"fats, animals, raw and products",21511.01,fat of pigs,,,,,,
488,432,AP,Animal Products,2737,"fats, animals, raw and products",21511.02,"pig, butcher fat [only calories]",,,,,,
489,433,AP,Animal Products,2737,"fats, animals, raw and products",21511.03,fat of poultry,,,,,,
490,434,AP,Animal Products,2737,"fats, animals, raw and products",21512.01,"cattle, butcher fat [only calories]",,,,,,
491,435,AP,Animal Products,2737,"fats, animals, raw and products",21519.02,fat of camels,,,,,,
492,436,AP,Animal Products,2737,"fats, animals, raw and products",21519.03,fat of other camelids,,,,,,
493,437,AP,Animal Products,2737,"fats, animals, raw and products",21529.02,lard stearine and lard oil,,,,,,
494,438,AP,Animal Products,2737,"fats, animals, raw and products",21529.03,animal oils and fats nes,,,,,,
495,439,AP,Animal Products,2737,"fats, animals, raw and products",21932.01,degras,,,,,,
496,440,AP,Animal Products,2737,"fats, animals, raw and products",F0994,wool grease and lanolin,,,,,,
497,441,AP,Animal Products,2737,"fats, animals, raw and products",F1243,fat preparations n.e.c.,,,,,,
498,442,AP,Animal Products,2740,"butter, ghee and products",22241.01,butter of cow milk [only calories],22241.01.01,A039C#F02.A06BE$F27.A02LV$F28.A07MH,butter,,,
499,443,AP,Animal Products,2740,"butter, ghee and products",22241.02,ghee from cow milk [only calories],22241.02.01,A038Y#F02.A06BD$F27.A02LV$F28.A0BZT,ghee,,,
500,444,AP,Animal Products,2740,"butter, ghee and products",22242.01,butter of buffalo milk [only calories],,,,,,
501,445,AP,Animal Products,2740,"butter, ghee and products",22242.02,"ghee, from buffalo milk [only calories]",,,,,,
502,446,AP,Animal Products,2740,"butter, ghee and products",22249.01,butter and ghee of sheep milk [only calories],,,,,,
503,447,AP,Animal Products,2740,"butter, ghee and products",22249.02,butter of goat milk [only calories],,,,,,
504,448,AP,Animal Products,2743,cream and products,22120,"cream, fresh [only calories]",22120.01,A02ML#F02.A06BA$F27.A02LT$F28.A0EKQ,cream,,,
505,449,AP,Animal Products,2744,eggs and products,231,"hen eggs in shell, fresh",231.01,A031G#F28.A07HS,"egg, chicken, raw",,,
506,449,AP,Animal Products,2744,eggs and products,231,"hen eggs in shell, fresh",231.02,A032B#F02.A06BX$F27.A031F$F28.A07LC$F28.A07GL,"egg, chicken, boiled",,,
507,450,AP,Animal Products,2744,eggs and products,232,"eggs from other birds in shell, fresh, n.e.c.",,,,,,
508,451,AP,Animal Products,2744,eggs and products,23993.01,egg albumin ,,,,,,
509,452,AP,Animal Products,2744,eggs and products,23993.02,"eggs, liquid",,,,,,
510,453,AP,Animal Products,2744,eggs and products,23993.03,"eggs, dried",,,,,,
511,454,AP,Animal Products,2848,milk - (excluding excluding butter butter) and products,2211,raw milk of cattle,2211.01,A02LY#F28.A07HS,"milk, cow, whole, raw",,,
512,455,AP,Animal Products,2848,milk - (excluding excluding butter butter) and products,2212,raw milk of buffalo,,,,,,
513,456,AP,Animal Products,2848,milk - (excluding excluding butter butter) and products,2291,raw milk of sheep,,,,,,
514,457,AP,Animal Products,2848,milk - (excluding excluding butter butter) and products,2292,raw milk of goats,,,,,,
515,458,AP,Animal Products,2848,milk - (excluding excluding butter butter) and products,2293,raw milk of camel,,,,,,
516,459,AP,Animal Products,2848,milk - (excluding excluding butter butter) and products,22211,whole milk powder,22211.01,A02PK#F02.A04HF$F27.A02LT$F28.A07KG$F10.A077A$F03.A06JD,"milk, cow, full-fat, powder",,,
517,460,AP,Animal Products,2848,milk - (excluding excluding butter butter) and products,22212,skim milk and whey powder,,,,,,
518,461,AP,Animal Products,2848,milk - (excluding excluding butter butter) and products,22252,"cheese from milk of buffalo, fresh or processed",,,,,,
519,462,AP,Animal Products,2848,milk - (excluding excluding butter butter) and products,22253,"cheese from milk of sheep, fresh or processed",,,,,,
520,463,AP,Animal Products,2848,milk - (excluding excluding butter butter) and products,22254,"cheese from milk of goats, fresh or processed",,,,,,
521,464,AP,Animal Products,2848,milk - (excluding excluding butter butter) and products,22260,casein,,,,,,
522,465,AP,Animal Products,2848,milk - (excluding excluding butter butter) and products,22270,ice cream and other edible ice [only calories],,,,,,
523,466,AP,Animal Products,2848,milk - (excluding excluding butter butter) and products,22290,dairy products n.e.c. [only calories],22290.01,A02NT#F02.A0BZ2$F27.A02LT$F28.A0CQZ,"sour milk, traditional",,,
524,467,AP,Animal Products,2848,milk - (excluding excluding butter butter) and products,22110.02,skim milk of cows,,,,,,
525,468,AP,Animal Products,2848,milk - (excluding excluding butter butter) and products,22110.03,reconstituted milk,,,,,,
526,469,AP,Animal Products,2848,milk - (excluding excluding butter butter) and products,22110.04,skim milk of buffalo,,,,,,
527,470,AP,Animal Products,2848,milk - (excluding excluding butter butter) and products,22110.05,skim sheep milk,,,,,,
528,471,AP,Animal Products,2848,milk - (excluding excluding butter butter) and products,22110.06,skim milk of goat,,,,,,
529,472,AP,Animal Products,2848,milk - (excluding excluding butter butter) and products,22130.01,"whey, fresh [only calories]",,,,,,
530,473,AP,Animal Products,2848,milk - (excluding excluding butter butter) and products,22130.02,"whey, dry",,,,,,
531,474,AP,Animal Products,2848,milk - (excluding excluding butter butter) and products,22130.03,"whey, condensed",,,,,,
532,475,AP,Animal Products,2848,milk - (excluding excluding butter butter) and products,22221.01,"whole milk, evaporated",,,,,,
533,476,AP,Animal Products,2848,milk - (excluding excluding butter butter) and products,22221.02,"skim milk, evaporated",,,,,,
534,477,AP,Animal Products,2848,milk - (excluding excluding butter butter) and products,22222.01,"whole milk, condensed",,,,,,
535,478,AP,Animal Products,2848,milk - (excluding excluding butter butter) and products,22222.02,"skim milk, condensed",,,,,,
536,479,AP,Animal Products,2848,milk - (excluding excluding butter butter) and products,22230.01,yoghurt,22230.01.01,A02NG#F02.A0BZ2$F27.A04HG$F28.A0CQZ,"yoghurt, cow milk, plain",,,
537,480,AP,Animal Products,2848,milk - (excluding excluding butter butter) and products,22230.02,"yoghurt, with additives",,,,,,
538,481,AP,Animal Products,2848,milk - (excluding excluding butter butter) and products,22230.03,"buttermilk, curdled and acidified milk",,,,,,
539,482,AP,Animal Products,2848,milk - (excluding excluding butter butter) and products,22230.04,"buttermilk, dry",,,,,,
540,483,AP,Animal Products,2848,milk - (excluding excluding butter butter) and products,22251.01,cheese from whole cow milk,22251.01.01,A02QG#F02.A06BL$F27.A02LT$F28.A0C6E,"cheese, cow milk, cottage",,,
541,484,AP,Animal Products,2848,milk - (excluding excluding butter butter) and products,22251.02,cheese from skimmed cow milk,,,,,,
542,485,AP,Animal Products,2848,milk - (excluding excluding butter butter) and products,22251.03,whey cheese,,,,,,
543,486,AP,Animal Products,2848,milk - (excluding excluding butter butter) and products,22251.04,processed cheese,,,,,,
544,487,OT,Other foods,2680,infant food and products,23991.01,infant food,23991.01.01,A03QZ#F02.A06FK$F28.A07KG$F04.A0EZF,infant cereals,,,
545,488,OT,Other foods,2899,miscellaneous and products,F1232,food preparations n.e.c. ,,,,,,
546,488,OT,Other foods,2899,miscellaneous and products,2899.01,water,2899.01.01,A03DV#F02.A06CA$F27.A03DV,"water, drinking, bottled",,,
547,489,AP,Animal Products,2769,"aquatic animals, others",1587,"aquatic animals, fresh",1587.01,A0CVE#F28.A07HS$F10.A166Y,"frog meat, fresh, raw",,,
548,490,AP,Animal Products,2769,"aquatic animals, others",1588,"aquatic animals, cured",,,,,,
549,491,AP,Animal Products,2769,"aquatic animals, others",1589,"aquatic animals, meals",,,,,,
550,492,AP,Animal Products,2769,"aquatic animals, others",1590,"aquatic animals, preparation ns",,,,,,
551,493,FV,Fruits and Vegetables,2775,aquatic plants,1594,"aquatic plants, fresh",1594.01,A00VE#F28.A07HS,"red algae, raw",,,
552,494,FV,Fruits and Vegetables,2775,aquatic plants,1595,"aquatic plants, dried",,,,,,
553,495,FV,Fruits and Vegetables,2775,aquatic plants,1596,"aquatic plants, other preparations",,,,,,
554,496,AP,Animal Products,2768,"meat, aquatic mammals",1580,"aquatic mammals, meat",1580.01,A02KN#F28.A07HS$F10.A166Y,"marine mammals meat, fresh, raw",,,
555,497,AP,Animal Products,2768,"meat, aquatic mammals",1583,"aquatic mammals, preparations ns",,,,,,
556,498,AP,Animal Products,2766,cephalopods,1570,"cephalopods, fresh",1570.01,A02JH#F28.A07HS,"squids, raw",,,
557,499,AP,Animal Products,2766,cephalopods,1570,"cephalopods, fresh",1570.02,A02JA#F28.A07HS,"cuttlefishes, raw",,,
558,500,AP,Animal Products,2766,cephalopods,1570,"cephalopods, fresh",1570.03,A02JD#F28.A07HS,"octopuses, raw",,,
559,501,AP,Animal Products,2766,cephalopods,1571,"cephalopods, frozen",,,,,,
560,502,AP,Animal Products,2766,cephalopods,1572,"cephalopods, cured",,,,,,
561,503,AP,Animal Products,2766,cephalopods,1573,"cephalopods, canned",,,,,,
562,504,AP,Animal Products,2766,cephalopods,1574,"cephalopods, preparations ns",,,,,,
563,505,AP,Animal Products,2766,cephalopods,1575,"cephalopods, meals",,,,,,
564,506,AP,Animal Products,2765,crustaceans,1553,"crustaceans, fresh",1553.01,A0FCP#F28.A07HS,"crab, fresh, raw",,,
565,507,AP,Animal Products,2765,crustaceans,1554,"crustaceans, frozen",,,,,,
566,508,AP,Animal Products,2765,crustaceans,1555,"crustaceans, cured",,,,,,
567,509,AP,Animal Products,2765,crustaceans,1556,"crustaceans, canned",,,,,,
568,510,AP,Animal Products,2765,crustaceans,1557,"crustaceans, preparations ns",,,,,,
569,511,AP,Animal Products,2765,crustaceans,1558,"crustaceans, meals",,,,,,
570,512,AP,Animal Products,2762,demersal fish,1514,"demersal fish, fresh",1514.01,A0FAS#F28.A07HS$F10.A0F2R,"groupers, white, fresh, raw","Demersal Fish, Fresh: Alaska pollack, angler (=monk), Australian salmon, bogue, Bombay duck, bonefish,
breams, chimaera, chub, cod, conger, conger/sand eel, croaker, dentex, dogfish, dorie,
drums, emperor, filefish, flatfishes, flounder, fusilier, gobies, grenadier (=hoki), grouper,
grunt, guitarfish, gurnard, haddock, hake, halibut, icefish, ladyfish, lanternfish, ling,
lizardfish, lumbfish, mojarra, moonfish (except Atlantic, African), mullet, orange perch,
orange roughy, Pacific perch, pandora, Patagonian toothfish, picarel, plaice, puffer, ray,
redfish, rockfish, saithe (=Pollock), sandeel, scabbardfish, sea bass, sea bream, sea catfish,
sea perch, shark, skate, smooth-hounds, snapper, soles, spinefeet, steenbras, surgeon,
tarpon, tilefish, threadfin, triggerfish, turbot, tusk (=cusk), warehou, weakfish, weever,
whitefish, whiting, wolfish (=catfish), wrasse, etc",Definitions of FAOSTAT fish food commodities (appendix 2),
571,513,AP,Animal Products,2762,demersal fish,1515,"demersal fish, frozen, whole",,,,,,
572,514,AP,Animal Products,2762,demersal fish,1516,"demersal fish, fillet",,,,,,
573,515,AP,Animal Products,2762,demersal fish,1517,"demersal fish, frozen, fillet",,,,,,
574,516,AP,Animal Products,2762,demersal fish,1518,"demersal fish, cured",1518.01,A0EYS#F27.A02CA$F28.A07HS,"haddock, smoked, raw","Gutted and headed fish or fillets, unsalted or salted, dried (sun/air dried or machine dried) with different
levels of residual moisture; brined or pickled using salt, vinegar, sugar and spices, smoked (dry or hot
processing). The inedible part of the whole fish is 2050%. For skin-on fillets the inedible part is 05%.
This group also includes by-products as fish heads, tails, maws, tongues, fins, etc. used mostly for soups",Definitions of FAOSTAT fish food commodities (appendix 2),
575,517,AP,Animal Products,2762,demersal fish,1519,"demersal fish, canned",,,,,,
576,518,AP,Animal Products,2762,demersal fish,1520,"demersal fish, preparation ns",,,,,,
577,519,AP,Animal Products,2762,demersal fish,1521,"demersal fish, meals",,,,,,
578,520,AP,Animal Products,2761,freshwater fish,1501,"freshwater fish, fresh",1501.01,A029N#F28.A07HS,"trout, rainbow, fresh, raw","Barb, burbot, carps, catfish, dace, freshwater breams, freshwater drum, gabies, giant sea
perch=barramundi, gourami, gudgeons, mandarin fish, milkfish, nile perch, paddlefishes,
perch, pike, river eels, salmons, shads, sleepers, smelts, snakehead, sturgeons,
tenchs, tilapias, trouts and miscellaneous freshwater and diadromous fishes, etc",,
579,521,AP,Animal Products,2761,freshwater fish,1501,"freshwater fish, fresh",1501.02,A0F8P#F28.A07HS,"catfish, african, fresh, raw","Barb, burbot, carps, catfish, dace, freshwater breams, freshwater drum, gabies, giant sea
perch=barramundi, gourami, gudgeons, mandarin fish, milkfish, nile perch, paddlefishes,
perch, pike, river eels, salmons, shads, sleepers, smelts, snakehead, sturgeons,
tenchs, tilapias, trouts and miscellaneous freshwater and diadromous fishes, etc",,
580,521,AP,Animal Products,2761,freshwater fish,1501,"freshwater fish, fresh",1501.03,A028A#F28.A0EJY,"tilapia, fresh, grilled ",,Grilling/griddling (high temperature cooking) - bbq type,
581,521,AP,Animal Products,2761,freshwater fish,1501,"freshwater fish, fresh",1501.04,A0F8P#F28.A0EJY,"catfish, african, fresh, grilled",,Grilling/griddling (high temperature cooking) - bbq type,
582,521,AP,Animal Products,2761,freshwater fish,1501,"freshwater fish, fresh",1501.05,A028A#F28.A07HS$F10.A166Y,"tilapia, fresh, raw ",,,
583,521,AP,Animal Products,2761,freshwater fish,1501,"freshwater fish, fresh",1501.06,A0F0Z#F28.A07HS$F10.A166Y,"barb, silver, fresh, raw",,,
584,522,AP,Animal Products,2761,freshwater fish,1502,"freshwater fish, frozen, whole",,,,,,
585,523,AP,Animal Products,2761,freshwater fish,1503,"freshwater fish, fillet",,,,,,
586,524,AP,Animal Products,2761,freshwater fish,1504,"freshwater fish, frozen, fillet",,,,,,
587,525,AP,Animal Products,2761,freshwater fish,1505,"freshwater fish, cured",1505.01,A02JP#F27.A0F8P$F28.A07HS,"catfish, african, dried, raw","Salted, dried, smoked whole fish or fillets. The inedible part of the whole fish is 2050%.",,
588,525,AP,Animal Products,2761,freshwater fish,1505,"freshwater fish, cured",1505.02,A02JP#F27.A028A$F28.A07HS,"tilapia, dried, raw","Salted, dried, smoked whole fish or fillets. The inedible part of the whole fish is 2050%.",,
589,525,AP,Animal Products,2761,freshwater fish,1505,"freshwater fish, cured",1505.03,A02JP#F27.A0F0Z$F28.A07HS,"barb, silver, dried, raw","Salted, dried, smoked whole fish or fillets. The inedible part of the whole fish is 2050%.",,
590,525,AP,Animal Products,2761,freshwater fish,1505,"freshwater fish, cured",1505.04,A0EYS#F27.A0F8P$F28.A07HS,"catfish, african, smoked, raw","Salted, dried, smoked whole fish or fillets. The inedible part of the whole fish is 2050%.",,
591,525,AP,Animal Products,2761,freshwater fish,1505,"freshwater fish, cured",1505.05,A0EYS#F27.A028A$F28.A07HS,"tilapia, smoked, raw","Salted, dried, smoked whole fish or fillets. The inedible part of the whole fish is 2050%.",,
592,525,AP,Animal Products,2761,freshwater fish,1505,"freshwater fish, cured",1505.06,A0EYS#F27.A0F0Z$F28.A07HS,"barb, silver, smoked, raw","Salted, dried, smoked whole fish or fillets. The inedible part of the whole fish is 2050%.",,
593,526,AP,Animal Products,2761,freshwater fish,1506,"freshwater fish, canned",,,,,,
594,527,AP,Animal Products,2761,freshwater fish,1507,"freshwater fish, preparation ns",,,,,,
595,528,AP,Animal Products,2761,freshwater fish,1508,"freshwater fish, meals",,,,,,
596,529,AP,Animal Products,2782,"fish, liver oil",1510,"freshwater fish, liver oil",,,,,,
597,530,AP,Animal Products,2782,"fish, liver oil",1523,"demersal fish, liver oil",1523.01,A038Q#F02.A06AR$F27.A02EL$F28.A0C02,"cod, liver oil",,,
598,531,AP,Animal Products,2782,"fish, liver oil",1536,"pelagic fish, liver oil",,,,,,
599,532,AP,Animal Products,2782,"fish, liver oil",1549,"marine fish, nes, liver oil",,,,,,
596,529,AP,Animal Products,2781,"fish, body oil",1509,"freshwater fish, body oil",,,,,,
597,530,AP,Animal Products,2781,"fish, body oil",1522,"demersal fish, body oil",1522.01,A038M#F27.A02BX,"cod, body, oil",,,
598,531,AP,Animal Products,2781,"fish, body oil",1535,"pelagic fish, body oil",1535.01,A038N#F02.A06AR$F27.A02DE$F28.A0C02,"herring, body, oil",,,
599,532,AP,Animal Products,2781,"fish, body oil",1548,"marine fish, body oil",,,,,,
599,532,AP,Animal Products,2781,"fish, body oil",1582,"aquatic mammals, oil",,,,,,
600,533,AP,Animal Products,2767,"molluscs, other",1562,"molluscs, fresh",1562.01,A02HG#F28.A07HS$F10.A166Y,"oysters, fresh, raw",,,
601,534,AP,Animal Products,2767,"molluscs, other",1563,"molluscs, frozen",,,,,,
602,535,AP,Animal Products,2767,"molluscs, other",1564,"molluscs, cureed",,,,,,
603,536,AP,Animal Products,2767,"molluscs, other",1565,"molluscs, canned",,,,,,
604,537,AP,Animal Products,2767,"molluscs, other",1566,"molluscs, meals",,,,,,
605,538,AP,Animal Products,2763,pelagic fish,1527,"pelagic fish, fresh",1527.01,A02CT#F28.A07HS$F10.A166Y,"mackerel, fresh, raw",,,
606,539,AP,Animal Products,2763,pelagic fish,1528,"pelagic fish, frozen, whole",,,,,,
607,540,AP,Animal Products,2763,pelagic fish,1529,"pelagic fish, fillet",,,,,,
608,541,AP,Animal Products,2763,pelagic fish,1530,"pelagic fish, frozen, fillet",,,,,,
609,542,AP,Animal Products,2763,pelagic fish,1531,"pelagic fish, cured",,,,,,
610,543,AP,Animal Products,2763,pelagic fish,1532,"pelagic fish, canned",1532.01,A0FBZ#F02.A0EMS$F27.A02DA$F28.A0BYP,"sardines, tinned",It can be called canned as well,,
611,544,AP,Animal Products,2763,pelagic fish,1533,"pelagic fish, preparation nes",1533.01,A041X#F02.A06GY$F04.A026V$F10.A07VP.a,"pelagic fish, fresh, soup","we added .a to idenfity pelagic fish, fresh, soup",,
612,545,AP,Animal Products,2763,pelagic fish,1534,"pelagic fish, meals",,,,,,
613,NA,OT,Other foods,2680,infant food and products,23991.01,infant food,23991.01.02,A03QA#F04.A02PR,"infant formula, milk-based, casein, powder",NA,NA,NA
