"ihs5_foodid","ihs5_fooditem","ref_source","ref_fctcode","ref_fctitem","ref.x","ref.x.x","ref","ref_fct","ref_code","ref_item","fooditem","WATER","ENERC1","VITA_RAE","VITA_fct","VITA_code","THIA","RIBF","NIA","VITB6","VITB6_fct","VITB6_code","FOL","FOL_fct","FOL_code","VITB12","VITC","VITE","VITE_fct","VITE_code","CA","CU","CU_fct","CU_code","FE","ID","K","K_fct","K_code","MG","MG_fct","MG_code","na","SE","SE_fct","SE_code","ZN","ID_cal","FoodName_3","ID_0","FoodName_0","ID_1","FoodName_1","ID_2","FoodName_2","food_genus_id"
"609","Apple","MAFOODS","MW05_0001","apple, average, raw, (apozi)","ZA",NA,NA,NA,NA,NA,"apple, average, raw, (apozi)","83.9","62.9","1.073333333","KENFCT","5001","0.02","0.06","0.2","0.03","","","1","","","0","5","0.16","","","2","0.07",NA,NA,"0.3",NA,"99",NA,NA,"3",NA,NA,"4","1.073333333","","","0.09","0","apples, raw","FV","Fruits and Vegetables","2617","apples and products","1341","apples","1341.01"
"607","Avocado","MAFOODS","MW05_0002","avocado, raw, peeled, persea americana,(peyala losenda)","9",NA,NA,NA,NA,NA,"avocado, raw, peeled, persea americana,(peyala losenda)","78","152.03","5.58","","","0.0558","0.1395","1.674","0.32","","","32.55","","","0","13.02","1.488","","","7","0.3",NA,NA,"0.744",NA,"455",NA,NA,"14",NA,NA,"9","0","KENFCT","5003","0.3","0.001","avocados, raw","FV","Fruits and Vegetables","2625","fruits, other and products","1311","avocados","1311.01"
"602","Banana","MAFOODS","MW05_0004","banana, white fleshed, raw, peeled, musa paradisiaca,(nthochi)","9",NA,NA,NA,NA,NA,"banana, white fleshed, raw, peeled, musa paradisiaca,(nthochi)","72","109.1632","4.24","","","0.0424","0.0424","0.636","0.3604","","","20.14","","","0","11.04","0.3922","","","9","0.0848",NA,NA,"0.318",NA,"391.14",NA,NA,"30.74",NA,NA,"2.13","0","KENFCT","5004","0.2","8e-04","banana, raw","FV","Fruits and Vegetables","2615","bananas and products","1312","bananas","1312.01"
"302","Bean, brown","MAFOODS","MW02_0004","Bean, kidney, dry, Phaseolus vulgaris, (Nyemba zouma)","9",NA,NA,NA,NA,NA,"bean, kidney, dry, phaseolus vulgaris, (nyemba)","11","342.604","0","","","0.537","0.2225","2.076","0.4001","","","397.15","","","0","4.536","0.2217","","","90","0.7",NA,NA,"7.676",NA,"1397",NA,NA,"172",NA,NA,"27","10.375","","","3.3","5e-04","kidney beans, dried, raw","PB","Pulses and Beans","2546","beans and products","1701","beans, dry","1701.03"
"301","Bean, white","WAFCT","03_022","bean, white, dry, raw","1M(384), AU14(13A20122), DK2(568), SA10(3184), pu255, pu261, pu263, pu112, UP1(PHV005)",NA,NA,NA,NA,NA,"bean, white, dry, raw","9.8","320","0","","","0.89","0.11","1.5","0.42","","","410","","","0","0","0.39","","","127","0.9",NA,NA,"8.8",NA,"1700",NA,NA,"197",NA,NA,"33","6.263888889","KENFCT","3005","3.19","5e-04","common beans, dried, raw","PB","Pulses and Beans","2546","beans and products","1701","beans, dry","1701.02"
"504","Beef","MAFOODS","MW03_0006","beef, raw, (nyama ya ng'ombe)","22",NA,NA,NA,NA,NA,"beef, raw, (nyama ya ng'ombe)","72.1","95.07","6.860655738","KENFCT","7002","0.062","0.197799","6.45","0.23944","","","7.287","","","1.457","0","0.23944","","","0.636028","0.104",NA,NA,"7.45",NA,"374.7761",NA,NA,"22.9",NA,NA,"52.05","17.15163934","","","1.77","0.0026","beef, with bones, fresh, raw","AP","Animal Products","2731","bovine meat and products","21111.01","meat of cattle with the bone, fresh or chilled","21111.01.01"
"113","Biscuits","KENFCT","1004","biscuit, sweet",NA,"AU14(02C20287; 02C20364; 02C20286; 02C20314), SA10(3216; 3233; 3296), UK7(11-797; 11-796)",NA,NA,NA,NA,"biscuit, sweet","4.3","460","40","","","0.09","0.03","0.7","0.050157233","WAFCT","01_188","12.03773585","","","0.1","7","2.608176101","","","45","0.100314465",NA,NA,"1.4",NA,"158",NA,NA,"19",NA,NA,"298","10","","","0.6","0.0114","biscuits, sweet, plain","CE","Cereals","2511","wheat and products","F0022","pastry","F0022.03"
"833","Boiled groundnuts","MAFOODS","MW02_0015","groundnut, dry, boiled, arachis hypogae,(mtedza wouma wophika)","9",NA,NA,NA,NA,NA,"groundnut, dry, boiled, arachis hypogae,(mtedza wouma wophika)","49","323.907","0","","","0.474","0.076","8.437","0.321","","","59.872","","","0","0","5.933","","","41","0.4",NA,NA,"2.123",NA,"510",NA,NA,"123",NA,NA,"15","1.281272727","AHHA","8005","1.4","6e-04","peanut, unshelled, boiled","PB","Pulses and Beans","2556","groundnuts (shelled eq) and products","142","groundnuts, excluding shelled","142.05"
"831","Boiled sweet potatoes","MAFOODS","MW01_0066","sweet potato, white-fleshed, without skin, boiled, ipomoea batatas, (mbatata yoyera mkati yowilitsa)","9",NA,NA,NA,NA,NA,"sweet potato, white-fleshed, without skin, boiled, ipomoea batatas, (mbatata yoyera mkati yowilitsa)","76","96.664","6.857142857","KENFCT","2027","0.066","0.013","0.659","0.092","","","7.912","","","0","9.231","0.29","","","19","0.2",NA,NA,"0.396",NA,"302",NA,NA,"11",NA,NA,"10","0","","","0.2","0.00099","sweet potato, white-flesh, boiled","RT","Roots and Tubers","2533","sweet potatoes and products","1530","sweet potatoes","1530.04"
"831","Boiled sweet potatoes","MAFOODS","MW01_0066","sweet potato, white-fleshed, without skin, boiled, ipomoea batatas, (mbatata yoyera mkati yowilitsa)","9",NA,NA,NA,NA,NA,"sweet potato, white-fleshed, without skin, boiled, ipomoea batatas, (mbatata yoyera mkati yowilitsa)","76","96.664","6.857142857","KENFCT","2027","0.066","0.013","0.659","0.092","","","7.912","","","0","9.231","0.29","","","19","0.2",NA,NA,"0.396",NA,"302",NA,NA,"11",NA,NA,"10","0","","","0.2","0.00099","sweet potatoes, orange-flesh, boiled","RT","Roots and Tubers","2533","sweet potatoes and products","1530","sweet potatoes","1530.06"
"911","Bottled / canned beer (Carlsberg, etc.)","WAFCT","12_001","beer, european (4.6% v/v alcohol)","AU14(01A10082), SA10(4031), US28(14003)",NA,NA,NA,NA,NA,"beer, european (4.6% v/v alcohol)","92.3","41","0","","","0.01","0.02","0.5","0.03","","","6","","","0","0","0","","","4","0.01",NA,NA,"0",NA,"33",NA,NA,"9",NA,NA,"10","0","AHHA","22007","0.01","0","beer, regular","OT","Other foods","2656","beer and products","24310.01","Beer of barley, malted","24310.01.01"
"909","Bottled water","MAFOODS","MW08_0008","water, (madzi)","10A",NA,NA,NA,NA,NA,"water, (madzi)","100","0","0","","","0","0","0","0","","","0","","","0","0","0","","","3.92","0.00019",NA,NA,"3e-04","1.54","0",NA,NA,"3.14",NA,NA,"0","0.02","","","0.00084","0","water, drinking, bottled","OT","Other foods","2899","miscellaneous and products","2899.01","water","2899.01.01"
"112","Buns, scones","MAFOODS","MW01_0041","milk scones, (sikono ya mkaka)","R22",NA,NA,NA,NA,NA,"milk scones, (sikono ya mkaka)","46.96008823","224.3621011","32.17756945","","","0.110237816","0.168161577","0.331817743","0.044869373","","","12.90411525","","","0.323292204","0.336044668","0.056372786","","","71.75846143",NA,NA,NA,"1.803019232",NA,"136.6191053",NA,NA,"14.79407183",NA,NA,"51.41595092","1.342782576","KENFCT","1036","0.355001034","5e-04","buns","CE","Cereals","2511","wheat and products","F0022","pastry","F0022.01"
"112","Buns, scones","MAFOODS","MW01_0041","milk scones, (sikono ya mkaka)","R22",NA,NA,NA,NA,NA,"milk scones, (sikono ya mkaka)","46.96008823","224.3621011","32.17756945","","","0.110237816","0.168161577","0.331817743","0.044869373","","","12.90411525","","","0.323292204","0.336044668","0.056372786","","","71.75846143",NA,NA,NA,"1.803019232",NA,"136.6191053",NA,NA,"14.79407183",NA,NA,"51.41595092","1.342782576","KENFCT","1036","0.355001034","5e-04","scones","CE","Cereals","2511","wheat and products","F0022","pastry","F0022.02"
"704","Butter","KENFCT","6001","butter (cow milk), no added salt (~80-84% fat)",NA,"1P(43), 11E(Butter / Beurre), 16V(199), AU14(04A10074), UK7(17-685), US28(01001)",NA,NA,NA,NA,"butter (cow milk), no added salt (~80-84% fat)","17.2","735","845","","","0","0.05","1.1","0","WAFCT","11_011","4.893617021","","","0","0","2.055319149","","","15","0.009787234",NA,NA,"0",NA,"15",NA,NA,"2",NA,NA,"10","1","","","0.06","0","butter","AP","Animal Products","2740","butter, ghee and products","22241.01","butter of cow milk [only calories]","22241.01.01"
"402","Cabbage","MAFOODS","MW04_0004","cabbage, raw, (kabichi)","10",NA,NA,NA,NA,NA,"cabbage, raw, (kabichi)","92.18","32.041","0","KENFCT","4007","0.039","0.019","0.29","0.077","","","15.447","","","0","28.963","0.241","","","51.324","0.041964",NA,NA,"0.8736",NA,"167.202",NA,NA,"25.506",NA,NA,"27.998","0.6981","","","0.25428","0.0089","cabbages, white, raw","FV","Fruits and Vegetables","2605","vegetables, other and products","1212","cabbages","1212.01"
"822","Cassava - boiled (vendor)","MAFOODS","MW01_0010","cassava, tuber, boiled, (chinangwa chophika)","9",NA,NA,NA,NA,NA,"cassava, tuber, boiled, (chinangwa chophika)","63","145.7824","0.885","","","0.0265","0.044","0.443","0.062","","","14.1463","","","0","19.474","0.177","","","26","0.2",NA,NA,"0.619",NA,"263",NA,NA,"22",NA,NA,"7","0.936708861","KENFCT","2023","0.6","0.001","cassava root, boiled","RT","Roots and Tubers","2532","cassava and products","1520.01","cassava, fresh","01520.01.02"
"838","Cassava - roasted (vendor)","MAFOODS","MW01_0010","cassava, tuber, boiled, (chinangwa chophika)","9",NA,NA,NA,NA,NA,"cassava, tuber, boiled, (chinangwa chophika)","63","145.7824","0.885","","","0.0265","0.044","0.443","0.062","","","14.1463","","","0","19.474","0.177","","","26","0.2",NA,NA,"0.619",NA,"263",NA,NA,"22",NA,NA,"7","0.945657568","AHHA","5016","0.6","0.001","cassava root, roasted","RT","Roots and Tubers","2532","cassava and products","1520.01","cassava, fresh","01520.01.03"
"202","Cassava flour","MAFOODS","MW01_0017","flour, cassava, raw, (ufa wa kondowole)","11",NA,NA,NA,NA,NA,"flour, cassava, raw, (ufa wa kondowole)","14.04","347.61","0","WAFCT","02_004","0.06895","0.10835","1.182","0.16745","","","46.295","","","0","3.94","0.038984127","","","135.93","0.2167",NA,NA,"0.53",NA,"578.195",NA,NA,"44.325",NA,NA,"29.55","1.999069767","KENFCT","2018","0.7289","7e-04","cassava, flour, raw","RT","Roots and Tubers","2532","cassava and products","23170.01","flour of cassava","23170.01"
"201","Cassava tubers","MAFOODS","MW01_0011","cassava, tuber, raw, (chinangwa chachiwisi)","10",NA,NA,NA,NA,NA,"cassava, tuber, raw, (chinangwa chachiwisi)","59.68","159.557","1.01562","","","0.041","0.051","0.7118","0.091","","","24.375","","","0","30.469","0.193","","","31.5952","0.114049",NA,NA,"0.42315",NA,"275.232",NA,NA,"33.7311",NA,NA,"14.214","0.247442","","","0.43121","0.001","cassava root, raw","RT","Roots and Tubers","2532","cassava and products","1520.01","cassava, fresh","01520.01.01"
"705","Chambiko - soured milk","LSOFCT","30014","sour milk, packaged (mafi)",NA,NA,NA,NA,NA,NA,"sour milk, packaged (mafi)","87.8","64.5","17.09848485","KENFCT","6006","0.02","0.15","0.1","0.016","","","7","","","0.198712121","1","0.13","","","162","0.01",NA,NA,"0.1",NA,"190",NA,NA,"14",NA,NA,"71","2.2","","","0.59","0.0278","sour milk, traditional","AP","Animal Products","2848","milk - (excluding excluding butter butter) and products","22290","dairy products n.e.c. [only calories]","22290.01"
"908","Chibuku (commercial traditional-style beer)","LSOFCT","140001","beer, 5% alcohol",NA,NA,NA,NA,NA,NA,"beer, 5% alcohol","91.96","16.04","0","WAFCT","12_001","0.005","0.025","0.041","0.046","","","6","","","0","0","0","","","4","0.005",NA,NA,"0.02",NA,"27",NA,NA,"6",NA,NA,"4","0.6","","","0.01","5e-04","beer, sorghum grain","CE","Cereals","2657","beverages, fermented and products","24310.04","Beer of sorghum, malted","24310.04.01"
"908","Chibuku (commercial traditional-style beer)","LSOFCT","140001","beer, 5% alcohol",NA,NA,NA,NA,NA,NA,"beer, 5% alcohol","91.96","16.04","0","WAFCT","12_001","0.005","0.025","0.041","0.046","","","6","","","0","0","0","","","4","0.005",NA,NA,"0.02",NA,"27",NA,NA,"6",NA,NA,"4","0.6","","","0.01","5e-04","beer, maize grain","CE","Cereals","2657","beverages, fermented and products","24310.02","Beer of maize, malted","24310.02.01"
"508","Chicken","MAFOODS","MW03_0011","chicken, meat with skin, free range, local, raw, (nkhuku ya chikuda)","26",NA,NA,NA,NA,NA,"chicken, meat with skin, free range, local, raw, (nkhuku ya chikuda)","73.06","128.77","7.2","","","0.088","0.064","3.712","0.272","","","1.6","","","0.24","1.28","0.28","","","8",NA,NA,NA,"0.96",NA,"207.2",NA,NA,"17.6",NA,NA,"43.2","11.84175824","KENFCT","7009","1.6","0","chicken meat, fresh, raw","AP","Animal Products","2734","poultry meat and products","21121","meat of chickens, fresh or chilled","21121.01"
"824","Chicken (vendor)","MAFOODS","MW03_0010","chicken stew, (nkhuku yokazingira)","R41",NA,NA,NA,NA,NA,"chicken stew, (nkhuku yokazingira)","72.5296659","157.0468664","13.25115207","","","0.055448445","0.050560484","2.235670507","0.144195565","","","3.193491359","","","0.107834101","10.29278226","2.914095622","","","120.0633641","0.73375288",NA,NA,"2.894786866","0.443548387","216.4405818",NA,NA,"28.36497696",NA,NA,"32.59376152","2.284170507","","","2.006693548","0","chicken meat, fresh, stew","AP","Animal Products","2734","poultry meat and products","21121","meat of chickens, fresh or chilled","21121.03"
"522","Chicken/Pieces","MAFOODS","MW03_0011","chicken, meat with skin, free range, local, raw, (nkhuku ya chikuda)","26",NA,NA,NA,NA,NA,"chicken, meat with skin, free range, local, raw, (nkhuku ya chikuda)","73.06","128.77","7.2","","","0.088","0.064","3.712","0.272","","","1.6","","","0.24","1.28","0.28","","","8",NA,NA,NA,"0.96",NA,"207.2",NA,NA,"17.6",NA,NA,"43.2","11.84175824","KENFCT","7009","1.6","0","chicken meat, minced, fresh, raw","AP","Animal Products","2734","poultry meat and products","21121","meat of chickens, fresh or chilled","21121.02"
"405","Chinese cabbage","MAFOODS","MW04_0003","cabbage, chinese, boiled, brassica chinensis,(chayinizi)","9",NA,NA,NA,NA,NA,"cabbage, chinese, boiled, brassica chinensis,(chayinizi)","95","18.75","26.66666667","KENFCT","4005","0.023","0.023","0.455","0.049","","","12.5","","","0","37.5","0","","","84","0.06",NA,NA,"0.341",NA,"167",NA,NA,"15",NA,NA,"9","1.666666667","","","0.6","0.0089","cabbages, chinese, raw","FV","Fruits and Vegetables","2605","vegetables, other and products","1212","cabbages","1212.02"
"821","Chips (vendor)","MAFOODS","MW01_0025","french fries/chips, (chipisi)","R19",NA,NA,NA,NA,NA,"french fries/chips, (chipisi)","48.87788779","263.6532178","0","KENFCT","15110","0.187247525","0.01269802","1.945618812","0.297401733","","","3.291460396","","","0","16.5029703","7.544537954","","","8.613861386","0.175544554",NA,NA,"1.023267327",NA,"461.389604",NA,NA,"20.48019802",NA,NA,"2.896039604","0.752902978","","","0.424158416","0.0011","potato, crisps","RT","Roots and Tubers","2531","potatoes and products","1510","potatoes","1510.02"
"903","Cocoa, millo","KENFCT","12004","drinking chocolate, powder",NA,NA,NA,NA,NA,NA,"drinking chocolate, powder","1","541","61","","","0.03","0.15","0.5","0.11","MOZFCT","MZF0241","6","MOZFCT","MZF0241","0","1","0.19","MOZFCT","MZF0241","60",NA,NA,NA,"2",NA,"591",NA,NA,"98",NA,NA,"120","3","","","1.55","0","chocolate, milk","OT","Other foods","2633","cocoa beans and products","F0666","chocolate products nes","F0666.01"
"208","Cocoyam (masimbi)","MAFOODS","MW01_0013","cocoyam, tuber, raw, (masimbi/koko)","WA",NA,NA,NA,NA,NA,"cocoyam, tuber, raw, (masimbi/koko)","64.7","137.4","0","WAFCT","02_005","0.1","0.03","0.8","0.24","","","22","","","0","8","2.4","","","11","0.16",NA,NA,"0.6",NA,"457",NA,NA,"13",NA,NA,"7","1.138709677","KENFCT","2019","1.38","0.0059","taros, raw","RT","Roots and Tubers","2534","roots, other and products","1550","taro ","1550.01"
"902","Coffee","KENFCT","12003","coffee, instant, dry powder or granules",NA,"2B(18005), AU14(01B10303), UK7(17-158), US28(14214)",NA,NA,NA,NA,"coffee, instant, dry powder or granules","3.1","311","0","","","0","1","42.9","0.03","WAFCT","12_005","7","","","0","2","0.05","","","145","0.46",NA,NA,"3.9",NA,"3690",NA,NA,"350",NA,NA,"83","9","","","0.71","0","coffee beverages","OT","Other foods","2630","coffee and products","23912.02","coffee extracts","23912.02.02"
"308","Cowpea (khobwe)","MAFOODS","MW02_0007","cowpea, dry, vigna unguiculata, (khobwe/nseula)","10",NA,NA,NA,NA,NA,"cowpea, dry, vigna unguiculata, (khobwe/nseula)","11.05","349.443","3.026","","","0.716","0.151","3.126","0.363","","","420.546","","","0","0.807","0.424","","","82.2325","0.585851",NA,NA,"5.36956",NA,"1220.29",NA,NA,"172.466",NA,NA,"19.962","5.79628","","","2.82702","6e-04","black eye peas, dried, raw","PB","Pulses and Beans","2549","pulses, other and products","1706","cow peas, dry","1706.02"
"409","Cucumber","KENFCT","4016","cucumber, green, unpeeled, raw",NA,"1E, 2P(127), 11E(Cucumber, whole, raw / Concombre, entier, cru), CTA(159), IN17(D043), MA1018, US28(11205)",NA,NA,NA,NA,"cucumber, green, unpeeled, raw","96.2","11","0","","","0.03","0.02","0.2","0.034545455","WAFCT","04_032","5.181818182","","","0","7","0.017272727","","","20","0.034545455",NA,NA,"0.7",NA,"136",NA,NA,"14",NA,NA,"22","1","","","0.18","0.0062","cucumbers, raw","FV","Fruits and Vegetables","2605","vegetables, other and products","1232","cucumbers and gherkins","1232.01"
"501","Eggs","MAFOODS","MW03_0015","egg, chicken, whole, raw, (dzira la nkhuku)","MZF",NA,"2P(198), FAO(1208), IN17(M001), NG1179, NG1084, SA10(2901), SGS, US28(01123)",NA,NA,NA,"egg, chicken, whole, raw, (dzira la nkhuku)","75","147.9","67","","","0.13","0.4","0.1","0.04","","","46","","","1.9","0","1.470588235","WAFCT","08_001","39","0.117647059",NA,NA,"1.8",NA,"98",NA,NA,"9",NA,NA,"126","23.85892116","KENFCT","7011","1.15","0.2222","egg, chicken, raw","AP","Animal Products","2744","eggs and products","231","hen eggs in shell, fresh","231.01"
"823","Eggs - boiled (vendor)","MAFOODS","MW03_0013","egg, chicken, boiled, (dzira lowilitsa)","R59",NA,"calc. from / de 08_005",NA,NA,NA,"egg, chicken, boiled, (dzira lowilitsa)","72.22222222","164.3333333","74.44444444","","","0.115555556","0.422222222","0.105555556","0.042222222","","","38.33333333","","","1.794444444","0","2.296587927","WAFCT","08_010","43.33333333","0.065616798",NA,NA,"2",NA,"103.4444444",NA,NA,"10",NA,NA,"140","24.20470263","KENFCT","7027","1.277777778","0.2222","egg, chicken, boiled","AP","Animal Products","2744","eggs and products","231","hen eggs in shell, fresh","231.02"
"107","Finger millet (mawere)","MAFOODS","MW01_0016","finger millet, grain, raw, (mawere)","10",NA,NA,NA,NA,NA,"finger millet, grain, raw, (mawere)","8.67","378.236","0","","","0.31","0.134","1.756","0.754","","","29.961","","","0","0","0.052","","","300.377","0.518584",NA,NA,"10.1343",NA,"392.595",NA,NA,"146.993",NA,NA,"19.63","3.02203","","","1.83513","0.001","finger millet,  grain","CE","Cereals","2517","millet and products","118","millet","118.02"
"826","Fish (vendor)","MAFOODS","MW03_0030","fish, tilapia, fresh, grilled, (chambo chootcha)","R33",NA,NA,NA,NA,NA,"fish, tilapia, fresh, grilled, (chambo chootcha)","67.96268815","146.4413292","54.05978376","","","0.082679669","0.108119568","1.144795421","0.127199491","","","11.44795421","","","0.060419758","0","0.635997456","","","116.5412338","0.468801676",NA,NA,"4.014733941","168.9330952","0.57239771",NA,NA,"87.85244859",NA,NA,"47.6998092","39.47803589","uFish","91193","0","0.0563","tilapia, fresh, grilled ","AP","Animal Products","2761","freshwater fish","1501","freshwater fish, fresh","1501.03"
"826","Fish (vendor)","MAFOODS","MW03_0030","fish, tilapia, fresh, grilled, (chambo chootcha)","R33",NA,NA,NA,NA,NA,"fish, tilapia, fresh, grilled, (chambo chootcha)","67.96268815","146.4413292","54.05978376","","","0.082679669","0.108119568","1.144795421","0.127199491","","","11.44795421","","","0.060419758","0","0.635997456","","","116.5412338","0.468801676",NA,NA,"4.014733941","168.9330952","0.57239771",NA,NA,"87.85244859",NA,NA,"47.6998092","39.47803589","uFish","91193","0","0.0563","catfish, african, fresh, grilled","AP","Animal Products","2761","freshwater fish","1501","freshwater fish, fresh","1501.04"
"514","Fish Soup/Sauce","MAFOODS","MW03_0019","fish powder stew, (supu ya ufa wansomba)","R13",NA,NA,NA,NA,NA,"fish powder stew, (supu ya ufa wansomba)","91.13444358","44.44637794","23.24723247","","","0.043576908","0.014944649","0.598809963","0.06820572","","","8.738337541","","","0","7.896120606","0.624922315","","","291.5847495","1.879849243",NA,NA,"6.632974849","0.934647504","176.5933919",NA,NA,"42.75689454",NA,NA,"4.481137114","6.005000971","","","2.044110507","0","pelagic fish, fresh, soup","AP","Animal Products","2763","pelagic fish","1533","pelagic fish, preparation nes","1533.01"
"906","Freezes (flavoured ice)","WAFCT","12_012","carbonated drink (e.g. coca-cola, sprite)","DK2(194), US28(09016)",NA,NA,NA,NA,NA,"juice, canned or bottled, sweetened (e.g. apple)","87.9","48","0","","","0.02","0.02","0.1","0.03","","","0","","","0","1","0.01","","","9","0.01",NA,NA,"0.3",NA,"80",NA,NA,"5",NA,NA,"10","0","AHHA","20001","0.04","0","flavoured ice","OT","Other foods","2542","sugar (raw equivalent) and products","23670.01","sugar confectionery","23670.01.02"
"701","Fresh milk","MAFOODS","MW03_0059","milk, cow, whole, fresh, (mkaka wa ng'ombe wa madzi)","20",NA,NA,NA,NA,NA,"milk, cow, whole, fresh, (mkaka wa ng'ombe wa madzi)","87.86","66.5084","44","","","0.02","0.16","0.1","0.04","","","5","","","0.4","1","0.07","","","120",NA,NA,NA,"0.1",NA,"135.612",NA,NA,"12",NA,NA,"64.56","2.658394161","KENFCT","6022","0.38","0.0278","milk, cow, whole, raw","AP","Animal Products","2848","milk - (excluding excluding butter butter) and products","2211","raw milk of cattle","2211.01"
"505","Goat","MAFOODS","MW03_0052","goat, meat, raw, (nyama ya mbuzi)","WA",NA,NA,NA,NA,NA,"goat, meat, raw, (nyama ya mbuzi)","68","165.4","0","","","0.18","0.29","6.1","0.4","","","5","","","1.1","0","0.18","","","11","0.16",NA,NA,"2.4",NA,"385",NA,NA,"27",NA,NA,"82","27.71653543","KENFCT","7014","3.45","0.0248","goat meat, fresh, raw","AP","Animal Products","2732","mutton & and goat meat and products","21116","meat of goat, fresh or chilled","21116.01"
"105","Green maize","MAFOODS","MW01_0040","maize, green, boiled, (dowe)","9",NA,NA,NA,NA,NA,"maize, green, boiled, (dowe)","68","133.061","0","","","0.08","0.028","0.563","0.047","","","6.569","","","0","0","0.469","","","6.569","0.1",NA,NA,"1.126",NA,"141",NA,NA,"49",NA,NA,"3","3.80952381","KENFCT","1051","0.8","5e-04","maize, green, raw","FV","Fruits and Vegetables","2605","vegetables, other and products","1290.01","green corn (maize) ","1290.01.01"
"307","Ground bean (nzama)","WAFCT","03_057","ground bean, dry, raw","AU14:IN17:UP1(average of all beans), MA1018, NG1051, NG1058",NA,NA,NA,NA,NA,"ground bean, dry, raw","9.3","322","1","","","0.77","0.19","2.3","0.34","","","480","","","0","2","0.44","","","60","0.52",NA,NA,"10",NA,"264",NA,NA,"186",NA,NA,"9","1.86","AHHA","8007","1.12","5e-04","bambara bean, dried, raw","PB","Pulses and Beans","2549","pulses, other and products","1708","bambara beans, dry","1708.01"
"311","Groundnut (shelled)","MAFOODS","MW02_0014","groundnut, dry, arachis hypogae, (mtedza wouma)","10",NA,NA,NA,NA,NA,"groundnut, dry, arachis hypogae, (mtedza wouma)","6.5","597.3228","0","","","0.868","0.139","15.467","0.589","","","109.765","","","0","0","10.877","","","43.384","0.92752",NA,NA,"1.93545",NA,"725.448",NA,NA,"199.155",NA,NA,"5.987","3.0481","","","2.4684","6e-04","peanut, shelled","PB","Pulses and Beans","2556","groundnuts (shelled eq) and products","21421","groundnuts, shelled","21421.01"
"312","Groundnut (unshelled)","MAFOODS","MW02_0014","groundnut, dry, arachis hypogae, (mtedza wouma)","10",NA,NA,NA,NA,NA,"groundnut, dry, arachis hypogae, (mtedza wouma)","6.5","597.3228","0","","","0.868","0.139","15.467","0.589","","","109.765","","","0","0","10.877","","","43.384","0.92752",NA,NA,"1.93545",NA,"725.448",NA,NA,"199.155",NA,NA,"5.987","3.0481","","","2.4684","6e-04","peanut, unshelled","PB","Pulses and Beans","2556","groundnuts (shelled eq) and products","142","groundnuts, excluding shelled","142.01"
"305","Groundnut flour","MAFOODS","MW02_0010","flour, groundnut, arachis hypogaea, (nsinjilo)","9",NA,NA,NA,NA,NA,"flour, groundnut, arachis hypogaea, (nsinjilo)","8","582.566","0","","","0.856","0.135","9.517","0.577","","","107.67","","","0","0","10.604","","","83","0.8",NA,NA,"3.845",NA,"892",NA,NA,"187",NA,NA,"18","3.0481","AHHA","R8001","2.8","6e-04","peanut, flour, raw","PB","Pulses and Beans","2556","groundnuts (shelled eq) and products","142","groundnuts, excluding shelled","142.02"
"313","Groundnut fresh (unshelled)","MAFOODS","MW02_0015","groundnut, dry, boiled, arachis hypogae,(mtedza wouma wophika)","9",NA,NA,NA,NA,NA,"groundnut, dry, boiled, arachis hypogae,(mtedza wouma wophika)","49","323.907","0","","","0.474","0.076","8.437","0.321","","","59.872","","","0","0","5.933","","","41","0.4",NA,NA,"2.123",NA,"510",NA,NA,"123",NA,NA,"15","6.503719447","KENFCT","10009","1.4","6e-04","peanuts, fresh, unshelled, raw","PB","Pulses and Beans","2556","groundnuts (shelled eq) and products","142","groundnuts, excluding shelled","142.03"
"606","Guava","MAFOODS","MW05_0008","guavas, psidium guajava, (gwafa)","9",NA,NA,NA,NA,NA,"guavas, psidium guajava, (gwafa)","83","70.951","4.913","","","0.049","0.02","1.179","0.79","","","18.671","","","0","340.983","0.717","","","7","0.1",NA,NA,"0.393",NA,"282",NA,NA,"18",NA,NA,"7","0","KENFCT","5011","0.2","8e-04","guavas, raw","FV","Fruits and Vegetables","2625","fruits, other and products","1316","mangoes, guavas, mangosteens","1316.02"
"817","Honey","KENFCT","11001","honey, raw",NA,"1E, 3B(Honey / Miel), US28(19296)",NA,NA,NA,NA,"honey, raw","19.2","322","0","","","0","0","0","0.019755501","WAFCT","13_001","1.975550122","","","0","0","0","","","11","0.048792271",NA,NA,"0.6",NA,"74",NA,NA,"3",NA,NA,"17","0.780676329","AHHA","18004","3","0","honey","OT","Other foods","2745","honey and products","2910","natural honey","2910.01"
"814","Hot sauce (Nali, etc.)","KENFCT","13031","tomato, sauce (ketchup)",NA,"DK2(596), UK7(13-530), US28(11531)",NA,NA,NA,NA,"tomato, sauce (ketchup)","67.5","115","22","","","0","0.1","1.3","0.627192982","WAFCT","04_065","96.92982456","","","0","0","5.473684211","","","13","0.456140351",NA,NA,"0.7",NA,"316",NA,NA,"16",NA,NA,"918","0.5","","","0.18","0","tabasco, sauce","OT","Other foods","2645","spices, other and products","1699","other stimulant, spice and aromatic crops, n.e.c. ","1699.06"
"708","Infant feeding formula (for bottle)","","","",NA,NA,NA,NA,NA,NA,NA,NA,NA,NA,"","",NA,NA,NA,NA,"","",NA,"","",NA,NA,NA,"","",NA,NA,NA,NA,NA,NA,NA,NA,NA,NA,NA,NA,NA,NA,"","",NA,"0","infant formula, milk-based, casein, powder","OT","Other foods","2680","infant food and products","23991.01","infant food","23991.01.02"
"205","Irish potato","MAFOODS","MW01_0050","potato, local variety, raw, (mbatata ya kachewere)","30",NA,NA,NA,NA,NA,"potato, local variety, raw, (mbatata ya kachewere)","77.8","67.5265","0","KENFCT","2009","0.1576","0.009","1.379","0.21079","","","2.955","","","0","13.89","0.0591","","","5.8","0.1182",NA,NA,"0.689",NA,"327.02",NA,NA,"13.79",NA,NA,"1.95","0.795698925","","","0.2856","0.0011","potatoes, raw","RT","Roots and Tubers","2531","potatoes and products","1510","potatoes","1510.01"
"815","Jam, jelly","WAFCT","13_023","jam or marmalade","AU14(12B10087; 12B10075), SA10(3985), UK7(17-073; 17-688; 17-078), US28(19303; 19297)",NA,NA,NA,NA,NA,"jam or marmalade","29.1","281","2","","","0","0","0","0.03","","","2","","","0","7","0.05","","","24","0.16",NA,NA,"1",NA,"85",NA,NA,"6",NA,NA,"15","0","UKFCT","17-073","0.2","0","jam, mixed fruit","FV","Fruits and Vegetables","2625","fruits, other and products","F0623","fruit prepared n.e.c.","F0623.01"
"815","Jam, jelly","WAFCT","13_023","jam or marmalade","AU14(12B10087; 12B10075), SA10(3985), UK7(17-073; 17-688; 17-078), US28(19303; 19297)",NA,NA,NA,NA,NA,"jam or marmalade","29.1","281","2","","","0","0","0","0.03","","","2","","","0","7","0.05","","","24","0.16",NA,NA,"1",NA,"85",NA,NA,"6",NA,NA,"15","0","UKFCT","17-073","0.2","0","jelly, fruits","FV","Fruits and Vegetables","2625","fruits, other and products","F0623","fruit prepared n.e.c.","F0623.02"
"915","Locally brewed liquor (kachasu)","AHHA","22007","wine, red",NA,NA,"FAO(1562), SA10(4039), US28(14003), 12_004",NA,NA,NA,"kachaso, local beer","66.6","231","0","","","0.01","0","0","0.001","","","0","","","0","0","0","WAFCT","12_002","0","0.02",NA,NA,"0",NA,"2",NA,NA,"0",NA,NA,"1","0","","","0.04","0","gin","OT","Other foods","2658","beverages, alcoholic and products","2413","undenatured ethyl alcohol of an alcoholic strength by volume of less than 80% vol; spirits, liqueurs and other spirituous beverages","2413.01"
"309","Macademia nuts","KENFCT","10010","nut, macadamia, raw, unsalted",NA,NA,NA,NA,NA,NA,"nut, macadamia, raw, unsalted","7.7","696","0","","","0.27","0.1","2","0.28","UKFCT","14-891","0","UKFCT","14-891","0","4.6","1.49","UKFCT","14-891","44",NA,NA,NA,"2.2",NA,"308",NA,NA,"100",NA,NA,"5","10","","","1.3","0.0011","macadamias","OT","Other foods","2551","nuts and products","1379.9","other nuts (excluding wild edible nuts and groundnuts), in shell, n.e.c.","1379.9.01"
"910","Maheu","WAFCT","12_002","beer, maize (ca. 3% v/v alcohol)","FAO(1562), SA10(4039), US28(14003), 12_004",NA,NA,NA,NA,NA,"beer, maize (ca. 3% v/v alcohol)","93.2","33","0","","","0.01","0.03","0.3","0.05","","","6","","","0","0","0","","","4","0.01",NA,NA,"0.2",NA,"80",NA,NA,"14",NA,NA,"3","0","AHHA","22007","0.07","5e-04","maize-fermented beverage","CE","Cereals","2657","beverages, fermented and products","24230.03","cider and other fermented beverages","24230.03.02"
"820","Maize - boiled or roasted (vendor)","MAFOODS","MW01_0040","maize, green, boiled, (dowe)","9",NA,NA,NA,NA,NA,"maize, green, boiled, (dowe)","68","133.061","0","","","0.08","0.028","0.563","0.047","","","6.569","","","0","0","0.469","","","6.569","0.1",NA,NA,"1.126",NA,"141",NA,NA,"49",NA,NA,"3","3.80952381","KENFCT","1051","0.8","5e-04","maize, green, roasted","FV","Fruits and Vegetables","2605","vegetables, other and products","1290.01","green corn (maize) ","1290.01.02"
"820","Maize - boiled or roasted (vendor)","MAFOODS","MW01_0040","maize, green, boiled, (dowe)","9",NA,NA,NA,NA,NA,"maize, green, boiled, (dowe)","68","133.061","0","","","0.08","0.028","0.563","0.047","","","6.569","","","0","0","0.469","","","6.569","0.1",NA,NA,"1.126",NA,"141",NA,NA,"49",NA,NA,"3","3.80952381","KENFCT","1051","0.8","5e-04","maize, green, boiled","FV","Fruits and Vegetables","2605","vegetables, other and products","1290.01","green corn (maize) ","1290.01.03"
"104","Maize grain (not as ufa)","MAFOODS","MW01_0037","","10",NA,NA,NA,NA,NA,"maize, grain, white, raw, (chimanga)","10.91","370.139","0","KENFCT","1018","0.352","0.101","2.112","0.201","","","26.144","","","0","0","1.307","","","3.04722","0.183546",NA,NA,"1.41669",NA,"311.712",NA,NA,"81.972",NA,NA,"11.061","1.61271","","","1.57707","5e-04","maize, grain, white, dried, raw","CE","Cereals","2514","maize and products (including white maize)","112","maize (corn)","112.01"
"101","Maize ufa mgaiwa (normal flour)","MAFOODS","MW01_0019","flour, maize, white, whole, unfortified, raw, (mgaiwa)","6",NA,NA,NA,NA,NA,"flour, maize, white, whole, unfortified, raw, (mgaiwa)","12.3","374.3","0","","","0.495","0.119","1.387","0.367","","","24.774","","","0","0","1.288","","","17.837","0.228",NA,NA,"3.766",NA,"312.153",NA,NA,"92.159",NA,NA,"10.901","9.135416667","KENFCT","1022","1.714","5e-04","maize, flour, white, unrefined, non-fermented, raw","CE","Cereals","2514","maize and products (including white maize)","23120.03","flour of maize","23120.03.01"
"102","Maize ufa refined (fine flour)","MAFOODS","MW01_0018","flour, maize, white, degermed-dehulled, unfortified, raw, (ufa wa galamilu)","4",NA,NA,NA,NA,NA,"flour, maize, white, degermed-dehulled, unfortified, raw, (ufa wa galamilu)","12.19","367.02","0","","","0.127","0.039","0.781","0.078","","","9.757","","","0","0","0.41","","","3.903","0.107",NA,NA,"0.976",NA,"139.52",NA,NA,"31.221",NA,NA,"1.951","7.0248","AHHA","1003","0.498","5e-04","maize, flour, white, refined, non-fermented, raw","CE","Cereals","2514","maize and products (including white maize)","23120.03","flour of maize","23120.03.02"
"827","Mandazi, doughnut (vendor)","MAFOODS","MW01_0014","doughnuts (mandasi)","R05",NA,NA,NA,NA,NA,"doughnuts (mandasi)","48.9780658","211.1041874","23.96144899","","","0.116259555","0.137879694","0.372107012","0.047185111","","","11.43652376","","","0.267115321","0.353107345","0.053406447","","","58.32502493","0.014212238",NA,NA,"2.002858092",NA,"128.356876",NA,NA,"14.59102692",NA,NA,"38.09332004","0","AHHA","7002","0.253406447","5e-04","dough, sweet, fried","CE","Cereals","2511","wheat and products","F0022","pastry","F0022.04"
"601","Mango","MAFOODS","MW05_0016","mango,ripe, (mango)","10",NA,NA,NA,NA,NA,"mango,ripe, (mango)","83.46","65.621","122.92","","","0.054","0.03","0.027","0.063","","","34.153","","","0","28.019","1.012","","","15.0315","0.13299",NA,NA,"0.2937",NA,"148.227",NA,NA,"18.315",NA,NA,"0.904","0.77055","","","0.09504","0.001","mangoes, raw","FV","Fruits and Vegetables","2625","fruits, other and products","1316","mangoes, guavas, mangosteens","1316.01"
"703","Margarine - Blue band","MAFOODS","MW06_0001","margarine, rama, brick","MZF",NA,NA,NA,NA,NA,"margarine, rama, brick","17.1","724","850","","","1.3","1.7","18","2","","","200","","","1","0","10","","","6",NA,NA,NA,"0",NA,"9",NA,NA,"1",NA,NA,"750","0","KENFCT","9004","0","0","margarine","OT","Other foods","2586","oilcrops oil, other and products","21700.02","margarine and shortening","21700.02.01"
"829","Meal eaten at restaurant (vendor)","MAFOODS","MW03_0010","chicken stew, (nkhuku yokazingira)","R41",NA,NA,NA,NA,NA,"chicken stew, (nkhuku yokazingira)","72.5296659","157.0468664","13.25115207","","","0.055448445","0.050560484","2.235670507","0.144195565","","","3.193491359","","","0.107834101","10.29278226","2.914095622","","","120.0633641","0.73375288",NA,NA,"2.894786866","0.443548387","216.4405818",NA,NA,"28.36497696",NA,NA,"32.59376152","2.284170507","","","2.006693548","0","goat meat, fresh, grilled","AP","Animal Products","2732","mutton & and goat meat and products","21116","meat of goat, fresh or chilled","21116.02"
"829","Meal eaten at restaurant (vendor)","MAFOODS","MW03_0010","chicken stew, (nkhuku yokazingira)","R41",NA,NA,NA,NA,NA,"chicken stew, (nkhuku yokazingira)","72.5296659","157.0468664","13.25115207","","","0.055448445","0.050560484","2.235670507","0.144195565","","","3.193491359","","","0.107834101","10.29278226","2.914095622","","","120.0633641","0.73375288",NA,NA,"2.894786866","0.443548387","216.4405818",NA,NA,"28.36497696",NA,NA,"32.59376152","2.284170507","","","2.006693548","0","chicken meat, fresh, deep-fried","AP","Animal Products","2734","poultry meat and products","21121","meat of chickens, fresh or chilled","21121.04"
"413","Mushroom","MAFOODS","MW04_0025","mushroom, oyster, cultivated, raw, pleurotus florida,(bowa wolimidwa)","16",NA,NA,NA,NA,NA,"mushroom, oyster, cultivated, raw, pleurotus florida,(bowa wolimidwa)","91.7","29.892","1.534","","","0.096","0.268","3.802","0.084","","","29.15","","","0","0","0","","","2.8","0.187",NA,NA,"0.2",NA,"322.181",NA,NA,"8",NA,NA,"13.808","1.994","","","0.591","0.006","common mushrooms, raw","FV","Fruits and Vegetables","2605","vegetables, other and products","1270","mushrooms and truffles","1270.01"
"507","Mutton","MAFOODS","MW03_0063","mutton, meat, ~20% fat, raw, (nyama ya nkhosa)","WA",NA,NA,NA,NA,NA,"mutton, meat, ~20% fat, raw, (nyama ya nkhosa)","60.6","256.8","10","","","0.13","0.19","3.5","0.4","","","2","","","2.9","0","0.21","","","10","0.11",NA,NA,"2.1",NA,"250",NA,NA,"22",NA,NA,"76","34.16802168","KENFCT","7044","3.33","0.0248","sheep meat, fresh, raw","AP","Animal Products","2732","mutton & and goat meat and products","21115","meat of sheep, fresh or chilled","21115.01"
"404","Nkhwani","MAFOODS","MW04_0019","","10",NA,NA,NA,NA,NA,"leaves, pumpkin, raw, (nkhwani)","92.88","26.791","126.05","","","0.047","0.069","0.485","0.111","","","31.644","","","0","23.206","4.536","","","128.51","0.07526",NA,NA,"5.9001",NA,"229.95",NA,NA,"47.996",NA,NA,"5.801","0.55948","","","0.3692","0.0136","pumpkin leaves, raw","FV","Fruits and Vegetables","2605","vegetables, other and products","1214","lettuce and chicory","1214.04"
"411","Okra / Therere","MAFOODS","MW04_0030","okra, raw, abelmoschusesculentus, (therere lobala)","9",NA,NA,NA,NA,NA,"okra, raw, abelmoschusesculentus, (therere lobala)","84","61.1708","40.784","","","0.063","0.125","1.098","0.345","","","138.039","","","0","43.922","0.565","","","104","0.141",NA,NA,"1.255",NA,"382",NA,NA,"77",NA,NA,"11","1.6","KENFCT","4026","0.941","0.0018","okra, raw","FV","Fruits and Vegetables","2605","vegetables, other and products","1239.01","okra ","1239.01.01"
"401","Onion","MAFOODS","MW04_0031","onion, raw, (anyezi)","10",NA,NA,NA,NA,NA,"onion, raw, (anyezi)","89.11","42.512","0","","","0.029","0.01","0.096","0.115","","","1.911","","","0","5.732","0.019","","","33.463","0.12317",NA,NA,"0.4796",NA,"171.945",NA,NA,"20.056",NA,NA,"14.329","0.32373","","","0.39458","0.001","onions, raw","FV","Fruits and Vegetables","2602","onions and products","1253.02","onions and shallots, dry (excluding dehydrated)","1253.02.01"
"204","Orange sweet potato","MAFOODS","MW01_0063","sweet potato, orange fleshed, raw, (mbatata yofiila mkati)","29",NA,NA,NA,NA,NA,"sweet potato, orange fleshed, raw, (mbatata yofiila mkati)","76.6","80.6617","925.83","","","0.029","0.0486","0.973","0.204","","","10.7","","","0","30.16","0.25","","","26",NA,NA,NA,"0.486",NA,"243.25",NA,NA,"13.62",NA,NA,"9.73","1.098591549","KENFCT","2014","0.486","0.0011","sweet potatoes, orange-flesh, raw","RT","Roots and Tubers","2533","sweet potatoes and products","1530","sweet potatoes","1530.02"
"509","Other poultry - guinea fowl, doves, etc.","MAFOODS","MW03_0065","quail, breast, raw, coturnix japonica, (chinziri)","19",NA,"16V(173; 174), IN17(N013), NG1200, US28(05152)",NA,NA,NA,"quail, breast, raw, coturnix japonica, (chinziri)","72.53","120.59","10.666","","","0.233","0.2356","7.951","0.514","","","3.879","","","0.557","4.945","1.417103175","WAFCT","07_070","9.696","0.054503968",NA,NA,"2.239",NA,"252.107",NA,NA,"27.15",NA,NA,"53.33","14.50561056","KENFCT","7026","2.618","0","guinea-fowl meat, fresh, raw","AP","Animal Products","2735","meat, other and products","21170.01","meat of pigeons and other birds n.e.c., fresh, chilled or frozen","21170.01.02"
"509","Other poultry - guinea fowl, doves, etc.","MAFOODS","MW03_0065","quail, breast, raw, coturnix japonica, (chinziri)","19",NA,"16V(173; 174), IN17(N013), NG1200, US28(05152)",NA,NA,NA,"quail, breast, raw, coturnix japonica, (chinziri)","72.53","120.59","10.666","","","0.233","0.2356","7.951","0.514","","","3.879","","","0.557","4.945","1.417103175","WAFCT","07_070","9.696","0.054503968",NA,NA,"2.239",NA,"252.107",NA,NA,"27.15",NA,NA,"53.33","14.50561056","KENFCT","7026","2.618","0","pigeon meat, fresh, raw","AP","Animal Products","2735","meat, other and products","21170.01","meat of pigeons and other birds n.e.c., fresh, chilled or frozen","21170.01.01"
"605","Papaya","MAFOODS","MW05_0019","pawpaw, fresh, (papaya)","10",NA,NA,NA,NA,NA,"pawpaw, fresh, (papaya)","88.06","47.6908","15.991","","","0.032","0.011","0.32","0.011","","","14.925","","","0","92.748","0.778","","","65.926","0.12376",NA,NA,"0.38437",NA,"204.686",NA,NA,"48.552",NA,NA,"7.463","1.2852","","","0.12852","0.0019","papayas, raw","FV","Fruits and Vegetables","2625","fruits, other and products","1317","papayas","1317.01"
"109","Pearl millet (mchewere)","WAFCT","01_095","pearl millet, decorticated, raw","GH2000, 01_063, 01_017",NA,NA,NA,NA,NA,"pearl millet, decorticated, raw","10","370","0","","","0.2","0.2","1.9","0.32","","","47","","","0","0","0.56","","","13","0.38",NA,NA,"5.4",NA,"279",NA,NA,"94",NA,NA,"12","25.28089888","KENFCT","1025","2.42","8e-04","pearl millet,  grain","CE","Cereals","2517","millet and products","118","millet","118.03"
"303","Pigeonpea (nandolo)","MAFOODS","MW02_0017","pigeon pea, dry, canjanus cajan,(nandolo)","9",NA,NA,NA,NA,NA,"pigeon pea, dry, canjanus cajan,(nandolo)","8","364.1708","8.378","","","0.607","0.178","2.723","0.272","","","356.081","","","0","0","0.388","","","112","1.2",NA,NA,"6.095",NA,"970.845",NA,NA,"179.088",NA,NA,"27.23","15.6996587","KENFCT","3021","2.2","7e-04","pigeon peas, dried, raw","PB","Pulses and Beans","2549","pulses, other and products","1707","pigeon peas, dry","1707.01"
"604","Pineapple","MAFOODS","MW05_0021","pineapple, raw, peeled, ananas comosus,(nanazi losenda)","ZA",NA,NA,NA,NA,NA,"pineapple, raw, peeled, ananas comosus,(nanazi losenda)","85.3","58.1","6.255319149","WAFCT","05_018","0.08","0.02","0.3","0.055","","","16","","","0","43","0","","","4","0.04",NA,NA,"0.3",NA,"159",NA,NA,"10",NA,NA,"1","1.289473684","KENFCT","5030","0.03","0","pineapple, raw","FV","Fruits and Vegetables","2618","pineapples and products","1318","pineapples","1318.01"
"207","Plantain, cooking banana","MAFOODS","MW01_0048","plantain, green, boiled, musaparadisiaca, (matochi)","31",NA,NA,NA,NA,NA,"plantain, green, boiled, musaparadisiaca, (matochi)","63.1","124.28","37.869","","","0.048","0.0388","0.48","0.204","","","12.6","","","0","11.85","0.184","","","5.65","0.0679",NA,NA,"0.776",NA,"156.1",NA,NA,"31.07",NA,NA,"2.91","1.397727273","KENFCT","2004","0.097","8e-04","plantain, raw","FV","Fruits and Vegetables","2616","plantains and products","1313","plantains and others","1313.01"
"506","Pork","MAFOODS","MW03_0064","pork, meat,  ~20% fat, raw, sus scrofa domesticus, (nyama ya nkhumba)","WA",NA,NA,NA,NA,NA,"pork, meat,  ~20% fat, raw, sus scrofa domesticus, (nyama ya nkhumba)","60.1","265.2","0","","","0.72","0.22","3.8","0.32","","","2","","","0.8","0","0.1","","","10","0.1",NA,NA,"1.4",NA,"301",NA,NA,"20",NA,NA,"68","26.10280374","KENFCT","7020","3.6","0.0027","pig meat, with bones, fresh, raw","AP","Animal Products","2733","pigmeat and products","21113.01","meat of pig with the bone, fresh or chilled","21113.01.01"
"206","Potato crisps","MAFOODS","MW01_0025","french fries/chips, (chipisi)","R19",NA,NA,NA,NA,NA,"french fries/chips, (chipisi)","48.87788779","263.6532178","0","KENFCT","15110","0.187247525","0.01269802","1.945618812","0.297401733","","","3.291460396","","","0","16.5029703","7.544537954","","","8.613861386","0.175544554",NA,NA,"1.023267327",NA,"461.389604",NA,NA,"20.48019802",NA,NA,"2.896039604","0.752902978","","","0.424158416","0.0011","potato, crisps","RT","Roots and Tubers","2531","potatoes and products","1510","potatoes","1510.02"
"702","Powdered milk","WAFCT","10_002","milk, cow, powder, whole, unfortified","4E(Milk, cow, powder, whole / Lait de vache, en poudre, entier), 11E(Milk, powder, whole / Laid en poudre entier), AU14(09A30026), SA10(2721), US28(01090)",NA,NA,NA,NA,NA,"milk, cow, powder, whole, unfortified","4.5","493","329","","","0.3","1.2","0.8","0.25","","","37","","","1.8","13","1.1","","","925","0.08",NA,NA,"0.8",NA,"1140",NA,NA,"85",NA,NA,"380","24.6642562","KENFCT","6018","3.34","0","milk, cow, full-fat, powder","AP","Animal Products","2848","milk - (excluding excluding butter butter) and products","22211","whole milk powder","22211.01"
"410","Pumpkin","MAFOODS","MW04_0034","pumpkin, boiled, cucurbita maxima, (dzungu lowiritsa)","9",NA,NA,NA,NA,NA,"pumpkin, boiled, cucurbita maxima, (dzungu lowiritsa)","84","59.822","189.091","","","0.073","0.036","0.727","0.145","","","9.091","","","0","9.636","2.036","","","35","0.1",NA,NA,"2",NA,"358",NA,NA,"32",NA,NA,"8","1.649484536","KENFCT","4027","0.2","3e-04","pumpkins, raw","FV","Fruits and Vegetables","2605","vegetables, other and products","1235","pumpkins, squash and gourds","1235.01"
"106","Rice","MAFOODS","MW01_0058","rice,white, raw, oryza sativa, (mpunga woyera)","9",NA,NA,NA,NA,NA,"rice,white, raw, oryza sativa, (mpunga woyera)","13","348.101","0","","","0.147","0.029","0.205","0.156","","","7.82","","","0","0","0.108","","","7.82","0.6",NA,NA,"0.391",NA,"183",NA,NA,"169",NA,NA,"43.011","0.990888383","KENFCT","1034","1.6","4e-04","rice grain, white, raw","CE","Cereals","2805","rice and products","23161.01","rice, milled (husked) ","23161.01.01"
"106","Rice","MAFOODS","MW01_0058","rice,white, raw, oryza sativa, (mpunga woyera)","9",NA,NA,NA,NA,NA,"rice,white, raw, oryza sativa, (mpunga woyera)","13","348.101","0","","","0.147","0.029","0.205","0.156","","","7.82","","","0","0","0.108","","","7.82","0.6",NA,NA,"0.391",NA,"183",NA,NA,"169",NA,NA,"43.011","0.990888383","KENFCT","1034","1.6","4e-04","rice grain, white, raw","CE","Cereals","2805","rice and products","23161.02","rice, milled ","23161.02.01"
"834","Rosted groundnuts","AHHA","8006","groundnut, dry, boiled, arachis hypogae,(mtedza wouma wophika)",NA,NA,NA,NA,NA,NA,"* groundnut, dry, roasted","6.5","597","0","","","0.783","0.133","14.725","0.5301","","","77","","","0","0","1.11","UKFCT","14-878","45","0.93",NA,NA,"2.1",NA,"725",NA,NA,"200",NA,NA,"6","2.9","","","2.32","6e-04","peanut, unshelled, roasted","PB","Pulses and Beans","2556","groundnuts (shelled eq) and products","142","groundnuts, excluding shelled","142.04"
"832","Rosted sweet potatoes","AHHA","5010","",NA,NA,"1P(30), 1T(89), 2P(53), 6B, 07FG, 11E(Sweet potato / Patate douce), 12B(105), 16V(52; 54), AU14(13A12015), CTA(47), MA1018, IN17(F014), NG1039, SA10(4184)",NA,NA,NA,"* sweet potato, white, eaten without skin, grilled","77.3","89","1.8","","","0.063","0.0285","0.38","0.1791","","","26.6","","","0","6.4","0.120836502","WAFCT","02_022","17","1.24",NA,NA,"1",NA,"337",NA,NA,"81",NA,NA,"15","1","","","0.82","0.0011","sweet potato, white-flesh, roasted","RT","Roots and Tubers","2533","sweet potatoes and products","1530","sweet potatoes","1530.05"
"832","Rosted sweet potatoes","AHHA","5010","",NA,NA,"1P(30), 1T(89), 2P(53), 6B, 07FG, 11E(Sweet potato / Patate douce), 12B(105), 16V(52; 54), AU14(13A12015), CTA(47), MA1018, IN17(F014), NG1039, SA10(4184)",NA,NA,NA,"* sweet potato, white, eaten without skin, grilled","77.3","89","1.8","","","0.063","0.0285","0.38","0.1791","","","26.6","","","0","6.4","0.120836502","WAFCT","02_022","17","1.24",NA,NA,"1",NA,"337",NA,NA,"81",NA,NA,"15","1","","","0.82","0.0011","sweet potatoes, orange-flesh, roasted","RT","Roots and Tubers","2533","sweet potatoes and products","1530","sweet potatoes","1530.07"
"810","Salt","KENFCT","13027","salt, iodized",NA,"1G(WL), 1M(274), 16GH, US28(02047)",NA,NA,NA,NA,"salt, iodized","0.2","0","0","","","0","0","0","0","WAFCT","13_015","0","","","0","0","0","","","32","0.080241206",NA,NA,"0.1",NA,"98",NA,NA,"1",NA,NA,"38500","2","","","0.1","0","salt","OT","Other foods","2645","spices, other and products","1699","other stimulant, spice and aromatic crops, n.e.c. ","1699.02"
"828","Samosa (vendor)","KENFCT","15026","vegetable samosa",NA,NA,NA,NA,NA,NA,"vegetable samosa","30.2","325","138","","","0.46","0.31","3.2","0.15","UKFCT","15-305","44","UKFCT","15-305","0.33","23.7","0","UKFCT","15-305","55",NA,NA,NA,"3.8",NA,"333",NA,NA,"35",NA,NA,"243","1","","","1.76","0","samosa, vegetable","CE","Cereals","2511","wheat and products","F0022","pastry","F0022.05"
"828","Samosa (vendor)","KENFCT","15026","vegetable samosa",NA,NA,NA,NA,NA,NA,"vegetable samosa","30.2","325","138","","","0.46","0.31","3.2","0.15","UKFCT","15-305","44","UKFCT","15-305","0.33","23.7","0","UKFCT","15-305","55",NA,NA,NA,"3.8",NA,"333",NA,NA,"35",NA,NA,"243","1","","","1.76","0","samosa, meat","CE","Cereals","2511","wheat and products","F0022","pastry","F0022.06"
"510","Small animal Ã¯Â¿Â½ rabbit, mice, etc.","MAFOODS","MW03_0067","rabbit, meat, raw, oryctolagus cuniculus, (nyama ya kalulu)","WA",NA,NA,NA,NA,NA,"rabbit, meat, raw, oryctolagus cuniculus, (nyama ya kalulu)","72.7","129.6","10","","","0.11","0.15","9.5","0.57","","","5","","","10","0","0.8","","","16","0.15",NA,NA,"1.2",NA,"351",NA,NA,"27",NA,NA,"60","20.68181818","KENFCT","7021","1.7","0","rabbit meat, fresh, raw","AP","Animal Products","2735","meat, other and products","21114","meat of rabbits and hares, fresh or chilled","21114.01"
"510","Small animal Ã¯Â¿Â½ rabbit, mice, etc.","MAFOODS","MW03_0067","rabbit, meat, raw, oryctolagus cuniculus, (nyama ya kalulu)","WA",NA,NA,NA,NA,NA,"rabbit, meat, raw, oryctolagus cuniculus, (nyama ya kalulu)","72.7","129.6","10","","","0.11","0.15","9.5","0.57","","","5","","","10","0","0.8","","","16","0.15",NA,NA,"1.2",NA,"351",NA,NA,"27",NA,NA,"60","20.68181818","KENFCT","7021","1.7","0","rat meat, fresh, raw","AP","Animal Products","2735","meat, other and products","21119.01","meat of other domestic rodents, fresh or chilled","21119.01.01"
"907","Soft drinks (Coca-cola, Fanta, Sprite, etc.)","WAFCT","12_024","carbonated drink (e.g. coca-cola, sprite)","AU14(01B20508), US28(14148; 14145; 14150)",NA,NA,NA,NA,NA,"carbonated drink (e.g. coca-cola, sprite)","90","40","0","","","0","0","0","0","","","0","","","0","0","0","","","2","0.01",NA,NA,"0.1",NA,"2",NA,NA,"1",NA,NA,"9","0","AHHA","20001","0.06","0","sugar sweetned beverage, cola","OT","Other foods","2543","sweeteners, other and products","24490","other non-alcoholic caloric beverages n.e.c","24490.02"
"108","Sorghum (mapira)","MAFOODS","MW01_0060","sorghum, wholegrain, raw, sorghum bicolor, (mapira)","10",NA,NA,NA,NA,NA,"sorghum, wholegrain, raw, sorghum bicolor, (mapira)","12.4","357.572","0.938","","","0.354","0.157","3.244","0.246","","","28.512","","","0","0","1.081","","","17.52","0.445884",NA,NA,"12.6144",NA,"370.653",NA,NA,"152.424",NA,NA,"13.764","19.7976","","","1.8396","0.001","sorghum grain, raw","CE","Cereals","2518","sorghum and products","114","sorghum","114.01"
"314","Soya","MAFOODS","MW02_0019","soybean, dry, (soya)","10",NA,NA,NA,NA,NA,"soybean, dry, (soya)","8.54","432.154","1.008","","","0.706","0.08","2.017","0.827","","","378.142","","","0","0","0.726","","","240.645","1.281",NA,NA,"17.2935",NA,"1754.58",NA,NA,"232.41",NA,NA,"5.042","5.2521","","","3.88875","0.0012","soybeans, dried, raw","PB","Pulses and Beans","2555","soyabeans and products","141","soya beans","141.01"
"306","Soyabean flour","MAFOODS","MW02_0012","flour, roasted soybean, (ufa wa soya)","6",NA,NA,NA,NA,NA,"flour, roasted soybean, (ufa wa soya)","9.1","458","1.002","","","0.702","0.08","2.005","0.822","","","375.825","","","0","0","0.722","","","264.371","1312",NA,NA,"9.511",NA,"1743.837",NA,NA,"243.5",NA,NA,"5.011","7.404","","","3.479","0.0012","soybeans, flour, raw","PB","Pulses and Beans","2555","soyabeans and products","141","soya beans","141.02"
"114","Spaghetti, macaroni, pasta","KENFCT","1031","pasta, spaghetti, dry, raw-imported",NA,"AU14(02A10358), UK7(11-716), US28(20120)",NA,NA,NA,NA,"pasta, spaghetti, dry, raw-imported","10.6","354","0","","","0.07","0.06","1.1","0.128704319","WAFCT","01_052","17.82059801","","","0","0","0.316810631","","","18","0.297009967",NA,NA,"1",NA,"142",NA,NA,"30",NA,NA,"5","12","","","0.6","0","pasta, dried, raw","CE","Cereals","2511","wheat and products","23710","uncooked pasta, not stuffed or otherwise prepared","23710.01"
"811","Spices","KENFCT","13028","spice, mixed or all spice",NA,"UK7(13-801), US28(02001)","IN17(G033), UK7(13-876), US28(02015)",NA,NA,NA,"spice, mixed or all spice","8.5","360","55","","","0.25","0.45","4.9","0.21","WAFCT","13_016","36","","","0","30","2.705914567","WAFCT","13_022","727","0.55",NA,NA,"35.5",NA,"1440",NA,NA,"203",NA,NA,"90","3","","","3.65","0","mixed spices","OT","Other foods","2645","spices, other and products","1699","other stimulant, spice and aromatic crops, n.e.c. ","1699.03"
"904","Squash (Sobo drink concentrate)","WAFCT","12_012","juice, canned or bottled, sweetened (e.g. apple)","DK2(194), US28(09016)",NA,NA,NA,NA,NA,"juice, canned or bottled, sweetened (e.g. apple)","87.9","48","0","","","0.02","0.02","0.1","0.03","","","0","","","0","1","0.01","","","9","0.01",NA,NA,"0.3",NA,"80",NA,NA,"5",NA,NA,"10","0","UKFCT","17-746","0.04","0","sugar sweetned beverage, concentrate","OT","Other foods","2543","sweeteners, other and products","24490","other non-alcoholic caloric beverages n.e.c","24490.01"
"801","Sugar","KENFCT","11003","sugar, white, fortified, (suga wa waiti)",NA,"1E, 1G(US), 1P(80), 3B(Sugar / Sucre), 11E(Sugar / Sucre), SA10(3989), US28(19335)",NA,NA,NA,NA,"sugar, white, granulated or lump","0","400","0","","","0","0","0","0","WAFCT","13_002","0","","","0","0","0","","","0","0.04",NA,NA,"0",NA,"0",NA,NA,"0",NA,NA,"0","1","","","0","0","sugar, white","OT","Other foods","2542","sugar (raw equivalent) and products","23520","refined sugar","23520.01"
"802","Sugar Cane","MAFOODS","MW08_0007","sugarcane, raw, saccharum officinarum, (mzimbe)","9",NA,NA,NA,NA,NA,"sugarcane, raw, saccharum officinarum, (mzimbe)","90","39.712","0","","","0.030612245","0.040816327","0.102040816","0","AHHA","18003","0","","","0","7.194","0","","","8","0",NA,NA,"0.647",NA,"153.0612245",NA,NA,"13.26530612",NA,NA,"1.020408163","0","KENFCT","11002","0.142857143","0.001","sugar canes","OT","Other foods","2536","sugar cane and products","1802","sugar cane","1802.01"
"816","Sweets, candy, chocolates","WAFCT","13_021","sweets, chocolate, milk","AU14(12C10406), FAO(1594), SA10(4003), UK7(17-491), US28(19902)",NA,NA,NA,NA,NA,"sweets, chocolate, milk","1","532","21","","","0.05","0.08","0.7","0.04","","","12","","","0.08","0","1.2","","","45","0.81",NA,NA,"4.3",NA,"400",NA,NA,"114",NA,NA,"24","0","UKFCT","17-107","1.38","0","candies, hard","OT","Other foods","2542","sugar (raw equivalent) and products","23670.01","sugar confectionery","23670.01.01"
"816","Sweets, candy, chocolates","WAFCT","13_021","sweets, chocolate, milk","AU14(12C10406), FAO(1594), SA10(4003), UK7(17-491), US28(19902)",NA,NA,NA,NA,NA,"sweets, chocolate, milk","1","532","21","","","0.05","0.08","0.7","0.04","","","12","","","0.08","0","1.2","","","45","0.81",NA,NA,"4.3",NA,"400",NA,NA,"114",NA,NA,"24","0","UKFCT","17-107","1.38","0","chocolate, milk","OT","Other foods","2633","cocoa beans and products","F0666","chocolate products nes","F0666.01"
"403","Tanaposi/Rape","MAFOODS","MW04_0020","leaves, rape, raw, (lepu)","10",NA,NA,NA,NA,NA,"leaves, rape, raw, (lepu)","89.67","37.22","579","","","0.07","0.1","0.6","0.263","","","194","","","0","60","2.86","","","219.39","0.055105",NA,NA,"2.7707",NA,"296",NA,NA,"44.496",NA,NA,"40","0.84048","","","0.4429","0.0146","rape leaves, raw","FV","Fruits and Vegetables","2605","vegetables, other and products","1214","lettuce and chicory","1214.03"
"901","Tea","KENFCT","12005","tea, chai, instant dry powder",NA,"2B(18020), DK2(115), UK7(17-171), US28(14355)",NA,NA,NA,NA,"tea, chai, instant dry powder","5.1","299","0","","","0","0.99","10.8","0","WAFCT","12_008","2372.5","","","0","0","0","","","118","14.235",NA,NA,"2.3",NA,"6040",NA,NA,"272",NA,NA,"72","15","","","1.7","0.0027","tea beverages","OT","Other foods","2635","tea (including mate) and products","23914","extracts, essences and concentrates of tea or mate, and preparations with a basis thereof or with a basis of tea or mat","23914.01"
"912","Thobwa","WAFCT","12_002","beer, maize (ca. 3% v/v alcohol)","FAO(1562), SA10(4039), US28(14003), 12_004",NA,NA,NA,NA,NA,"beer, maize (ca. 3% v/v alcohol)","93.2","33","0","","","0.01","0.03","0.3","0.05","","","6","","","0","0","0","","","4","0.01",NA,NA,"0.2",NA,"80",NA,NA,"14",NA,NA,"3","5.3125","AHHA","22001","0.07","0.001","maize- and millet-fermented beverage","CE","Cereals","2657","beverages, fermented and products","24230.03","cider and other fermented beverages","24230.03.03"
"512","Tinned meat or fish","WAFCT","07_063","sausage, wiener (beef, pork, chicken) canned","2P(189; 190), US28(07083)",NA,NA,NA,NA,NA,"sausage, wiener (beef, pork, chicken) canned","64.8","234","8","","","0.09","0.11","1.6","0.12","","","4","","","1","0","0.22","","","10","0.03",NA,NA,"0.9",NA,"101",NA,NA,"7",NA,NA,"879","6.16","KENFCT","7023","1.6","0","tinned meat","AP","Animal Products","2735","meat, other and products","F1172","meat prepared n.e.c.","F1172.01"
"512","Tinned meat or fish","WAFCT","07_063","sausage, wiener (beef, pork, chicken) canned","2P(189; 190), US28(07083)",NA,NA,NA,NA,NA,"sausage, wiener (beef, pork, chicken) canned","64.8","234","8","","","0.09","0.11","1.6","0.12","","","4","","","1","0","0.22","","","10","0.03",NA,NA,"0.9",NA,"101",NA,NA,"7",NA,NA,"879","6.16","KENFCT","7023","1.6","0","sardines, tinned","AP","Animal Products","2763","pelagic fish","1532","pelagic fish, canned","1532.01"
"408","Tomato","MAFOODS","MW04_0036","tomato, ripe, raw, (tomato)","10",NA,NA,NA,NA,NA,"tomato, ripe, raw, (tomato)","94.52","25.68","42","","","0.037","0.019","0.594","0.08","","","15","","","0","13.7","0.54","","","18.92","0.10175",NA,NA,"0.4884",NA,"237",NA,NA,"12.925",NA,NA,"5","0.4301","","","0.1397","0.0044","tomatoes, raw","FV","Fruits and Vegetables","2601","tomatoes and products","1234","tomatoes","1234.01"
"813","Tomato sauce (bottle)","KENFCT","13031","tomato, sauce (ketchup)",NA,"DK2(596), UK7(13-530), US28(11531)",NA,NA,NA,NA,"tomato, sauce (ketchup)","67.5","115","22","","","0","0.1","1.3","0.627192982","WAFCT","04_065","96.92982456","","","0","0","5.473684211","","","13","0.456140351",NA,NA,"0.7",NA,"316",NA,NA,"16",NA,NA,"918","0.5","","","0.18","0","tomatoes, sauce","FV","Fruits and Vegetables","2601","tomatoes and products","21399.01","paste of tomatoes","21399.01.01"
"913","Traditional beer (masese)","WAFCT","12_002","beer, maize (ca. 3% v/v alcohol)","FAO(1562), SA10(4039), US28(14003), 12_004",NA,NA,NA,NA,NA,"beer, maize (ca. 3% v/v alcohol)","93.2","33","0","","","0.01","0.03","0.3","0.05","","","6","","","0","0","0","","","4","0.01",NA,NA,"0.2",NA,"80",NA,NA,"14",NA,NA,"3","5.3125","AHHA","22001","0.07","5e-04","beer, maize grain","CE","Cereals","2657","beverages, fermented and products","24310.02","Beer of maize, malted","24310.02.01"
"110","Wheat flour","WAFCT","01_043","wheat flour, white, unfortified","1M(375), 2P(34), FAO(173; 174; 175), IN17(A018), K2014, SA1020, SGS",NA,NA,NA,NA,NA,"wheat flour, white, unfortified","12.2","352","0","","","0.21","0.09","2.4","0.45","","","240","","","0","0","0.14","","","17","0.1",NA,NA,"2",NA,"111",NA,NA,"20",NA,NA,"4","3","UKFCT","11-886","0.5","0.0114","wheat flour, unrefined","CE","Cereals","2511","wheat and products","23110","wheat and meslin flour ","23110.01"
"110","Wheat flour","WAFCT","01_043","wheat flour, white, unfortified","1M(375), 2P(34), FAO(173; 174; 175), IN17(A018), K2014, SA1020, SGS",NA,NA,NA,NA,NA,"wheat flour, white, unfortified","12.2","352","0","","","0.21","0.09","2.4","0.45","","","240","","","0","0","0.14","","","17","0.1",NA,NA,"2",NA,"111",NA,NA,"20",NA,NA,"4","3","UKFCT","11-886","0.5","0.0114","wheat flour, refined","CE","Cereals","2511","wheat and products","23110","wheat and meslin flour ","23110.02"
"203","White sweet potato","MAFOODS","MW01_0065","sweet potato, white-fleshed, raw, ipomoea batatas, (mbatata zoyera mkati)","10",NA,NA,NA,NA,NA,"sweet potato, white-fleshed, raw, ipomoea batatas, (mbatata zoyera mkati)","77.28","89.26","2.213","","","0.066","0.03","0.443","0.199","","","38.358","","","0","16.45","0.125","","","16.798","0.174336",NA,NA,"0.23154",NA,"337.112",NA,NA,"19.0907",NA,NA,"14.753","0.043811","","","0.170704","0.0011","sweet potato, white-flesh, raw","RT","Roots and Tubers","2533","sweet potatoes and products","1530","sweet potatoes","1530.01"
"914","Wine or commercial liquor","KENFCT","12008","",NA,NA,NA,NA,NA,NA,"wine, white, dry","88.7","76","0","","","0","0","0.1","0.047711111","AHHA","22008","0.837037037","","","0","2","0","UKFCT","17-752","8","0.00837037",NA,NA,"0.5",NA,"54",NA,NA,"8",NA,NA,"14","1","","","0.08","0","wine, white","OT","Other foods","2655","wine and products","24212.02","wine","24212.02.01"
"706","Yoghurt","KENFCT","6026","yoghurt, cow milk, whole, plain",NA,"3B(Yoghurt whole / Yaourt entier), 4E(Yoghurt, whole / Yaourt, entier), 12R, AU14(09C10093), IN17(L002), P2013, US28(01116), 10_025, 10_001",NA,NA,NA,NA,"yoghurt, cow milk, whole, plain","82","85","34","","","0.1","0.2","0.1","0.047058824","WAFCT","10_005","8.235294118","","","0.2","1.176470588","0.152941176","","","149","0.011764706",NA,NA,"0.2",NA,"130",NA,NA,"10",NA,NA,"32","2","","","0.34","0","yoghurt, cow milk, plain","AP","Animal Products","2848","milk - (excluding excluding butter butter) and products","22230.01","yoghurt","22230.01.01"
"103","Maize ufa madeya (bran flour)","MAFOODS;MAFOODS","MW01_0035;MW01_0036","maize, bran, zea mays, (deya/gaga);maize, grain, orange, raw, zea mays, (mthikinya)",NA,NA,NA,NA,NA,NA,NA,"11.765","372.707","2.299",NA,NA,"0.2545","0.107","2.3915","0.222",NA,NA,"18.3894",NA,NA,"0","64.194","0.8485",NA,NA,"9.5","0.25",NA,NA,"2.6825",NA,"438.5",NA,NA,"154.5",NA,NA,"14.5","9.566736211",NA,NA,"3","5e-04","maize bran, flour, raw ","CE","Cereals","2514","maize and products (including white maize)","39120.04","bran of maize [only calories]","39120.04.01"
"111","Bread","MAFOODS;MAFOODS;MAFOODS","MW01_0003;MW01_0004;MW01_0007","bread, wheat, brown, homemade;bread, wheat, white, commercial, (buledi wa waiti);cake, plain, (keke)",NA,NA,NA,NA,NA,NA,NA,"28.81105828","303.7105578","48.05615648",NA,NA,"0.24054879","0.170011221","1.810729854","0.158771282",NA,NA,"38.40346104",NA,NA,"0.103572154","0.062437562","0.706335973",NA,NA,"42.77336992","0.130311665",NA,NA,"2.058381651",NA,"146.8295534",NA,NA,"25.54623544",NA,NA,"715.5691476","6.591960124",NA,NA,"0.598799114","0.0114","bread, wheat flour, refined","CE","Cereals","2511","wheat and products","F0020","bread","F0020.01"
"111","Bread","MAFOODS;MAFOODS;MAFOODS","MW01_0003;MW01_0004;MW01_0007","bread, wheat, brown, homemade;bread, wheat, white, commercial, (buledi wa waiti);cake, plain, (keke)",NA,NA,NA,NA,NA,NA,NA,"28.81105828","303.7105578","48.05615648",NA,NA,"0.24054879","0.170011221","1.810729854","0.158771282",NA,NA,"38.40346104",NA,NA,"0.103572154","0.062437562","0.706335973",NA,NA,"42.77336992","0.130311665",NA,NA,"2.058381651",NA,"146.8295534",NA,NA,"25.54623544",NA,NA,"715.5691476","6.591960124",NA,NA,"0.598799114","0.0114","bread, wheat flour, unrefined","CE","Cereals","2511","wheat and products","F0020","bread","F0020.02"
"115","Breakfast cereal","KENFCT;KENFCT","1009;1011","breakfast cereal, flakes of corn;buns, currant",NA,NA,NA,NA,NA,NA,NA,"16.25","339.5","5",NA,NA,"0.125314796","0.055","1.45","0.026364113",NA,NA,"5.272822666",NA,NA,"0","0","0.087880378",NA,NA,"46.5",NA,NA,NA,"1.45",NA,"160",NA,NA,"20",NA,NA,"595","9",NA,NA,"0.4","0","breakfast cereal, flakes","CE","Cereals","2511","wheat and products","23140.03","breakfast cereals","23140.03.01"
"115","Breakfast cereal","KENFCT;KENFCT","1009;1011","breakfast cereal, flakes of corn;buns, currant",NA,NA,NA,NA,NA,NA,NA,"16.25","339.5","5",NA,NA,"0.125314796","0.055","1.45","0.026364113",NA,NA,"5.272822666",NA,NA,"0","0","0.087880378",NA,NA,"46.5",NA,NA,NA,"1.45",NA,"160",NA,NA,"20",NA,NA,"595","9",NA,NA,"0.4","0","breakfast cereals, muesli mix","CE","Cereals","2511","wheat and products","23140.03","breakfast cereals","23140.03.02"
"116","Infant feeding cereals","MAFOODS;MAFOODS;MAFOODS;MAFOODS;MAFOODS;MAFOODS;MAFOODS;MAFOODS","MW07_0001;MW07_0002;MW07_0003;MW07_0004;MW07_0005;MW07_0006;MW07_0007;MW07_0008","baby cereal, containing milk, 12 months, strawberry flavour, dry;baby cereal, containing milk, 6 months, dry;baby cereal, containing milk, 7 months, regular flavour, dry;baby cereal, containing milk, 9 months, mixed fruit flavour, dry;baby cereal, maize, 6 months, dry;baby cereal, maize, 9 months, strawberry and banana flavour, dry (nestum);baby cereal, mixed cereal, 7 months, dry;baby cereal, mixed grain, 7 months, dry",NA,NA,NA,NA,NA,NA,NA,"4.5875","385","0",NA,NA,"0.8875","0.525","3.8","0.3875",NA,NA,"60.625",NA,NA,"1.3625","71.45","3.1875",NA,NA,"478.575","0.334",NA,NA,"19.35",NA,"491.375",NA,NA,"81.175",NA,NA,"167","25.9",NA,NA,"4.4375","0","infant cereals","OT","Other foods","2680","infant food and products","23991.01","infant food","23991.01.01"
"406","Other cultivated green leafy vegetables","MAFOODS;MAFOODS;WAFCT;MAFOODS;MAFOODS;MAFOODS","MW04_0014;MW04_0012;04_004;MW04_0019;MW04_0021;MW04_0011","leaves, cassava, raw, (ntapasha/chigwada);leaves, black jack, raw, (chisoso);okra, leaves, fresh, raw;leaves, pumpkin, raw, (nkhwani);leaves, roselle, raw, hibiscus subdaiffa, (chidede);leaves, amaranth, raw, (bonongwe)",NA,NA,NA,NA,NA,NA,NA,"85.11333333","51.96966667","276.6210178",NA,NA,"0.128333333","0.326","0.869666667","0.248166667",NA,NA,"117.8366667",NA,NA,"0","38.34266667","1.854666667",NA,NA,"231.4387833","0.128813333",NA,NA,"5.7664075",NA,"439.5906667",NA,NA,"74.34933333",NA,NA,"54.7","1.075028",NA,NA,"0.651023333","0.0089","amaranth leaves, raw","FV","Fruits and Vegetables","2605","vegetables, other and products","1215","spinach","1215.02"
"406","Other cultivated green leafy vegetables","MAFOODS;MAFOODS;WAFCT;MAFOODS;MAFOODS;MAFOODS","MW04_0014;MW04_0012;04_004;MW04_0019;MW04_0021;MW04_0011","leaves, cassava, raw, (ntapasha/chigwada);leaves, black jack, raw, (chisoso);okra, leaves, fresh, raw;leaves, pumpkin, raw, (nkhwani);leaves, roselle, raw, hibiscus subdaiffa, (chidede);leaves, amaranth, raw, (bonongwe)",NA,NA,NA,NA,NA,NA,NA,"85.11333333","51.96966667","276.6210178",NA,NA,"0.128333333","0.326","0.869666667","0.248166667",NA,NA,"117.8366667",NA,NA,"0","38.34266667","1.854666667",NA,NA,"231.4387833","0.128813333",NA,NA,"5.7664075",NA,"439.5906667",NA,NA,"74.34933333",NA,NA,"54.7","1.075028",NA,NA,"0.651023333","0.0089","cassava leaves, raw","FV","Fruits and Vegetables","2605","vegetables, other and products","1219.01","cassava leaves","1219.01.01"
"406","Other cultivated green leafy vegetables","MAFOODS;MAFOODS;WAFCT;MAFOODS;MAFOODS;MAFOODS","MW04_0014;MW04_0012;04_004;MW04_0019;MW04_0021;MW04_0011","leaves, cassava, raw, (ntapasha/chigwada);leaves, black jack, raw, (chisoso);okra, leaves, fresh, raw;leaves, pumpkin, raw, (nkhwani);leaves, roselle, raw, hibiscus subdaiffa, (chidede);leaves, amaranth, raw, (bonongwe)",NA,NA,NA,NA,NA,NA,NA,"85.11333333","51.96966667","276.6210178",NA,NA,"0.128333333","0.326","0.869666667","0.248166667",NA,NA,"117.8366667",NA,NA,"0","38.34266667","1.854666667",NA,NA,"231.4387833","0.128813333",NA,NA,"5.7664075",NA,"439.5906667",NA,NA,"74.34933333",NA,NA,"54.7","1.075028",NA,NA,"0.651023333","0.0089","jew's mallow leaves, raw","FV","Fruits and Vegetables","2605","vegetables, other and products","1214","lettuce and chicory","1214.05"
"406","Other cultivated green leafy vegetables","MAFOODS;MAFOODS;WAFCT;MAFOODS;MAFOODS;MAFOODS","MW04_0014;MW04_0012;04_004;MW04_0019;MW04_0021;MW04_0011","leaves, cassava, raw, (ntapasha/chigwada);leaves, black jack, raw, (chisoso);okra, leaves, fresh, raw;leaves, pumpkin, raw, (nkhwani);leaves, roselle, raw, hibiscus subdaiffa, (chidede);leaves, amaranth, raw, (bonongwe)",NA,NA,NA,NA,NA,NA,NA,"85.11333333","51.96966667","276.6210178",NA,NA,"0.128333333","0.326","0.869666667","0.248166667",NA,NA,"117.8366667",NA,NA,"0","38.34266667","1.854666667",NA,NA,"231.4387833","0.128813333",NA,NA,"5.7664075",NA,"439.5906667",NA,NA,"74.34933333",NA,NA,"54.7","1.075028",NA,NA,"0.651023333","0.0089","roselle leaves, raw","FV","Fruits and Vegetables","2605","vegetables, other and products","1215","spinach","1215.03"
"407","Gathered wild green leaves","MAFOODS;MAFOODS","MW04_0015;MW04_0016","leaves, cat's whiskers, raw, cleome gynadra, (luni);leaves, jews mallow, raw, corchorus trilocularis, (denje)",NA,NA,NA,NA,NA,NA,NA,"79.65","61.8638","303.437",NA,NA,"0.1595","0.424","1.5765","0.407",NA,NA,"285.9215",NA,NA,"0","151.5772","2.0185",NA,NA,"1352.557","0.3715",NA,NA,"21.880385",NA,"576.855",NA,NA,"84.095",NA,NA,"15.382","1.841242938",NA,NA,"1.592","0.0139","blackjack leaves, raw","FV","Fruits and Vegetables","2605","vegetables, other and products","1214","lettuce and chicory","1214.06"
"412","Tinned vegetables (Specify)","KENFCT;KENFCT","4025;4037","mushroom, raw, canned in brine (drained);tomato, canned, whole contents",NA,NA,NA,NA,NA,NA,NA,"93.5","19","16",NA,NA,"0.115","0.025","0.95","0.107894737",NA,NA,"22.94736842",NA,NA,"0","4.5","0.510263158",NA,NA,"13","0.182105263",NA,NA,"0.8",NA,"114",NA,NA,"7.5",NA,NA,"184","8.5",NA,NA,"0.08","0","canned mushrooms","FV","Fruits and Vegetables","2605","vegetables, other and products","21397.01","canned mushrooms","21397.01.01"
"5021","Sun Dried fish (Large Variety)","MAFOODS;MAFOODS","MW03_0031;MW03_0020","fish, tilapia, whole, dried, oreochromis shiranus, (chambo chouma);fish, catfish, dry, clarius gariepinus, (mlamba wouma)",NA,NA,NA,NA,NA,NA,NA,"11.5","375.006","44.149",NA,NA,"0.2385","0.224","4.1925","0.873",NA,NA,"20.6915",NA,NA,"12.0175","0","1.405",NA,NA,"1404.5","0.4",NA,NA,"23.619",NA,"1256",NA,NA,"152",NA,NA,"301.5","109.0542806",NA,NA,"4.6","0.040887","catfish, african, dried, raw","AP","Animal Products","2761","freshwater fish","1505","freshwater fish, cured","1505.01"
"5021","Sun Dried fish (Large Variety)","MAFOODS;MAFOODS","MW03_0031;MW03_0020","fish, tilapia, whole, dried, oreochromis shiranus, (chambo chouma);fish, catfish, dry, clarius gariepinus, (mlamba wouma)",NA,NA,NA,NA,NA,NA,NA,"11.5","375.006","44.149",NA,NA,"0.2385","0.224","4.1925","0.873",NA,NA,"20.6915",NA,NA,"12.0175","0","1.405",NA,NA,"1404.5","0.4",NA,NA,"23.619",NA,"1256",NA,NA,"152",NA,NA,"301.5","109.0542806",NA,NA,"4.6","0.040887","tilapia, dried, raw","AP","Animal Products","2761","freshwater fish","1505","freshwater fish, cured","1505.02"
"5022","Sun Dried fish (Medium Variety)","MAFOODS;MAFOODS","MW03_0031;MW03_0020","fish, tilapia, whole, dried, oreochromis shiranus, (chambo chouma);fish, catfish, dry, clarius gariepinus, (mlamba wouma)",NA,NA,NA,NA,NA,NA,NA,"11.5","375.006","44.149",NA,NA,"0.2385","0.224","4.1925","0.873",NA,NA,"20.6915",NA,NA,"12.0175","0","1.405",NA,NA,"1404.5","0.4",NA,NA,"23.619",NA,"1256",NA,NA,"152",NA,NA,"301.5","109.0542806",NA,NA,"4.6","0.040887","catfish, african, dried, raw","AP","Animal Products","2761","freshwater fish","1505","freshwater fish, cured","1505.01"
"5022","Sun Dried fish (Medium Variety)","MAFOODS;MAFOODS","MW03_0031;MW03_0020","fish, tilapia, whole, dried, oreochromis shiranus, (chambo chouma);fish, catfish, dry, clarius gariepinus, (mlamba wouma)",NA,NA,NA,NA,NA,NA,NA,"11.5","375.006","44.149",NA,NA,"0.2385","0.224","4.1925","0.873",NA,NA,"20.6915",NA,NA,"12.0175","0","1.405",NA,NA,"1404.5","0.4",NA,NA,"23.619",NA,"1256",NA,NA,"152",NA,NA,"301.5","109.0542806",NA,NA,"4.6","0.040887","tilapia, dried, raw","AP","Animal Products","2761","freshwater fish","1505","freshwater fish, cured","1505.02"
"5031","Fresh fish (Large Variety)","KENFCT;uFish","8010;91010","nile tilapia, fillet, w/o skin and bones, raw;north african catfish, wild, fillet w/ bones, raw",NA,NA,NA,NA,NA,NA,NA,"78.19958334","99.23783335","9.5",NA,NA,"0.055","0.09","3.131666667","0.258098562",NA,NA,"13.98462325",NA,NA,"2.505","0","0.349615581",NA,NA,"470.5","0.051414056",NA,NA,"2.85",NA,"261",NA,NA,"26",NA,NA,"72.5","27.55",NA,NA,"4.25","0.010071792","catfish, african, fresh, raw","AP","Animal Products","2761","freshwater fish","1501","freshwater fish, fresh","1501.02"
"5031","Fresh fish (Large Variety)","KENFCT;uFish","8010;91010","nile tilapia, fillet, w/o skin and bones, raw;north african catfish, wild, fillet w/ bones, raw",NA,NA,NA,NA,NA,NA,NA,"78.19958334","99.23783335","9.5",NA,NA,"0.055","0.09","3.131666667","0.258098562",NA,NA,"13.98462325",NA,NA,"2.505","0","0.349615581",NA,NA,"470.5","0.051414056",NA,NA,"2.85",NA,"261",NA,NA,"26",NA,NA,"72.5","27.55",NA,NA,"4.25","0.010071792","tilapia, fresh, raw ","AP","Animal Products","2761","freshwater fish","1501","freshwater fish, fresh","1501.05"
"5032","Fresh fish (Medium Variety)","KENFCT;uFish","8010;91010","nile tilapia, fillet, w/o skin and bones, raw;north african catfish, wild, fillet w/ bones, raw",NA,NA,NA,NA,NA,NA,NA,"78.19958334","99.23783335","9.5",NA,NA,"0.055","0.09","3.131666667","0.258098562",NA,NA,"13.98462325",NA,NA,"2.505","0","0.349615581",NA,NA,"470.5","0.051414056",NA,NA,"2.85",NA,"261",NA,NA,"26",NA,NA,"72.5","27.55",NA,NA,"4.25","0.010071792","catfish, african, fresh, raw","AP","Animal Products","2761","freshwater fish","1501","freshwater fish, fresh","1501.02"
"5032","Fresh fish (Medium Variety)","KENFCT;uFish","8010;91010","nile tilapia, fillet, w/o skin and bones, raw;north african catfish, wild, fillet w/ bones, raw",NA,NA,NA,NA,NA,NA,NA,"78.19958334","99.23783335","9.5",NA,NA,"0.055","0.09","3.131666667","0.258098562",NA,NA,"13.98462325",NA,NA,"2.505","0","0.349615581",NA,NA,"470.5","0.051414056",NA,NA,"2.85",NA,"261",NA,NA,"26",NA,NA,"72.5","27.55",NA,NA,"4.25","0.010071792","tilapia, fresh, raw ","AP","Animal Products","2761","freshwater fish","1501","freshwater fish, fresh","1501.05"
"511","Termites, other insects (eg Ngumbi, caterpillar)","MAFOODS;MAFOODS","MW03_0069;MW03_0009",";caterpillar, roasted, imbrasia ertli, (mphalabungu zootcha)",NA,NA,NA,NA,NA,NA,NA,"49","193.5238","346.474",NA,NA,"0.199","0.704","1.593","0.398",NA,NA,"156.643",NA,NA,"0","37.9544","1.049",NA,NA,"247.96245","0.239",NA,NA,"117.180385",NA,"593.405",NA,NA,"40.595",NA,NA,"256.8285969","1.268156425",NA,NA,"0.584","0.0417","edible insect adults, fresh, raw","AP","Animal Products","2735","meat, other and products","21170.92","other meat n.e.c., fresh, chilled or frozen","21170.92.02"
"511","Termites, other insects (eg Ngumbi, caterpillar)","MAFOODS;MAFOODS","MW03_0069;MW03_0009",";caterpillar, roasted, imbrasia ertli, (mphalabungu zootcha)",NA,NA,NA,NA,NA,NA,NA,"49","193.5238","346.474",NA,NA,"0.199","0.704","1.593","0.398",NA,NA,"156.643",NA,NA,"0","37.9544","1.049",NA,NA,"247.96245","0.239",NA,NA,"117.180385",NA,"593.405",NA,NA,"40.595",NA,NA,"256.8285969","1.268156425",NA,NA,"0.584","0.0417","edible insect larvae, fresh, raw","AP","Animal Products","2735","meat, other and products","21170.92","other meat n.e.c., fresh, chilled or frozen","21170.92.03"
"5121","Smoked fish (Large Variety)","MAFOODS;MAFOODS","MW03_0047;MW03_0023","fish, tilapia, whole, smoked, sun dried, oreochromis shiranus, (chambo chowamba);fish, catfish, smoked, clarias gariepinus, (mlamba wowamba)",NA,NA,NA,NA,NA,NA,NA,"11.5","393.907","413.645",NA,NA,"0.285","0.318","5.5515","0.881",NA,NA,"17.2385",NA,NA,"9.8035","0","1.3215",NA,NA,"1247","0.1",NA,NA,"100.732",NA,"1273.5",NA,NA,"155.5",NA,NA,"311","148.153674",NA,NA,"4.5","0.040887","catfish, african, smoked, raw","AP","Animal Products","2761","freshwater fish","1505","freshwater fish, cured","1505.04"
"5121","Smoked fish (Large Variety)","MAFOODS;MAFOODS","MW03_0047;MW03_0023","fish, tilapia, whole, smoked, sun dried, oreochromis shiranus, (chambo chowamba);fish, catfish, smoked, clarias gariepinus, (mlamba wowamba)",NA,NA,NA,NA,NA,NA,NA,"11.5","393.907","413.645",NA,NA,"0.285","0.318","5.5515","0.881",NA,NA,"17.2385",NA,NA,"9.8035","0","1.3215",NA,NA,"1247","0.1",NA,NA,"100.732",NA,"1273.5",NA,NA,"155.5",NA,NA,"311","148.153674",NA,NA,"4.5","0.040887","tilapia, smoked, raw","AP","Animal Products","2761","freshwater fish","1505","freshwater fish, cured","1505.05"
"5122","Smoked fish (Medium Variety)","MAFOODS;MAFOODS","MW03_0047;MW03_0023","fish, tilapia, whole, smoked, sun dried, oreochromis shiranus, (chambo chowamba);fish, catfish, smoked, clarias gariepinus, (mlamba wowamba)",NA,NA,NA,NA,NA,NA,NA,"11.5","393.907","413.645",NA,NA,"0.285","0.318","5.5515","0.881",NA,NA,"17.2385",NA,NA,"9.8035","0","1.3215",NA,NA,"1247","0.1",NA,NA,"100.732",NA,"1273.5",NA,NA,"155.5",NA,NA,"311","148.153674",NA,NA,"4.5","0.040887","catfish, african, smoked, raw","AP","Animal Products","2761","freshwater fish","1505","freshwater fish, cured","1505.04"
"5122","Smoked fish (Medium Variety)","MAFOODS;MAFOODS","MW03_0047;MW03_0023","fish, tilapia, whole, smoked, sun dried, oreochromis shiranus, (chambo chowamba);fish, catfish, smoked, clarias gariepinus, (mlamba wowamba)",NA,NA,NA,NA,NA,NA,NA,"11.5","393.907","413.645",NA,NA,"0.285","0.318","5.5515","0.881",NA,NA,"17.2385",NA,NA,"9.8035","0","1.3215",NA,NA,"1247","0.1",NA,NA,"100.732",NA,"1273.5",NA,NA,"155.5",NA,NA,"311","148.153674",NA,NA,"4.5","0.040887","tilapia, smoked, raw","AP","Animal Products","2761","freshwater fish","1505","freshwater fish, cured","1505.05"
"603","Citrus Ã¯Â¿Â½ naartje, orange, etc.","MAFOODS;MAFOODS","MW05_0018;MW05_0014","orange, raw, peeled, citrus sinensis, (lalanje losenda);lemon, raw, peeled, (ndimu losenda)",NA,NA,NA,NA,NA,NA,NA,"87.15","51.35","5.080952381",NA,NA,"0.06","0.015","0.25","0.0375",NA,NA,"23.5",NA,NA,"0","55","0.23",NA,NA,"29.5","0.11",NA,NA,"0.3",NA,"166.5",NA,NA,"8.5",NA,NA,"2","0",NA,NA,"0.155","3e-04","oranges, raw","FV","Fruits and Vegetables","2611","oranges, mandarines and products","1323","oranges","1323.01"
"603","Citrus Ã¯Â¿Â½ naartje, orange, etc.","MAFOODS;MAFOODS","MW05_0018;MW05_0014","orange, raw, peeled, citrus sinensis, (lalanje losenda);lemon, raw, peeled, (ndimu losenda)",NA,NA,NA,NA,NA,NA,NA,"87.15","51.35","5.080952381",NA,NA,"0.06","0.015","0.25","0.0375",NA,NA,"23.5",NA,NA,"0","55","0.23",NA,NA,"29.5","0.11",NA,NA,"0.3",NA,"166.5",NA,NA,"8.5",NA,NA,"2","0",NA,NA,"0.155","3e-04","lemons, raw","FV","Fruits and Vegetables","2612","lemons, limes and products","1322","lemons and limes","1322.01"
"603","Citrus Ã¯Â¿Â½ naartje, orange, etc.","MAFOODS;MAFOODS","MW05_0018;MW05_0014","orange, raw, peeled, citrus sinensis, (lalanje losenda);lemon, raw, peeled, (ndimu losenda)",NA,NA,NA,NA,NA,NA,NA,"87.15","51.35","5.080952381",NA,NA,"0.06","0.015","0.25","0.0375",NA,NA,"23.5",NA,NA,"0","55","0.23",NA,NA,"29.5","0.11",NA,NA,"0.3",NA,"166.5",NA,NA,"8.5",NA,NA,"2","0",NA,NA,"0.155","3e-04","grapefruits, raw","FV","Fruits and Vegetables","2613","grapefruit and products","1321","pomelos and grapefruits","1321.02"
"603","Citrus Ã¯Â¿Â½ naartje, orange, etc.","MAFOODS;MAFOODS","MW05_0018;MW05_0014","orange, raw, peeled, citrus sinensis, (lalanje losenda);lemon, raw, peeled, (ndimu losenda)",NA,NA,NA,NA,NA,NA,NA,"87.15","51.35","5.080952381",NA,NA,"0.06","0.015","0.25","0.0375",NA,NA,"23.5",NA,NA,"0","55","0.23",NA,NA,"29.5","0.11",NA,NA,"0.3",NA,"166.5",NA,NA,"8.5",NA,NA,"2","0",NA,NA,"0.155","3e-04","limes, raw","FV","Fruits and Vegetables","2612","lemons, limes and products","1322","lemons and limes","1322.02"
"603","Citrus Ã¯Â¿Â½ naartje, orange, etc.","MAFOODS;MAFOODS","MW05_0018;MW05_0014","orange, raw, peeled, citrus sinensis, (lalanje losenda);lemon, raw, peeled, (ndimu losenda)",NA,NA,NA,NA,NA,NA,NA,"87.15","51.35","5.080952381",NA,NA,"0.06","0.015","0.25","0.0375",NA,NA,"23.5",NA,NA,"0","55","0.23",NA,NA,"29.5","0.11",NA,NA,"0.3",NA,"166.5",NA,NA,"8.5",NA,NA,"2","0",NA,NA,"0.155","3e-04","mandarins, raw","FV","Fruits and Vegetables","2611","oranges, mandarines and products","1324","tangerines, mandarins, clementines","1324.02"
"608","Wild fruit (masau, malambe, etc.)","MAFOODS;MAFOODS;MAFOODS;MAFOODS;MAFOODS;MAFOODS;MAFOODS","MW05_0013;MW05_0005;MW05_0006;MW05_0009;MW05_0015;MW05_0017;MW05_0024","jujube, ziziphus mauritiana, (masau);baobab, raw, adansonia digitata,(malambe);custard apple, wild, annona senegalensis, (mpoza);jakjak fruit, azanza garckeana, (matowo);loquats, wild, uapaca kirkiana,(masuku a mtchire);medlar, african, raw, vangueria infausta, (lokwati);tamarind, fruit, raw, tamarindus indica, (bwemba)",NA,NA,NA,NA,NA,NA,NA,"57.74714286","166.6325714","14.58038735",NA,NA,"0.132272921","0.089588486","0.901943497","0.085857143",NA,NA,"19.58366274",NA,NA,"0","47.74457783","0.020085911",NA,NA,"46.54771429","0.1958",NA,NA,"2.951157143",NA,"839.9444286",NA,NA,"58.94644286",NA,NA,"7.9686","4.026429759",NA,NA,"0.794473348","0.0059","indian jujubes, raw","FV","Fruits and Vegetables","2625","fruits, other and products","1359.9","other fruits n.e.c. ","1359.9.01"
"608","Wild fruit (masau, malambe, etc.)","MAFOODS;MAFOODS;MAFOODS;MAFOODS;MAFOODS;MAFOODS;MAFOODS","MW05_0013;MW05_0005;MW05_0006;MW05_0009;MW05_0015;MW05_0017;MW05_0024","jujube, ziziphus mauritiana, (masau);baobab, raw, adansonia digitata,(malambe);custard apple, wild, annona senegalensis, (mpoza);jakjak fruit, azanza garckeana, (matowo);loquats, wild, uapaca kirkiana,(masuku a mtchire);medlar, african, raw, vangueria infausta, (lokwati);tamarind, fruit, raw, tamarindus indica, (bwemba)",NA,NA,NA,NA,NA,NA,NA,"57.74714286","166.6325714","14.58038735",NA,NA,"0.132272921","0.089588486","0.901943497","0.085857143",NA,NA,"19.58366274",NA,NA,"0","47.74457783","0.020085911",NA,NA,"46.54771429","0.1958",NA,NA,"2.951157143",NA,"839.9444286",NA,NA,"58.94644286",NA,NA,"7.9686","4.026429759",NA,NA,"0.794473348","0.0059","baobab fruits, raw","FV","Fruits and Vegetables","2625","fruits, other and products","1359.9","other fruits n.e.c. ","1359.9.02"
"707","Cheese","KENFCT;KENFCT;KENFCT;KENFCT","6003;6004;6005;6006","cheese, cheddar, regular fat;cheese, cottage (cow milk), plain, skimmed;cheese, cottage (cow milk), plain, whole;cheese, cottage, milk, cow, sour",NA,NA,NA,NA,NA,NA,NA,"66.25","183.75","68",NA,NA,"0.0425","0.315","0.65","0.036904197",NA,NA,"20.58280805",NA,NA,"0.8825","0.25","0.399214231",NA,NA,"265.25","0.06626047",NA,NA,"0.3",NA,"105.75",NA,NA,"12.75",NA,NA,"422.75","9.75",NA,NA,"1.1075","0","cheese, cow milk, cottage","AP","Animal Products","2848","milk - (excluding excluding butter butter) and products","22251.01","cheese from whole cow milk","22251.01.01"
"803","Cooking oil","WAFCT;KENFCT;WAFCT","11_003;9013;11_009","groundnut oil, unfortified;sun flower oil;soya oil, unfortified",NA,NA,NA,NA,NA,NA,NA,"0","900","0",NA,NA,"0","0","0","0",NA,NA,"0",NA,NA,"0","0","26",NA,NA,"0","0.006666667",NA,NA,"0.066666667",NA,"0",NA,NA,"0.333333333",NA,NA,"0","0",NA,NA,"0.026666667","0","peanut oil","PB","Pulses and Beans","2572","groundnut oil and products","2162","groundnut oil","2162.01"
"803","Cooking oil","WAFCT;KENFCT;WAFCT","11_003;9013;11_009","groundnut oil, unfortified;sun flower oil;soya oil, unfortified",NA,NA,NA,NA,NA,NA,NA,"0","900","0",NA,NA,"0","0","0","0",NA,NA,"0",NA,NA,"0","0","26",NA,NA,"0","0.006666667",NA,NA,"0.066666667",NA,"0",NA,NA,"0.333333333",NA,NA,"0","0",NA,NA,"0.026666667","0","sunflower oil","OT","Other foods","2573","sunflowerseed oil and products","21631.01","sunflower-seed oil, crude","21631.01.01"
"803","Cooking oil","WAFCT;KENFCT;WAFCT","11_003;9013;11_009","groundnut oil, unfortified;sun flower oil;soya oil, unfortified",NA,NA,NA,NA,NA,NA,NA,"0","900","0",NA,NA,"0","0","0","0",NA,NA,"0",NA,NA,"0","0","26",NA,NA,"0","0.006666667",NA,NA,"0.066666667",NA,"0",NA,NA,"0.333333333",NA,NA,"0","0",NA,NA,"0.026666667","0","soybean oil","PB","Pulses and Beans","2571","soyabean oil and products","2161","soya bean oil","2161.01"
"812","Yeast, baking powder, bicarbonate of soda","KENFCT;KENFCT","13002;13002","baking powder, dry powder;baking powder, dry powder",NA,NA,NA,NA,NA,NA,NA,"4.9","179","0",NA,NA,"0","0","0","0",NA,NA,"0",NA,NA,"0","0","0",NA,NA,"4280","0",NA,NA,"9.7",NA,"10200",NA,NA,"34",NA,NA,"8850","0",NA,NA,"0.89","0","yeast, baking","OT","Other foods","2645","spices, other and products","1699","other stimulant, spice and aromatic crops, n.e.c. ","1699.04"
"812","Yeast, baking powder, bicarbonate of soda","KENFCT;KENFCT","13002;13002","baking powder, dry powder;baking powder, dry powder",NA,NA,NA,NA,NA,NA,NA,"4.9","179","0",NA,NA,"0","0","0","0",NA,NA,"0",NA,NA,"0","0","0",NA,NA,"4280","0",NA,NA,"9.7",NA,"10200",NA,NA,"34",NA,NA,"8850","0",NA,NA,"0.89","0","baking powder","OT","Other foods","2645","spices, other and products","1699","other stimulant, spice and aromatic crops, n.e.c. ","1699.05"
"825","Meat (vendor)","MAFOODS;MAFOODS;KENFCT","MW03_0056;MW03_0001;15073","lamb, meat, roast, (nyama ya nkhosa yootcha);beef mince, fried, (nyama ya ng'ombe yogaya yokazinga);ingokho (fried chicken)",NA,NA,NA,NA,NA,NA,NA,"39.52054835","350.8096421","54.85540792",NA,NA,"0.116266896","0.218771378","6.90002851","0.373895507",NA,NA,"3.617681237",NA,NA,"1.609845459","1.203956871","1.6115674",NA,NA,"46.41765838","0.249517523",NA,NA,"5.194663331",NA,"346.6680694",NA,NA,"47.24385567",NA,NA,"359.055713","23.67796487",NA,NA,"3.091710055","0.0026","beef, fresh, grilled","AP","Animal Products","2731","bovine meat and products","21111.01","meat of cattle with the bone, fresh or chilled","21111.01.02"
"825","Meat (vendor)","MAFOODS;MAFOODS;KENFCT","MW03_0056;MW03_0001;15073","lamb, meat, roast, (nyama ya nkhosa yootcha);beef mince, fried, (nyama ya ng'ombe yogaya yokazinga);ingokho (fried chicken)",NA,NA,NA,NA,NA,NA,NA,"39.52054835","350.8096421","54.85540792",NA,NA,"0.116266896","0.218771378","6.90002851","0.373895507",NA,NA,"3.617681237",NA,NA,"1.609845459","1.203956871","1.6115674",NA,NA,"46.41765838","0.249517523",NA,NA,"5.194663331",NA,"346.6680694",NA,NA,"47.24385567",NA,NA,"359.055713","23.67796487",NA,NA,"3.091710055","0.0026","goat meat, fresh, grilled","AP","Animal Products","2732","mutton & and goat meat and products","21116","meat of goat, fresh or chilled","21116.02"
"825","Meat (vendor)","MAFOODS;MAFOODS;KENFCT","MW03_0056;MW03_0001;15073","lamb, meat, roast, (nyama ya nkhosa yootcha);beef mince, fried, (nyama ya ng'ombe yogaya yokazinga);ingokho (fried chicken)",NA,NA,NA,NA,NA,NA,NA,"39.52054835","350.8096421","54.85540792",NA,NA,"0.116266896","0.218771378","6.90002851","0.373895507",NA,NA,"3.617681237",NA,NA,"1.609845459","1.203956871","1.6115674",NA,NA,"46.41765838","0.249517523",NA,NA,"5.194663331",NA,"346.6680694",NA,NA,"47.24385567",NA,NA,"359.055713","23.67796487",NA,NA,"3.091710055","0.0026","chicken meat, fresh, deep-fried","AP","Animal Products","2734","poultry meat and products","21121","meat of chickens, fresh or chilled","21121.04"
"836","Zikondamoyo/Nkate","MAFOODS;MAFOODS","MW01_0061;MW01_0001","steamed maize & banana snack, (mkate);african cake, (chikondamoyo/chigumu cha nthochi ndi dzira)",NA,NA,NA,NA,NA,NA,NA,"50.03554202","217.5551246","3.825716213",NA,NA,"0.180260465","0.067711309","1.242035048","0.328673334",NA,NA,"18.63022697",NA,NA,"0.04150284","5.762258138","1.129935223",NA,NA,"15.61913176","0.147991475",NA,NA,"1.376788958",NA,"326.9951785",NA,NA,"50.00970428",NA,NA,"7.988549337","0.00273045",NA,NA,"0.749168506","5e-04","cake, banana","CE","Cereals","2511","wheat and products","F0022","pastry","F0022.06"
"836","Zikondamoyo/Nkate","MAFOODS;MAFOODS","MW01_0061;MW01_0001","steamed maize & banana snack, (mkate);african cake, (chikondamoyo/chigumu cha nthochi ndi dzira)",NA,NA,NA,NA,NA,NA,NA,"50.03554202","217.5551246","3.825716213",NA,NA,"0.180260465","0.067711309","1.242035048","0.328673334",NA,NA,"18.63022697",NA,NA,"0.04150284","5.762258138","1.129935223",NA,NA,"15.61913176","0.147991475",NA,NA,"1.376788958",NA,"326.9951785",NA,NA,"50.00970428",NA,NA,"7.988549337","0.00273045",NA,NA,"0.749168506","5e-04","banana, fritters","FV","Fruits and Vegetables","2625","fruits, other and products","F0623","fruit prepared n.e.c.","F0623.03"
"905","Fruit juice","MAFOODS;MAFOODS;MAFOODS","MW05_0010;MW05_0011;MW05_0012","juice tamarind, homemade, (juwisi wa bwemba);juice, baobab, homemade, (malambe juisi);juice, orange, homemade, (juwisi wa malalanje)",NA,NA,NA,NA,NA,NA,NA,"79.16523682","82.72485425","0.337414213",NA,NA,"0.044236775","0.016900783","0.163663382","0.013406607",NA,NA,"21.49305796",NA,NA,"0","12.50643196","0.063859347",NA,NA,"23.7145341","0.041193868",NA,NA,"0.349650761",NA,"131.9591434",NA,NA,"13.55792276",NA,NA,"1.480875384","0.015639493",NA,NA,"0.126845196","0","orange, juice","FV","Fruits and Vegetables","2611","oranges, mandarines and products","21431.01","orange juice","21431.01"
"5023","Sun Dried fish (Small Variety)",NA,NA,NA,NA,NA,NA,NA,NA,NA,NA,"21.525","345.991","107.0235",NA,NA,"0.0345","0.364","19.476","1.7885",NA,NA,"18.0875",NA,NA,"21.0535","0","1.780135659",NA,NA,"1668.375","0.31",NA,NA,"13.2595",NA,"959.68",NA,NA,"337.36",NA,NA,"267.28","44.23702703",NA,NA,"13.495","0.037275625","barb, silver, dried, raw","AP","Animal Products","2761","freshwater fish","1505","freshwater fish, cured","1505.03"
"5033","Fresh fish (Small Variety)",NA,NA,NA,NA,NA,NA,NA,NA,NA,NA,"72.775","126.285465","11.68364391",NA,NA,"0.030138377","0.120553506","2.571808118","0.241107011",NA,NA,"15.42080259",NA,NA,"1.868579336","0","0.400988372",NA,NA,"526.88525","0.040184502",NA,NA,"3.81475",NA,"350.5896864",NA,NA,"147.5175",NA,NA,"77.71682657","45.57927122",NA,NA,"1.215581181","0.012931875","barb, silver, fresh, raw","AP","Animal Products","2761","freshwater fish","1501","freshwater fish, fresh","1501.06"
"5123","Smoked fish (Small Variety)",NA,NA,NA,NA,NA,NA,NA,NA,NA,NA,"54.5","193.994335","1.866173362",NA,NA,"0.086575053","0.134672305","13.36141649","0.432875265",NA,NA,"24.67389007",NA,NA,"2.741543341","0","0.670155039",NA,NA,"1127.208","0.663742072",NA,NA,"10.7385",NA,"534.1584567",NA,NA,"319.588",NA,NA,"142.9738901","56.0717759",NA,NA,"16.35306554","0.0216125","barb, silver, smoked, raw","AP","Animal Products","2761","freshwater fish","1505","freshwater fish, cured","1505.06"
"835","popcorn","835","popcorn","835","popcorn","835","popcorn","835","popcorn","835","popcorn","835","popcorn","835","popcorn","835","popcorn","835","popcorn","835","popcorn","835","popcorn","835","popcorn","835","popcorn","835","popcorn","835","popcorn","835","popcorn","835","popcorn","835","popcorn","835","popcorn","835","popcorn","835","popcorn","835","popcorn","835","popcorn","835","popcorn","835","popcorn","835","popcorn","835","popcorn","835"
"835","popcorn",NA,NA,NA,NA,NA,NA,NA,NA,NA,NA,NA,NA,NA,NA,NA,NA,NA,NA,NA,NA,NA,NA,NA,NA,NA,NA,NA,NA,NA,NA,NA,NA,NA,NA,NA,NA,NA,NA,NA,NA,NA,NA,NA,NA,NA,NA,NA,NA,NA,NA,NA,NA,NA,NA,"112.03"
"837","kalongonda (mucuna)",NA,NA,NA,NA,NA,NA,NA,NA,NA,NA,NA,NA,NA,NA,NA,NA,NA,NA,NA,NA,NA,NA,NA,NA,NA,NA,NA,NA,NA,NA,NA,NA,NA,NA,NA,NA,NA,NA,NA,NA,NA,NA,NA,NA,NA,NA,NA,NA,NA,NA,NA,NA,NA,NA,"1701.04"
"118","maize ufa raw madeya (bran flour - unprocessed)",NA,NA,NA,NA,NA,NA,NA,NA,NA,NA,NA,NA,NA,NA,NA,NA,NA,NA,NA,NA,NA,NA,NA,NA,NA,NA,NA,NA,NA,NA,NA,NA,NA,NA,NA,NA,NA,NA,NA,NA,NA,NA,NA,NA,NA,NA,NA,NA,NA,NA,NA,NA,NA,NA,"39120.04.01"
