"original_food_id","original_food_name","food_genus_id","food_genus_description","food_group","food_subgroup","food_genus_confidence","fct_name","data_reference_original_id","moisture_in_g","energy_in_kcal","energy_in_kj","nitrogen_in_g","totalprotein_in_g","totalfats_in_g","saturatedfa_in_g","monounsaturatedfa_in_g","polyunsaturatedfa_in_g","cholesterol_in_mg","carbohydrates_in_g","fibre_in_g","ash_in_g","ca_in_mg","fe_in_mg","mg_in_mg","p_in_mg","k_in_mg","na_in_mg","zn_in_mg","cu_in_mg","mn_in_mcg","i_in_mcg","se_in_mcg","vitamina_in_rae_in_mcg","thiamin_in_mg","riboflavin_in_mg","niacin_in_mg","vitaminb6_in_mg","folicacid_in_mcg","folate_in_mcg","vitaminb12_in_mcg","pantothenate_in_mg","biotin_in_mcg","vitaminc_in_mg","vitamind_in_mcg","vitamine_in_mg","phyticacid_in_mg","region"
NA,"Apples","1341.01","apples, raw","Fruits and Vegetables","Apples and products",NA,"regional-SSA-fct",NA,NA,43,NA,NA,0.3,0.1,NA,NA,NA,NA,10,2.3,NA,5,0,3,NA,NA,NA,0,0,NA,0,0,NA,NA,NA,NA,NA,NA,NA,NA,NA,NA,NA,NA,NA,55,"M"
NA,"Aquatic Plants","1594.01","red algae, raw","Fruits and Vegetables","Aquatic Plants",NA,"regional-SSA-fct",NA,NA,26,NA,NA,0.54,0.03,NA,NA,NA,NA,6.25,0.5,NA,54,1.9,67,NA,NA,NA,0.6,0.1,NA,1470,0.7,NA,NA,NA,NA,NA,NA,NA,NA,NA,NA,NA,NA,NA,0,"M"
NA,"Bananas","1312.01","banana, raw","Fruits and Vegetables","Bananas and products",NA,"regional-SSA-fct",NA,NA,100,NA,NA,1.3,0.3,NA,NA,NA,NA,22.2,1.9,NA,8,1,34,NA,NA,NA,1.1,0.06,NA,2,1,NA,NA,NA,NA,NA,NA,NA,NA,NA,NA,NA,NA,NA,20,"M"
NA,"Barley","23140.05.01","barley grain, pearled","Cereals","Barley and products",NA,"regional-SSA-fct",NA,NA,126.434034,NA,NA,2.7,0.5,NA,NA,NA,NA,23.8,3.5,NA,11,9.4,22,NA,NA,NA,3.29,0.11,NA,10,37.7,NA,NA,NA,NA,NA,NA,NA,NA,NA,NA,NA,NA,NA,452,"M"
NA,"Beans","1701.02","common beans, dried, raw","Pulses and Beans","Beans and products",NA,"regional-SSA-fct",NA,NA,347,NA,NA,16.9,1.3,NA,NA,NA,NA,46.2,19.4,NA,85,5.9,164,NA,NA,NA,2.54,0.88,NA,3,2.5,NA,NA,NA,NA,NA,NA,NA,NA,NA,NA,NA,NA,NA,1586,"M"
NA,"Beer","24310.01.01","beer, regular","Other foods","Beer and products",NA,"regional-SSA-fct",NA,NA,35,NA,NA,0.3,0,NA,NA,NA,NA,2,0,NA,8,0.1,7,NA,NA,NA,0,0.01,NA,0,0,NA,NA,NA,NA,NA,NA,NA,NA,NA,NA,NA,NA,NA,0,"M"
NA,"Beverages, Alcoholic","","gin","Other foods","Beverages, Alcoholic and products",NA,"regional-SSA-fct",NA,NA,249.521988,NA,NA,0,0,NA,NA,NA,NA,0,0,NA,0,0.04,0,NA,NA,NA,0.04,0.04,NA,0,0,NA,NA,NA,NA,NA,NA,NA,NA,NA,NA,NA,NA,NA,0,"M"
NA,"Beverages, Fermented","24310.02.01","beer, maize grain","Cereals","Beverages, Fermented and products",NA,"regional-SSA-fct",NA,NA,34,NA,NA,0.6,0.2,NA,NA,NA,NA,3.1,0.1,NA,4,0,14,NA,NA,NA,0.3,0,NA,3,9.3,NA,NA,NA,NA,NA,NA,NA,NA,NA,NA,NA,NA,NA,0,"M"
NA,"Bovine Meat","21111.02.01","beef, without bones, fresh, raw","Animal Products","Bovine Meat and products",NA,"regional-SSA-fct",NA,NA,244,NA,NA,17.9,19.2,NA,NA,NA,NA,0,0,NA,10,2.4,28,NA,NA,NA,2.2,0.16,NA,1,8,NA,NA,NA,NA,NA,NA,NA,NA,NA,NA,NA,NA,NA,0,"M"
NA,"Butter, Ghee","22241.02.01","ghee","Animal Products","Butter, Ghee and products",NA,"regional-SSA-fct",NA,NA,880,NA,NA,0,99.9,NA,NA,NA,NA,0,0,NA,0,0,0,NA,NA,NA,0,0,NA,0,0,NA,NA,NA,NA,NA,NA,NA,NA,NA,NA,NA,NA,NA,0,"M"
NA,"Cassava","01520.01.01","cassava root, raw","Roots and Tubers","Cassava and products",NA,"regional-SSA-fct",NA,NA,157,NA,NA,1.1,0.3,NA,NA,NA,NA,36.5,1.8,NA,46,1.7,21,NA,NA,NA,0.2,0.05,NA,0.88,1,NA,NA,NA,NA,NA,NA,NA,NA,NA,NA,NA,NA,NA,54,"M"
NA,"Cephalopods","1570.01","squids, raw","Animal Products","Cephalopods",NA,"regional-SSA-fct",NA,NA,92,NA,NA,16,1,NA,NA,NA,NA,3,0,NA,32,0.68,33,NA,NA,NA,1.53,1.9,NA,20,44.8,NA,NA,NA,NA,NA,NA,NA,NA,NA,NA,NA,NA,NA,0,"M"
NA,"Cereals, Other","1193.03","fonio grain, white, unrefined, raw","Cereals","Cereals, Other and products",NA,"regional-SSA-fct",NA,NA,339,NA,NA,7,3.1,NA,NA,NA,NA,67.1,7.4,NA,40,9.4,430,NA,NA,NA,1.5,0.44,NA,10,2,NA,NA,NA,NA,NA,NA,NA,NA,NA,NA,NA,NA,NA,282,"M"
NA,"Citrus, Other","1323.01","oranges, raw","Fruits and Vegetables","Oranges, Mandarines and products",NA,"regional-SSA-fct",NA,NA,45,NA,NA,0.8,0.3,NA,NA,NA,NA,8.9,1.7,NA,32,0.1,11,NA,NA,NA,0.1,0.1,NA,1,1,NA,NA,NA,NA,NA,NA,NA,NA,NA,NA,NA,NA,NA,10,"M"
NA,"Cloves","1656.01","cloves","Other foods","Cloves and products",NA,"regional-SSA-fct",NA,NA,323,NA,NA,5.98,20.07,NA,NA,NA,NA,27.01,34.2,NA,646,8.7,264,NA,NA,NA,1.1,0.3,NA,0,5.9,NA,NA,NA,NA,NA,NA,NA,NA,NA,NA,NA,NA,NA,0,"M"
NA,"Cocoa Beans","F0665.01","cocoa powder","Other foods","Cocoa Beans and products",NA,"regional-SSA-fct",NA,NA,363.049713,NA,NA,18.5,21.7,NA,NA,NA,NA,11.5,12.1,NA,130,10.5,520,NA,NA,NA,6.9,3.9,NA,0,14.3,NA,NA,NA,NA,NA,NA,NA,NA,NA,NA,NA,NA,NA,0,"M"
NA,"Coconut Oil","2166.01","coconut oil","Other foods","Coconut Oil and products",NA,"regional-SSA-fct",NA,NA,900,NA,NA,0,100,NA,NA,NA,NA,0,0,NA,0,1.5,0,NA,NA,NA,0,0,NA,0,0,NA,NA,NA,NA,NA,NA,NA,NA,NA,NA,NA,NA,NA,0,"M"
NA,"Coconuts - Incl Copra","1460.01","coconuts","Other foods","Coconuts (including copra) and products",NA,"regional-SSA-fct",NA,NA,377,NA,NA,4.6,36.3,NA,NA,NA,NA,3.6,9,NA,14,2.3,39,NA,NA,NA,0.8,0.32,NA,1,10.1,NA,NA,NA,NA,NA,NA,NA,NA,NA,NA,NA,NA,NA,324,"M"
NA,"Coffee","23912.02.01","coffee, instant powder","Other foods","Coffee and products",NA,"regional-SSA-fct",NA,NA,2.151051,NA,NA,0.1,0,NA,NA,NA,NA,0.4,0,NA,2,0.1,5,NA,NA,NA,0.02,0.01,NA,0,0,NA,NA,NA,NA,NA,NA,NA,NA,NA,NA,NA,NA,NA,0,"M"
NA,"Cottonseed Oil","2168.01","cotton seed oil","Other foods","Cottonseed Oil and products",NA,"regional-SSA-fct",NA,NA,884.321223,NA,NA,0,100,NA,NA,NA,NA,0,0,NA,0,0,0,NA,NA,NA,0,0,NA,0,0,NA,NA,NA,NA,NA,NA,NA,NA,NA,NA,NA,NA,NA,0,"M"
NA,"Cream","22120.01","cream","Animal Products","Cream and products",NA,"regional-SSA-fct",NA,NA,245.458891,NA,NA,2.5,25,NA,NA,NA,NA,3.5,0,NA,90,0,8,NA,NA,NA,0.26,0.01,NA,35,3,NA,NA,NA,NA,NA,NA,NA,NA,NA,NA,NA,NA,NA,0,"M"
NA,"Crustaceans","1553.01","crab, fresh, raw","Animal Products","Crustaceans",NA,"regional-SSA-fct",NA,NA,81,NA,NA,18,1.5,NA,NA,NA,NA,0,0,NA,150,10,112,NA,NA,NA,1.6,0.65,NA,100,37.4,NA,NA,NA,NA,NA,NA,NA,NA,NA,NA,NA,NA,NA,0,"M"
NA,"Dates","1314.01","dates","Fruits and Vegetables","Dates and products",NA,"regional-SSA-fct",NA,NA,134,NA,NA,6.4,2.4,NA,NA,NA,NA,51,2.7,NA,24,0.3,24,NA,NA,NA,0.2,0.12,NA,0,3,NA,NA,NA,NA,NA,NA,NA,NA,NA,NA,NA,NA,NA,0,"M"
NA,"Demersal Fish","1514.01","groupers, white, fresh, raw","Animal Products","Demersal Fish",NA,"regional-SSA-fct",NA,NA,87,NA,NA,19.4,1.1,NA,NA,NA,NA,0,0,NA,33,1.3,35,NA,NA,NA,1.3,0.05,NA,140,39,NA,NA,NA,NA,NA,NA,NA,NA,NA,NA,NA,NA,NA,0,"M"
NA,"Eggs","231.01","egg, chicken, raw","Animal Products","Eggs and products",NA,"regional-SSA-fct",NA,NA,139,NA,NA,12.1,10.1,NA,NA,NA,NA,0,0,NA,45,2.4,11,NA,NA,NA,1.3,0.08,NA,53,11,NA,NA,NA,NA,NA,NA,NA,NA,NA,NA,NA,NA,NA,0,"M"
NA,"Fats, Animals, Raw","21521.01","pork lard","Animal Products","Fats, Animals, Raw and products",NA,"regional-SSA-fct",NA,NA,884.321223,NA,NA,0,100,NA,NA,NA,NA,0,0,NA,0,0,0,NA,NA,NA,0.11,0,NA,0,0.2,NA,NA,NA,NA,NA,NA,NA,NA,NA,NA,NA,NA,NA,0,"M"
NA,"Fish, Body Oil","1523.01","cod, liver oil","Animal Products","Fish, Liver Oil",NA,"regional-SSA-fct",NA,NA,884.321223,NA,NA,0,100,NA,NA,NA,NA,0,0,NA,0,0,0,NA,NA,NA,0,0,NA,0,0,NA,NA,NA,NA,NA,NA,NA,NA,NA,NA,NA,NA,NA,0,"M"
NA,"Fish, Liver Oil","1523.01","cod, liver oil","Animal Products","Fish, Liver Oil",NA,"regional-SSA-fct",NA,NA,884.321223,NA,NA,0,100,NA,NA,NA,NA,0,0,NA,0,0,0,NA,NA,NA,0,0,NA,0,0,NA,NA,NA,NA,NA,NA,NA,NA,NA,NA,NA,NA,NA,0,"M"
NA,"Freshwater Fish","1501.02","catfish, african, fresh, raw","Animal Products","Freshwater Fish",NA,"regional-SSA-fct",NA,NA,176,NA,NA,15.3,12.8,NA,NA,NA,NA,0,0,NA,2814,1.7,18,NA,NA,NA,5.8,0.32,NA,11,11.1,NA,NA,NA,NA,NA,NA,NA,NA,NA,NA,NA,NA,NA,0,"M"
NA,"Fruits, Other","1316.01","mangoes, raw","Fruits and Vegetables","Fruits, Other and products",NA,"regional-SSA-fct",NA,NA,62,NA,NA,0.6,0.2,NA,NA,NA,NA,13.3,2,NA,17,1,12,NA,NA,NA,0.6,0.04,NA,2,1,NA,NA,NA,NA,NA,NA,NA,NA,NA,NA,NA,NA,NA,30,"M"
NA,"Grapefruit","1321.02","grapefruits, raw","Fruits and Vegetables","Grapefruit and products",NA,"regional-SSA-fct",NA,NA,37,NA,NA,0.8,0.1,NA,NA,NA,NA,8,1.9,NA,21,0.6,9,NA,NA,NA,0,0.04,NA,2,0.1,NA,NA,NA,NA,NA,NA,NA,NA,NA,NA,NA,NA,NA,0,"M"
NA,"Grapes","1330.01","grapes, raw","Fruits and Vegetables","Grapes and products (excludingexcl wine) and products",NA,"regional-SSA-fct",NA,NA,69,NA,NA,0.4,0.1,NA,NA,NA,NA,16.5,2,NA,13,0.3,7,NA,NA,NA,0.1,0.08,NA,1,0.1,NA,NA,NA,NA,NA,NA,NA,NA,NA,NA,NA,NA,NA,59,"M"
NA,"Groundnut Oil","2162.01","peanut oil","Pulses and Beans","Groundnut Oil and products",NA,"regional-SSA-fct",NA,NA,903,NA,NA,0,99.9,NA,NA,NA,NA,0,0,NA,0,0,0,NA,NA,NA,0,0,NA,0,0,NA,NA,NA,NA,NA,NA,NA,NA,NA,NA,NA,NA,NA,0,"M"
NA,"Groundnuts (Shelled Eq)","142.01","peanut, unshelled","Pulses and Beans","Groundnuts (Shelled Eq) and products",NA,"regional-SSA-fct",NA,NA,578,NA,NA,24.1,45,NA,NA,NA,NA,18.5,6.2,NA,53,4.3,185,NA,NA,NA,1.9,0.42,NA,20,3,NA,NA,NA,NA,NA,NA,NA,NA,NA,NA,NA,NA,NA,590,"M"
NA,"Honey","2910.01","honey","Other foods","Honey and products",NA,"regional-SSA-fct",NA,NA,322,NA,NA,0.3,0,NA,NA,NA,NA,80.2,0,NA,11,0.6,10,NA,NA,NA,2,0.05,NA,0,1,NA,NA,NA,NA,NA,NA,NA,NA,NA,NA,NA,NA,NA,0,"M"
NA,"Lemons, Limes","1322.01","lemons, raw","Fruits and Vegetables","Lemons, Limes and products",NA,"regional-SSA-fct",NA,NA,36,NA,NA,0.7,0.5,NA,NA,NA,NA,6.3,2.1,NA,22,0.6,16,NA,NA,NA,0.1,0.04,NA,2,0,NA,NA,NA,NA,NA,NA,NA,NA,NA,NA,NA,NA,NA,10,"M"
NA,"Maize","112.01","maize, grain, white, dried, raw","Cereals","Maize and products (including white maize)",NA,"regional-SSA-fct",NA,NA,363,NA,NA,9.2,3.8,NA,NA,NA,NA,72.3,1.5,NA,30,3.2,85,NA,NA,NA,1.4,0.18,NA,3,16,NA,NA,NA,NA,NA,NA,NA,NA,NA,NA,NA,NA,NA,792,"M"
NA,"Maize Germ Oil","21691.02.01","maize oil","Cereals","Maize Germ Oil and products",NA,"regional-SSA-fct",NA,NA,884.321223,NA,NA,0,100,NA,NA,NA,NA,0,0,NA,0,0,0,NA,NA,NA,0,0,NA,0,0,NA,NA,NA,NA,NA,NA,NA,NA,NA,NA,NA,NA,NA,0,"M"
NA,"Maize Germ Oil","21691.02.01","maize oil","Cereals","Maize Germ Oil and products",NA,"regional-SSA-fct",NA,NA,884.321223,NA,NA,0,100,NA,NA,NA,NA,0,0,NA,0,0,0,NA,NA,NA,0,0,NA,0,0,NA,NA,NA,NA,NA,NA,NA,NA,NA,NA,NA,NA,NA,0,"M"
NA,"Marine Fish, Other","1532.01","sardines, tinned","Animal Products","Pelagic Fish",NA,"regional-SSA-fct",NA,NA,106,NA,NA,19.6,2.7,NA,NA,NA,NA,0.9,0,NA,42,2.1,41,NA,NA,NA,1.5,0.04,NA,32,37,NA,NA,NA,NA,NA,NA,NA,NA,NA,NA,NA,NA,NA,0,"M"
NA,"Meat, Aquatic Mammals","1580.01","marine mammals meat, fresh, raw","Animal Products","Meat, Aquatic Mammals",NA,"regional-SSA-fct",NA,NA,111,NA,NA,26.5,0.5,NA,NA,NA,NA,0,0,NA,7,0.3,21,NA,NA,NA,0.63,0.03,NA,32,36.5,NA,NA,NA,NA,NA,NA,NA,NA,NA,NA,NA,NA,NA,0,"M"
NA,"Meat, Other","21114.01","rabbit meat, fresh, raw","Animal Products","Meat, Other and products",NA,"regional-SSA-fct",NA,NA,142,NA,NA,20.7,5.6,NA,NA,NA,NA,2.1,0,NA,22,0.9,25,NA,NA,NA,1.7,0.15,NA,1,10,NA,NA,NA,NA,NA,NA,NA,NA,NA,NA,NA,NA,NA,0,"M"
NA,"Milk - Excluding Butter","2211.01","milk, cow, whole, raw","Animal Products","Milk - (Excluding excluding Butter butter) and products",NA,"regional-SSA-fct",NA,NA,75,NA,NA,3.7,4.6,NA,NA,NA,NA,4.7,0,NA,210,0.1,14,NA,NA,NA,0.4,0.02,NA,3,1,NA,NA,NA,NA,NA,NA,NA,NA,NA,NA,NA,NA,NA,0,"M"
NA,"Millet","118.03","pearl millet,  grain","Cereals","Millet and products",NA,"regional-SSA-fct",NA,NA,365,NA,NA,8.3,5.3,NA,NA,NA,NA,65.8,10.6,NA,19,14.3,97,NA,NA,NA,2.7,0.45,NA,10,8,NA,NA,NA,NA,NA,NA,NA,NA,NA,NA,NA,NA,NA,520,"M"
NA,"Molluscs, Other","1562.01","oysters, fresh, raw","Animal Products","Molluscs, Other",NA,"regional-SSA-fct",NA,NA,66.921606,NA,NA,7.1,2.5,NA,NA,NA,NA,3.9,0,NA,45,3.5,54,NA,NA,NA,2.2,1.49,NA,0,27.4,NA,NA,NA,NA,NA,NA,NA,NA,NA,NA,NA,NA,NA,0,"M"
NA,"Mutton & Goat Meat","21115.01","sheep meat, fresh, raw","Animal Products","Mutton & and Goat Meat and products",NA,"regional-SSA-fct",NA,NA,217,NA,NA,17.2,16.5,NA,NA,NA,NA,0,0,NA,9,2.3,20,NA,NA,NA,3.1,0.07,NA,6,4,NA,NA,NA,NA,NA,NA,NA,NA,NA,NA,NA,NA,NA,0,"M"
NA,"Nuts","1372.01","cashew nuts","Other foods","Nuts and products",NA,"regional-SSA-fct",NA,NA,575,NA,NA,19,42.8,NA,NA,NA,NA,27.1,2.9,NA,54,10.4,267,NA,NA,NA,2.1,2.15,NA,10,24,NA,NA,NA,NA,NA,NA,NA,NA,NA,NA,NA,NA,NA,2580,"M"
NA,"Oats","23140.07.01","oats, rolled","Cereals","Oats and products",NA,"regional-SSA-fct",NA,NA,427.10325,NA,NA,10.7,10.4,NA,NA,NA,NA,61.6,1.6,NA,54,4.4,153,NA,NA,NA,3.18,0.36,NA,10,2,NA,NA,NA,NA,NA,NA,NA,NA,NA,NA,NA,NA,NA,282,"M"
NA,"Offals, Edible","21151.02","beef liver, fresh, raw","Animal Products","Offals, Edible and products",NA,"regional-SSA-fct",NA,NA,133,NA,NA,19.1,4.5,NA,NA,NA,NA,3.8,0,NA,8,9.7,131,NA,NA,NA,3,0.5,NA,5,40,NA,NA,NA,NA,NA,NA,NA,NA,NA,NA,NA,NA,NA,0,"M"
NA,"Oilcrops, Other","1441.01","linseeds","Other foods","Oilcrops, Other and products",NA,"regional-SSA-fct",NA,NA,531.548757,NA,NA,17.5,36.9,NA,NA,NA,NA,3.5,29.5,NA,250,44.2,346,NA,NA,NA,8.24,3.88,NA,0,1.6,NA,NA,NA,NA,NA,NA,NA,NA,NA,NA,NA,NA,NA,4710,"M"
NA,"Olive Oil","2167.01","olive oil","Other foods","Olive Oil and products",NA,"regional-SSA-fct",NA,NA,884.321223,NA,NA,0,100,NA,NA,NA,NA,0,0,NA,1,0.4,0,NA,NA,NA,0.06,0,NA,0,0,NA,NA,NA,NA,NA,NA,NA,NA,NA,NA,NA,NA,NA,0,"M"
NA,"Olives","F0262.01","olives, preserved","Fruits and Vegetables","Olives (including preserved) and products",NA,"regional-SSA-fct",NA,NA,123.565965,NA,NA,0.8,10.7,NA,NA,NA,NA,3.1,3.2,NA,88,3.3,4,NA,NA,NA,0.22,0.25,NA,0,0.9,NA,NA,NA,NA,NA,NA,NA,NA,NA,NA,NA,NA,NA,0,"M"
NA,"Onions","1253.02.01","onions, raw","Fruits and Vegetables","Onions and products",NA,"regional-SSA-fct",NA,NA,32,NA,NA,1.1,0.1,NA,NA,NA,NA,5.6,1.8,NA,27,0.5,7,NA,NA,NA,0.2,0.04,NA,2,2,NA,NA,NA,NA,NA,NA,NA,NA,NA,NA,NA,NA,NA,10,"M"
NA,"Oranges, Mandarines","1323.01","oranges, raw","Fruits and Vegetables","Oranges, Mandarines and products",NA,"regional-SSA-fct",NA,NA,45,NA,NA,0.8,0.3,NA,NA,NA,NA,8.9,1.7,NA,32,0.1,11,NA,NA,NA,0.1,0.05,NA,1,1,NA,NA,NA,NA,NA,NA,NA,NA,NA,NA,NA,NA,NA,10,"M"
NA,"Palm Oil","2165.01","palm oil","Other foods","Palm Oil and products",NA,"regional-SSA-fct",NA,NA,895,NA,NA,0,99.4,NA,NA,NA,NA,0,0,NA,3,0.4,0,NA,NA,NA,0,0,NA,0,0,NA,NA,NA,NA,NA,NA,NA,NA,NA,NA,NA,NA,NA,0,"M"
NA,"Palmkernel Oil","21691.14.01","palm kernel oil","Other foods","Palmkernel Oil and products",NA,"regional-SSA-fct",NA,NA,884.321223,NA,NA,0,100,NA,NA,NA,NA,0,0,NA,3,0.4,0,NA,NA,NA,0,0,NA,0,0,NA,NA,NA,NA,NA,NA,NA,NA,NA,NA,NA,NA,NA,0,"M"
NA,"Peas","1705.01","peas, dried, raw","Pulses and Beans","Peas and products",NA,"regional-SSA-fct",NA,NA,88.671128,NA,NA,5.5,0.8,NA,NA,NA,NA,8.3,6.3,NA,20,1.7,28,NA,NA,NA,0.87,0.17,NA,2,0,NA,NA,NA,NA,NA,NA,NA,NA,NA,NA,NA,NA,NA,28,"M"
NA,"Pelagic Fish","1527.01","mackerel, fresh, raw","Animal Products","Pelagic Fish",NA,"regional-SSA-fct",NA,NA,133,NA,NA,21.1,2.8,NA,NA,NA,NA,5.9,0,NA,50,1.8,26,NA,NA,NA,0.5,0.06,NA,32,37,NA,NA,NA,NA,NA,NA,NA,NA,NA,NA,NA,NA,NA,0,"M"
NA,"Pepper","1651.01","pepper, black","Other foods","Pepper and products",NA,"regional-SSA-fct",NA,NA,228,NA,NA,10.9,3.3,NA,NA,NA,NA,38.3,26.5,NA,437,28.9,194,NA,NA,NA,1.4,1.13,NA,0,3.1,NA,NA,NA,NA,NA,NA,NA,NA,NA,NA,NA,NA,NA,0,"M"
NA,"Pigmeat","21113.02.01","pig meat, without bones, fresh, raw","Animal Products","Pigmeat and products",NA,"regional-SSA-fct",NA,NA,405,NA,NA,12.6,39.4,NA,NA,NA,NA,0,0,NA,11,1.9,12,NA,NA,NA,3.2,0.09,NA,1,6,NA,NA,NA,NA,NA,NA,NA,NA,NA,NA,NA,NA,NA,0,"M"
NA,"Pimento","1652.01","pepper, raw","Fruits and Vegetables","Pimento and products",NA,"regional-SSA-fct",NA,NA,26,NA,NA,1.8,0.3,NA,NA,NA,NA,4.2,3.5,NA,33,1.2,42,NA,NA,NA,0.3,0.1,NA,1,0.5,NA,NA,NA,NA,NA,NA,NA,NA,NA,NA,NA,NA,NA,30,"M"
NA,"Pineapples","1318.01","pineapple, raw","Fruits and Vegetables","Pineapples and products",NA,"regional-SSA-fct",NA,NA,56,NA,NA,0.4,0.3,NA,NA,NA,NA,12.1,1.4,NA,22,0.5,9,NA,NA,NA,2.2,0.33,NA,0,0,NA,NA,NA,NA,NA,NA,NA,NA,NA,NA,NA,NA,NA,0,"M"
NA,"Plantains","1313.01","plantain, raw","Fruits and Vegetables","Plantains and products",NA,"regional-SSA-fct",NA,NA,149,NA,NA,1.1,0.3,NA,NA,NA,NA,34.3,2.3,NA,7,1.1,37,NA,NA,NA,0.1,0.08,NA,2,2,NA,NA,NA,NA,NA,NA,NA,NA,NA,NA,NA,NA,NA,0,"M"
NA,"Potatoes","1510.01","potatoes, raw","Roots and Tubers","Potatoes and products",NA,"regional-SSA-fct",NA,NA,82,NA,NA,1.9,0.1,NA,NA,NA,NA,17.3,1.8,NA,10,0.8,27,NA,NA,NA,0.3,0.09,NA,2,2,NA,NA,NA,NA,NA,NA,NA,NA,NA,NA,NA,NA,NA,147,"M"
NA,"Poultry Meat","21121.01","chicken meat, fresh, raw","Animal Products","Poultry Meat and products",NA,"regional-SSA-fct",NA,NA,136,NA,NA,20.6,6,NA,NA,NA,NA,0,0,NA,12,1.2,25,NA,NA,NA,1,0.04,NA,0,12,NA,NA,NA,NA,NA,NA,NA,NA,NA,NA,NA,NA,NA,0,"M"
NA,"Pulses, Other","1706.01","cow peas, dried, raw","Pulses and Beans","Pulses, Other and products",NA,"regional-SSA-fct",NA,NA,335,NA,NA,21.1,1.2,NA,NA,NA,NA,54.7,10.6,NA,84,7.8,41,NA,NA,NA,8,0.08,NA,0,8,NA,NA,NA,NA,NA,NA,NA,NA,NA,NA,NA,NA,NA,1154,"M"
NA,"Rape and Mustard Oil","21641.01.01","rape seed oil","Other foods","Rape and Mustard Oil and products",NA,"regional-SSA-fct",NA,NA,884.321223,NA,NA,0,100,NA,NA,NA,NA,0,0,NA,0,0,0,NA,NA,NA,0,0,NA,0,0,NA,NA,NA,NA,NA,NA,NA,NA,NA,NA,NA,NA,NA,0,"M"
NA,"Rice (Milled Equivalent)","23161.01.01","rice grain, white, raw","Cereals","Rice and products",NA,"regional-SSA-fct",NA,NA,346,NA,NA,7.3,0.4,NA,NA,NA,NA,76.9,2.8,NA,11,2.6,35,NA,NA,NA,1.2,0.01,NA,8,2.4,NA,NA,NA,NA,NA,NA,NA,NA,NA,NA,NA,NA,NA,352,"M"
NA,"Rice (Milled Equivalent)","23161.02.01","rice grain, white, raw","Cereals","Rice and products",NA,"regional-SSA-fct",NA,NA,346,NA,NA,7.3,0.4,NA,NA,NA,NA,76.9,2.8,NA,11,2.6,35,NA,NA,NA,1.2,0.01,NA,8,2.4,NA,NA,NA,NA,NA,NA,NA,NA,NA,NA,NA,NA,NA,352,"M"
NA,"Roots, Other","1550.01","taros, raw","Roots and Tubers","Roots, Other and products",NA,"regional-SSA-fct",NA,NA,95,NA,NA,1.8,0.1,NA,NA,NA,NA,19.7,4.1,NA,51,1.2,33,NA,NA,NA,0.2,0.17,NA,0,1,NA,NA,NA,NA,NA,NA,NA,NA,NA,NA,NA,NA,NA,78,"M"
NA,"Rye","116.01","rye grain, unrefined, raw ","Cereals","Rye and products",NA,"regional-SSA-fct",NA,NA,351.099426,NA,NA,11.9,1.8,NA,NA,NA,NA,59.9,10.7,NA,8,2,68,NA,NA,NA,4,0.1,NA,10,35.3,NA,NA,NA,NA,NA,NA,NA,NA,NA,NA,NA,NA,NA,282,"M"
NA,"Sesameseed","1444.01","sesame seeds","Pulses and Beans","Sesame seed and products",NA,"regional-SSA-fct",NA,NA,600,NA,NA,18.5,49.4,NA,NA,NA,NA,18.6,3.7,NA,1150,15.5,347,NA,NA,NA,10.25,2.15,NA,0,5.7,NA,NA,NA,NA,NA,NA,NA,NA,NA,NA,NA,NA,NA,4710,"M"
NA,"Sesameseed Oil","21691.07.01","sesame seed oil","Pulses and Beans","Sesameseed Oil and products",NA,"regional-SSA-fct",NA,NA,884,NA,NA,0,100,NA,NA,NA,NA,0,0,NA,0,0,0,NA,NA,NA,0,0,NA,0,0,NA,NA,NA,NA,NA,NA,NA,NA,NA,NA,NA,NA,NA,0,"M"
NA,"Sorghum","114.01","sorghum grain, raw","Cereals","Sorghum and products",NA,"regional-SSA-fct",NA,NA,383,NA,NA,11,3.1,NA,NA,NA,NA,75.8,3.7,NA,27,8.7,559,NA,NA,NA,1.6,0.59,NA,10,13,NA,NA,NA,NA,NA,NA,NA,NA,NA,NA,NA,NA,NA,489,"M"
NA,"Soyabean Oil","2161.01","soybean oil","Pulses and Beans","Soyabean Oil and products",NA,"regional-SSA-fct",NA,NA,884.321223,NA,NA,0,100,NA,NA,NA,NA,0,0,NA,0,0.1,0,NA,NA,NA,0,0,NA,0,0,NA,NA,NA,NA,NA,NA,NA,NA,NA,NA,NA,NA,NA,0,"M"
NA,"Soyabeans","141.01","soybeans, dried, raw","Pulses and Beans","Soyabeans and products",NA,"regional-SSA-fct",NA,NA,397,NA,NA,33.2,16.6,NA,NA,NA,NA,20.8,15.7,NA,247,8.3,245,NA,NA,NA,4.7,1.48,NA,6,14,NA,NA,NA,NA,NA,NA,NA,NA,NA,NA,NA,NA,NA,1473,"M"
NA,"Spices, Other","1699.01","turmeric roots","Other foods","Spices, Other and products",NA,"regional-SSA-fct",NA,NA,382.887189,NA,NA,7.8,9.9,NA,NA,NA,NA,43.8,21.1,NA,183,7,193,NA,NA,NA,1,0.6,NA,0,4.5,NA,NA,NA,NA,NA,NA,NA,NA,NA,NA,NA,NA,NA,0,"M"
NA,"Sugar (Raw Equivalent)","23520.01","sugar, white","Other foods","Sugar (Raw Equivalent) and products",NA,"regional-SSA-fct",NA,NA,369,NA,NA,0,0,NA,NA,NA,NA,92.2,0,NA,10,0.2,2,NA,NA,NA,0.1,0.12,NA,0,0,NA,NA,NA,NA,NA,NA,NA,NA,NA,NA,NA,NA,NA,0,"M"
NA,"Sugar Beet","1801.01","beetroots, sugar, raw","Other foods","Sugar beet and products",NA,"regional-SSA-fct",NA,NA,40.630975,NA,NA,1.6,0.1,NA,NA,NA,NA,5.8,2.4,NA,17,0.8,26,NA,NA,NA,0.4,0.1,NA,0,0.7,NA,NA,NA,NA,NA,NA,NA,NA,NA,NA,NA,NA,NA,0,"M"
NA,"Sugar Cane","1802.01","sugar canes","Other foods","Sugar cane and products",NA,"regional-SSA-fct",NA,NA,60,NA,NA,1,0,NA,NA,NA,NA,14,2,NA,10,0,2,NA,NA,NA,0,0,NA,0,0,NA,NA,NA,NA,NA,NA,NA,NA,NA,NA,NA,NA,NA,0,"M"
NA,"Sugar, Non-Centrifugal","23511.02.01","syrups, sugar cane",NA,"Sugar non-centrifugal and products",NA,"regional-SSA-fct",NA,NA,56,NA,NA,0,0,NA,NA,NA,NA,14.6,0,NA,13,0.3,4,NA,NA,NA,0,0.1,NA,0,0,NA,NA,NA,NA,NA,NA,NA,NA,NA,NA,NA,NA,NA,0,"M"
NA,"Sunflowerseed","1445.01","sunflower seeds, dried","Other foods","Sunflower seed and products",NA,"regional-SSA-fct",NA,NA,607.552581,NA,NA,22.8,49.6,NA,NA,NA,NA,12.2,6.6,NA,116,7.8,354,NA,NA,NA,10.3,1.5,NA,0,59.5,NA,NA,NA,NA,NA,NA,NA,NA,NA,NA,NA,NA,NA,5160,"M"
NA,"Sunflowerseed Oil","21631.01.01","sunflower oil","Other foods","Sunflowerseed Oil and products",NA,"regional-SSA-fct",NA,NA,884.321223,NA,NA,0,100,NA,NA,NA,NA,0,0,NA,0,0,0,NA,NA,NA,0,0,NA,0,0,NA,NA,NA,NA,NA,NA,NA,NA,NA,NA,NA,NA,NA,0,"M"
NA,"Sweet Potatoes","1530.01","sweet potato, white-flesh, raw","Roots and Tubers","Sweet potatoes and products",NA,"regional-SSA-fct",NA,NA,112,NA,NA,1.8,0.3,NA,NA,NA,NA,24.1,3,NA,45,1.9,16,NA,NA,NA,0.4,0.2,NA,2,2,NA,NA,NA,NA,NA,NA,NA,NA,NA,NA,NA,NA,NA,10,"M"
NA,"Sweeteners, Other","23210.01.01","fructose, powder","Other foods","Sweeteners, Other and products",NA,"regional-SSA-fct",NA,NA,368,NA,NA,0,0,NA,NA,NA,NA,100,0,NA,0,0.1,0,NA,NA,NA,0,0.2,NA,0,0,NA,NA,NA,NA,NA,NA,NA,NA,NA,NA,NA,NA,NA,0,"M"
NA,"Tea","23914.01","tea beverages","Other foods","Tea (including mate) and products",NA,"regional-SSA-fct",NA,NA,0,NA,NA,0.1,0,NA,NA,NA,NA,0,0,NA,2,0.1,1,NA,NA,NA,0,0,NA,0,0,NA,NA,NA,NA,NA,NA,NA,NA,NA,NA,NA,NA,NA,0,"M"
NA,"Tomatoes","1234.01","tomatoes, raw","Fruits and Vegetables","Tomatoes and products",NA,"regional-SSA-fct",NA,NA,21,NA,NA,1,0.2,NA,NA,NA,NA,3.3,1.1,NA,12,0.9,12,NA,NA,NA,1.1,0.12,NA,1,1,NA,NA,NA,NA,NA,NA,NA,NA,NA,NA,NA,NA,NA,30,"M"
NA,"Vegetables, Other","1212.03","cabbages, head, raw","Fruits and Vegetables","Vegetables, Other and products",NA,"regional-SSA-fct",NA,NA,26,NA,NA,1.6,0.1,NA,NA,NA,NA,3.4,2.5,NA,35,0.6,10,NA,NA,NA,0.2,0.02,NA,2,1,NA,NA,NA,NA,NA,NA,NA,NA,NA,NA,NA,NA,NA,0,"M"
NA,"Wheat","23110.02","wheat flour, refined","Cereals","Wheat and products",NA,"regional-SSA-fct",NA,NA,347,NA,NA,10.7,1.1,NA,NA,NA,NA,72.1,3.5,NA,21,2,60,NA,NA,NA,4,0.15,NA,10,2,NA,NA,NA,NA,NA,NA,NA,NA,NA,NA,NA,NA,NA,130,"M"
NA,"Wine","24212.02.03","wine, rosé","Other foods","Wine and products",NA,"regional-SSA-fct",NA,NA,71.70172,NA,NA,0.2,0,NA,NA,NA,NA,1.4,0,NA,8,0.4,10,NA,NA,NA,0.07,0.4,NA,0,0.2,NA,NA,NA,NA,NA,NA,NA,NA,NA,NA,NA,NA,NA,19.7,"M"
NA,"Yams","1540.01","yams, raw","Roots and Tubers","Yams and products",NA,"regional-SSA-fct",NA,NA,128,NA,NA,2,0.3,NA,NA,NA,NA,27.5,4.1,NA,23,1.3,17,NA,NA,NA,0.2,0.07,NA,0,1,NA,NA,NA,NA,NA,NA,NA,NA,NA,NA,NA,NA,NA,10,"M"
NA,"Apples","1341.01","apples, raw","Fruits and Vegetables","Apples and products",NA,"regional-SSA-fct",NA,NA,52,NA,NA,0.2,0.2,NA,NA,NA,NA,11.4,2.4,NA,6,0.1,5,NA,NA,NA,0,0,NA,0,0,NA,NA,NA,NA,NA,NA,NA,NA,NA,NA,NA,NA,NA,55,"E"
NA,"Apples","1341.01","apples, raw","Fruits and Vegetables","Apples and products",NA,"regional-SSA-fct",NA,NA,63.814531,NA,NA,0.2,0.1,NA,NA,NA,NA,13,2.3,NA,2,0.3,3,NA,NA,NA,0.09,0.07,NA,0,0,NA,NA,NA,NA,NA,NA,NA,NA,NA,NA,NA,NA,NA,55,"S"
NA,"Apples","1341.01","apples, raw","Fruits and Vegetables","Apples and products",NA,"regional-SSA-fct",NA,NA,43,NA,NA,0.3,0.1,NA,NA,NA,NA,10,2.3,NA,5,0,3,NA,NA,NA,0,0,NA,0,0,NA,NA,NA,NA,NA,NA,NA,NA,NA,NA,NA,NA,NA,55,"W"
NA,"Aquatic Plants","1594.01","red algae, raw","Fruits and Vegetables","Aquatic Plants",NA,"regional-SSA-fct",NA,NA,26,NA,NA,0.54,0.03,NA,NA,NA,NA,6.25,0.5,NA,54,1.9,67,NA,NA,NA,0.6,0.1,NA,1470,0.7,NA,NA,NA,NA,NA,NA,NA,NA,NA,NA,NA,NA,NA,0,"E"
NA,"Aquatic Plants","1594.01","red algae, raw","Fruits and Vegetables","Aquatic Plants",NA,"regional-SSA-fct",NA,NA,26,NA,NA,0.54,0.03,NA,NA,NA,NA,6.25,0.5,NA,54,1.9,67,NA,NA,NA,0.6,0.1,NA,1470,0.7,NA,NA,NA,NA,NA,NA,NA,NA,NA,NA,NA,NA,NA,0,"S"
NA,"Aquatic Plants","1594.01","red algae, raw","Fruits and Vegetables","Aquatic Plants",NA,"regional-SSA-fct",NA,NA,26,NA,NA,0.54,0.03,NA,NA,NA,NA,6.25,0.5,NA,54,1.9,67,NA,NA,NA,0.6,0.1,NA,1470,0.7,NA,NA,NA,NA,NA,NA,NA,NA,NA,NA,NA,NA,NA,0,"W"
NA,"Bananas","1312.01","banana, raw","Fruits and Vegetables","Bananas and products",NA,"regional-SSA-fct",NA,NA,89,NA,NA,1.1,0.3,NA,NA,NA,NA,20.2,2.6,NA,5,0.3,27,NA,NA,NA,0.2,0.1,NA,2,0.5,NA,NA,NA,NA,NA,NA,NA,NA,NA,NA,NA,NA,NA,0,"E"
NA,"Bananas","1312.01","banana, raw","Fruits and Vegetables","Bananas and products",NA,"regional-SSA-fct",NA,NA,91.300191,NA,NA,1.3,0.3,NA,NA,NA,NA,18.8,1.7,NA,2,0.6,21,NA,NA,NA,0.23,0.05,NA,2,0.5,NA,NA,NA,NA,NA,NA,NA,NA,NA,NA,NA,NA,NA,0,"S"
NA,"Bananas","1312.01","banana, raw","Fruits and Vegetables","Bananas and products",NA,"regional-SSA-fct",NA,NA,100,NA,NA,1.3,0.3,NA,NA,NA,NA,22.2,1.9,NA,8,1,34,NA,NA,NA,1.1,0.06,NA,2,1,NA,NA,NA,NA,NA,NA,NA,NA,NA,NA,NA,NA,NA,20,"W"
NA,"Barley","23140.05.01","barley grain, pearled","Cereals","Barley and products",NA,"regional-SSA-fct",NA,NA,126.434034,NA,NA,2.7,0.5,NA,NA,NA,NA,23.8,3.5,NA,11,9.4,22,NA,NA,NA,3.29,0.11,NA,10,37.7,NA,NA,NA,NA,NA,NA,NA,NA,NA,NA,NA,NA,NA,452,"E"
NA,"Barley","23140.05.01","barley grain, pearled","Cereals","Barley and products",NA,"regional-SSA-fct",NA,NA,126.434034,NA,NA,2.7,0.5,NA,NA,NA,NA,23.8,3.5,NA,11,1.3,22,NA,NA,NA,0.82,0.11,NA,10,37.7,NA,NA,NA,NA,NA,NA,NA,NA,NA,NA,NA,NA,NA,452,"S"
NA,"Barley","23140.05.01","barley grain, pearled","Cereals","Barley and products",NA,"regional-SSA-fct",NA,NA,126.434034,NA,NA,2.7,0.5,NA,NA,NA,NA,23.8,3.5,NA,11,9.4,22,NA,NA,NA,3.29,0.11,NA,10,37.7,NA,NA,NA,NA,NA,NA,NA,NA,NA,NA,NA,NA,NA,452,"W"
NA,"Beans","1701.02","common beans, dried, raw","Pulses and Beans","Beans and products",NA,"regional-SSA-fct",NA,NA,333,NA,NA,23.6,0.8,NA,NA,NA,NA,60,24.9,NA,72,7.5,116,NA,NA,NA,2.8,0.6,NA,3,2.5,NA,NA,NA,NA,NA,NA,NA,NA,NA,NA,NA,NA,NA,1586,"E"
NA,"Beans","1701.02","common beans, dried, raw","Pulses and Beans","Beans and products",NA,"regional-SSA-fct",NA,NA,346.797323,NA,NA,16.9,1.3,NA,NA,NA,NA,46.2,19.4,NA,85,5.9,164,NA,NA,NA,2.54,0.88,NA,3,2.5,NA,NA,NA,NA,NA,NA,NA,NA,NA,NA,NA,NA,NA,1586,"S"
NA,"Beans","1701.02","common beans, dried, raw","Pulses and Beans","Beans and products",NA,"regional-SSA-fct",NA,NA,347,NA,NA,16.9,1.3,NA,NA,NA,NA,46.2,19.4,NA,85,5.9,164,NA,NA,NA,2.54,0.88,NA,3,2.5,NA,NA,NA,NA,NA,NA,NA,NA,NA,NA,NA,NA,NA,1586,"W"
NA,"Beer","24310.01.01","beer, regular","Other foods","Beer and products",NA,"regional-SSA-fct",NA,NA,41,NA,NA,0.3,0,NA,NA,NA,NA,3.5,0.2,NA,5,0,6,NA,NA,NA,0,0,NA,0,0,NA,NA,NA,NA,NA,NA,NA,NA,NA,NA,NA,NA,NA,0,"E"
NA,"Beer","24310.01.01","beer, regular","Other foods","Beer and products",NA,"regional-SSA-fct",NA,NA,41.108986,NA,NA,0.3,0,NA,NA,NA,NA,3.7,0,NA,4,0,9,NA,NA,NA,0.01,0.01,NA,0,0,NA,NA,NA,NA,NA,NA,NA,NA,NA,NA,NA,NA,NA,0,"S"
NA,"Beer","24310.01.01","beer, regular","Other foods","Beer and products",NA,"regional-SSA-fct",NA,NA,35,NA,NA,0.3,0,NA,NA,NA,NA,2,0,NA,8,0.1,7,NA,NA,NA,0,0.01,NA,0,0,NA,NA,NA,NA,NA,NA,NA,NA,NA,NA,NA,NA,NA,0,"W"
NA,"Beverages, Alcoholic","","gin","Other foods","Beverages, Alcoholic and products",NA,"regional-SSA-fct",NA,NA,275,NA,NA,0,0,NA,NA,NA,NA,0,0,NA,0,0.04,0,NA,NA,NA,0.04,0.04,NA,0,0,NA,NA,NA,NA,NA,NA,NA,NA,NA,NA,NA,NA,NA,0,"E"
NA,"Beverages, Alcoholic","","gin","Other foods","Beverages, Alcoholic and products",NA,"regional-SSA-fct",NA,NA,249.521988,NA,NA,0,0,NA,NA,NA,NA,0,0,NA,0,0,0,NA,NA,NA,0.04,0.02,NA,0,0,NA,NA,NA,NA,NA,NA,NA,NA,NA,NA,NA,NA,NA,0,"S"
NA,"Beverages, Alcoholic","","gin","Other foods","Beverages, Alcoholic and products",NA,"regional-SSA-fct",NA,NA,249.521988,NA,NA,0,0,NA,NA,NA,NA,0,0,NA,0,0.04,0,NA,NA,NA,0.04,0.04,NA,0,0,NA,NA,NA,NA,NA,NA,NA,NA,NA,NA,NA,NA,NA,0,"W"
NA,"Beverages, Fermented","24310.04.01","beer, sorghum grain","Cereals","Beverages, Fermented and products",NA,"regional-SSA-fct",NA,NA,41,NA,NA,0.3,0,NA,NA,NA,NA,3.5,0.2,NA,5,0,6,NA,NA,NA,0,0,NA,3,9.3,NA,NA,NA,NA,NA,NA,NA,NA,NA,NA,NA,NA,NA,0,"E"
NA,"Beverages, Fermented","24310.02.01","beer, maize grain","Cereals","Beverages, Fermented and products",NA,"regional-SSA-fct",NA,NA,41,NA,NA,0.3,0,NA,NA,NA,NA,3.5,0.2,NA,5,0,6,NA,NA,NA,0,0,NA,3,9.3,NA,NA,NA,NA,NA,NA,NA,NA,NA,NA,NA,NA,NA,0,"E"
NA,"Beverages, Fermented","24310.04.01","beer, sorghum grain","Cereals","Beverages, Fermented and products",NA,"regional-SSA-fct",NA,NA,28.919694,NA,NA,0.6,0,NA,NA,NA,NA,3,0.1,NA,5,0.2,14,NA,NA,NA,0.14,0.02,NA,3,9.3,NA,NA,NA,NA,NA,NA,NA,NA,NA,NA,NA,NA,NA,0,"S"
NA,"Beverages, Fermented","24310.02.01","beer, maize grain","Cereals","Beverages, Fermented and products",NA,"regional-SSA-fct",NA,NA,34,NA,NA,0.6,0.2,NA,NA,NA,NA,3.1,0.1,NA,4,0,14,NA,NA,NA,0.3,0,NA,3,9.3,NA,NA,NA,NA,NA,NA,NA,NA,NA,NA,NA,NA,NA,0,"W"
NA,"Bovine Meat","21111.02.01","beef, without bones, fresh, raw","Animal Products","Bovine Meat and products",NA,"regional-SSA-fct",NA,NA,323,NA,NA,24.9,24,NA,NA,NA,NA,0,0,NA,4,1.7,23,NA,NA,NA,4.1,0.1,NA,1,8,NA,NA,NA,NA,NA,NA,NA,NA,NA,NA,NA,NA,NA,0,"E"
NA,"Bovine Meat","21111.02.01","beef, without bones, fresh, raw","Animal Products","Bovine Meat and products",NA,"regional-SSA-fct",NA,NA,203.632887,NA,NA,19.2,14.2,NA,NA,NA,NA,0,0,NA,13,0.7,19,NA,NA,NA,3.42,0.32,NA,1,8,NA,NA,NA,NA,NA,NA,NA,NA,NA,NA,NA,NA,NA,0,"S"
NA,"Bovine Meat","21111.02.01","beef, without bones, fresh, raw","Animal Products","Bovine Meat and products",NA,"regional-SSA-fct",NA,NA,244,NA,NA,17.9,19.2,NA,NA,NA,NA,0,0,NA,10,2.4,28,NA,NA,NA,2.2,0.16,NA,1,8,NA,NA,NA,NA,NA,NA,NA,NA,NA,NA,NA,NA,NA,0,"W"
NA,"Butter, Ghee","22241.02.01","ghee","Animal Products","Butter, Ghee and products",NA,"regional-SSA-fct",NA,NA,876,NA,NA,0.3,99.5,NA,NA,NA,NA,0,0,NA,8,0.1,1,NA,NA,NA,0,0,NA,0,0,NA,NA,NA,NA,NA,NA,NA,NA,NA,NA,NA,NA,NA,0,"E"
NA,"Butter, Ghee","22241.02.01","ghee","Animal Products","Butter, Ghee and products",NA,"regional-SSA-fct",NA,NA,882.648183,NA,NA,0,99.8,NA,NA,NA,NA,0,0,NA,0,0.2,0,NA,NA,NA,0,0,NA,0,0,NA,NA,NA,NA,NA,NA,NA,NA,NA,NA,NA,NA,NA,0,"S"
NA,"Butter, Ghee","22241.02.01","ghee","Animal Products","Butter, Ghee and products",NA,"regional-SSA-fct",NA,NA,880,NA,NA,0,99.9,NA,NA,NA,NA,0,0,NA,0,0,0,NA,NA,NA,0,0,NA,0,0,NA,NA,NA,NA,NA,NA,NA,NA,NA,NA,NA,NA,NA,0,"W"
NA,"Cassava","01520.01.01","cassava root, raw","Roots and Tubers","Cassava and products",NA,"regional-SSA-fct",NA,NA,160,NA,NA,1.4,0.3,NA,NA,NA,NA,38.1,1.8,NA,16,0.3,21,NA,NA,NA,0.3,0.1,NA,0.88,1,NA,NA,NA,NA,NA,NA,NA,NA,NA,NA,NA,NA,NA,54,"E"
NA,"Cassava","01520.01.01","cassava root, raw","Roots and Tubers","Cassava and products",NA,"regional-SSA-fct",NA,NA,160,NA,NA,1.4,0.3,NA,NA,NA,NA,38.1,1.8,NA,16,0.3,21,NA,NA,NA,0.3,0.1,NA,0.88,1,NA,NA,NA,NA,NA,NA,NA,NA,NA,NA,NA,NA,NA,54,"S"
NA,"Cassava","01520.01.01","cassava root, raw","Roots and Tubers","Cassava and products",NA,"regional-SSA-fct",NA,NA,157,NA,NA,1.1,0.3,NA,NA,NA,NA,36.5,1.8,NA,46,1.7,21,NA,NA,NA,0.2,0.05,NA,0.88,1,NA,NA,NA,NA,NA,NA,NA,NA,NA,NA,NA,NA,NA,54,"W"
NA,"Cephalopods","1570.01","squids, raw","Animal Products","Cephalopods",NA,"regional-SSA-fct",NA,NA,92,NA,NA,16,1,NA,NA,NA,NA,3,0,NA,32,0.68,33,NA,NA,NA,1.53,1.9,NA,20,44.8,NA,NA,NA,NA,NA,NA,NA,NA,NA,NA,NA,NA,NA,0,"E"
NA,"Cephalopods","1570.01","squids, raw","Animal Products","Cephalopods",NA,"regional-SSA-fct",NA,NA,92,NA,NA,16,1,NA,NA,NA,NA,3,0,NA,32,0.68,33,NA,NA,NA,1.53,1.9,NA,20,44.8,NA,NA,NA,NA,NA,NA,NA,NA,NA,NA,NA,NA,NA,0,"S"
NA,"Cephalopods","1570.01","squids, raw","Animal Products","Cephalopods",NA,"regional-SSA-fct",NA,NA,92,NA,NA,16,1,NA,NA,NA,NA,3,0,NA,32,0.68,33,NA,NA,NA,1.53,1.9,NA,20,44.8,NA,NA,NA,NA,NA,NA,NA,NA,NA,NA,NA,NA,NA,0,"W"
NA,"Cereals, Other","1193.03","fonio grain, white, unrefined, raw","Cereals","Cereals, Other and products",NA,"regional-SSA-fct",NA,NA,339,NA,NA,13.7,1.9,NA,NA,NA,NA,60.4,12.2,NA,15,1.2,22,NA,NA,NA,0.7,0.1,NA,10,2,NA,NA,NA,NA,NA,NA,NA,NA,NA,NA,NA,NA,NA,282,"E"
NA,"Cereals, Other","1193.03","fonio grain, white, unrefined, raw","Cereals","Cereals, Other and products",NA,"regional-SSA-fct",NA,NA,351.099426,NA,NA,11.9,1.8,NA,NA,NA,NA,59.9,10.7,NA,8,2.4,68,NA,NA,NA,1.92,0.27,NA,10,2,NA,NA,NA,NA,NA,NA,NA,NA,NA,NA,NA,NA,NA,282,"S"
NA,"Cereals, Other","1193.03","fonio grain, white, unrefined, raw","Cereals","Cereals, Other and products",NA,"regional-SSA-fct",NA,NA,339,NA,NA,7,3.1,NA,NA,NA,NA,67.1,7.4,NA,40,9.4,430,NA,NA,NA,1.5,0.44,NA,10,2,NA,NA,NA,NA,NA,NA,NA,NA,NA,NA,NA,NA,NA,282,"W"
NA,"Citrus, Other","1323.01","oranges, raw","Fruits and Vegetables","Oranges, Mandarines and products",NA,"regional-SSA-fct",NA,NA,47,NA,NA,0.9,0.1,NA,NA,NA,NA,9.4,2.4,NA,40,0.1,10,NA,NA,NA,0.1,0.1,NA,1,1,NA,NA,NA,NA,NA,NA,NA,NA,NA,NA,NA,NA,NA,0,"E"
NA,"Citrus, Other","1323.01","oranges, raw","Fruits and Vegetables","Oranges, Mandarines and products",NA,"regional-SSA-fct",NA,NA,54.493307,NA,NA,0.8,0.1,NA,NA,NA,NA,9.2,3.2,NA,30,0.3,8,NA,NA,NA,0.22,0.1,NA,1,1,NA,NA,NA,NA,NA,NA,NA,NA,NA,NA,NA,NA,NA,0,"S"
NA,"Citrus, Other","1323.01","oranges, raw","Fruits and Vegetables","Oranges, Mandarines and products",NA,"regional-SSA-fct",NA,NA,45,NA,NA,0.8,0.3,NA,NA,NA,NA,8.9,1.7,NA,32,0.1,11,NA,NA,NA,0.1,0.1,NA,1,1,NA,NA,NA,NA,NA,NA,NA,NA,NA,NA,NA,NA,NA,10,"W"
NA,"Cloves","1656.01","cloves","Other foods","Cloves and products",NA,"regional-SSA-fct",NA,NA,323,NA,NA,5.98,20.07,NA,NA,NA,NA,27.01,34.2,NA,646,8.7,264,NA,NA,NA,1.1,0.3,NA,0,5.9,NA,NA,NA,NA,NA,NA,NA,NA,NA,NA,NA,NA,NA,0,"E"
NA,"Cloves","1656.01","cloves","Other foods","Cloves and products",NA,"regional-SSA-fct",NA,NA,323,NA,NA,5.98,20.07,NA,NA,NA,NA,27.01,34.2,NA,646,8.7,264,NA,NA,NA,1.1,0.3,NA,0,5.9,NA,NA,NA,NA,NA,NA,NA,NA,NA,NA,NA,NA,NA,0,"S"
NA,"Cloves","1656.01","cloves","Other foods","Cloves and products",NA,"regional-SSA-fct",NA,NA,323,NA,NA,5.98,20.07,NA,NA,NA,NA,27.01,34.2,NA,646,8.7,264,NA,NA,NA,1.1,0.3,NA,0,5.9,NA,NA,NA,NA,NA,NA,NA,NA,NA,NA,NA,NA,NA,0,"W"
NA,"Cocoa Beans","F0665.01","cocoa powder","Other foods","Cocoa Beans and products",NA,"regional-SSA-fct",NA,NA,363.049713,NA,NA,18.5,21.7,NA,NA,NA,NA,11.5,12.1,NA,130,10.5,520,NA,NA,NA,6.9,3.9,NA,0,14.3,NA,NA,NA,NA,NA,NA,NA,NA,NA,NA,NA,NA,NA,0,"E"
NA,"Cocoa Beans","F0665.01","cocoa powder","Other foods","Cocoa Beans and products",NA,"regional-SSA-fct",NA,NA,363.049713,NA,NA,18.5,21.7,NA,NA,NA,NA,11.5,12.1,NA,130,10.5,520,NA,NA,NA,6.9,3.9,NA,0,14.3,NA,NA,NA,NA,NA,NA,NA,NA,NA,NA,NA,NA,NA,0,"S"
NA,"Cocoa Beans","F0665.01","cocoa powder","Other foods","Cocoa Beans and products",NA,"regional-SSA-fct",NA,NA,363.049713,NA,NA,18.5,21.7,NA,NA,NA,NA,11.5,12.1,NA,130,10.5,520,NA,NA,NA,6.9,3.9,NA,0,14.3,NA,NA,NA,NA,NA,NA,NA,NA,NA,NA,NA,NA,NA,0,"W"
NA,"Coconut Oil","2166.01","coconut oil","Other foods","Coconut Oil and products",NA,"regional-SSA-fct",NA,NA,862,NA,NA,0,100,NA,NA,NA,NA,0,0,NA,0,0,0,NA,NA,NA,0,0,NA,0,0,NA,NA,NA,NA,NA,NA,NA,NA,NA,NA,NA,NA,NA,0,"E"
NA,"Coconut Oil","2166.01","coconut oil","Other foods","Coconut Oil and products",NA,"regional-SSA-fct",NA,NA,884.321223,NA,NA,0,100,NA,NA,NA,NA,0,0,NA,2,0,0,NA,NA,NA,0,0,NA,0,0,NA,NA,NA,NA,NA,NA,NA,NA,NA,NA,NA,NA,NA,0,"S"
NA,"Coconut Oil","2166.01","coconut oil","Other foods","Coconut Oil and products",NA,"regional-SSA-fct",NA,NA,900,NA,NA,0,100,NA,NA,NA,NA,0,0,NA,0,1.5,0,NA,NA,NA,0,0,NA,0,0,NA,NA,NA,NA,NA,NA,NA,NA,NA,NA,NA,NA,NA,0,"W"
NA,"Coconuts - Incl Copra","1460.01","coconuts","Other foods","Coconuts (including copra) and products",NA,"regional-SSA-fct",NA,NA,354,NA,NA,3.3,33.5,NA,NA,NA,NA,6.2,9,NA,14,2.4,32,NA,NA,NA,1.1,0.4,NA,1,10.1,NA,NA,NA,NA,NA,NA,NA,NA,NA,NA,NA,NA,NA,324,"E"
NA,"Coconuts - Incl Copra","1460.01","coconuts","Other foods","Coconuts (including copra) and products",NA,"regional-SSA-fct",NA,NA,400.812619,NA,NA,3.4,38.9,NA,NA,NA,NA,2.3,8.3,NA,11,0.8,47,NA,NA,NA,0.45,0.43,NA,1,10.1,NA,NA,NA,NA,NA,NA,NA,NA,NA,NA,NA,NA,NA,324,"S"
NA,"Coconuts - Incl Copra","1460.01","coconuts","Other foods","Coconuts (including copra) and products",NA,"regional-SSA-fct",NA,NA,377,NA,NA,4.6,36.3,NA,NA,NA,NA,3.6,9,NA,14,2.3,39,NA,NA,NA,0.8,0.32,NA,1,10.1,NA,NA,NA,NA,NA,NA,NA,NA,NA,NA,NA,NA,NA,324,"W"
NA,"Coffee","23912.02.01","coffee, instant powder","Other foods","Coffee and products",NA,"regional-SSA-fct",NA,NA,2.151051,NA,NA,0.1,0,NA,NA,NA,NA,0.4,0,NA,2,0.1,5,NA,NA,NA,0.02,0.01,NA,0,0,NA,NA,NA,NA,NA,NA,NA,NA,NA,NA,NA,NA,NA,0,"E"
NA,"Coffee","23912.02.01","coffee, instant powder","Other foods","Coffee and products",NA,"regional-SSA-fct",NA,NA,2.151051,NA,NA,0.1,0,NA,NA,NA,NA,0.4,0,NA,2,0.1,5,NA,NA,NA,0.02,0.01,NA,0,0,NA,NA,NA,NA,NA,NA,NA,NA,NA,NA,NA,NA,NA,0,"S"
NA,"Coffee","23912.02.01","coffee, instant powder","Other foods","Coffee and products",NA,"regional-SSA-fct",NA,NA,2.151051,NA,NA,0.1,0,NA,NA,NA,NA,0.4,0,NA,2,0.1,5,NA,NA,NA,0.02,0.01,NA,0,0,NA,NA,NA,NA,NA,NA,NA,NA,NA,NA,NA,NA,NA,0,"W"
NA,"Cottonseed Oil","2168.01","cotton seed oil","Other foods","Cottonseed Oil and products",NA,"regional-SSA-fct",NA,NA,884.321223,NA,NA,0,100,NA,NA,NA,NA,0,0,NA,0,0,0,NA,NA,NA,0,0,NA,0,0,NA,NA,NA,NA,NA,NA,NA,NA,NA,NA,NA,NA,NA,0,"E"
NA,"Cottonseed Oil","2168.01","cotton seed oil","Other foods","Cottonseed Oil and products",NA,"regional-SSA-fct",NA,NA,884.321223,NA,NA,0,100,NA,NA,NA,NA,0,0,NA,0,0,0,NA,NA,NA,0,0,NA,0,0,NA,NA,NA,NA,NA,NA,NA,NA,NA,NA,NA,NA,NA,0,"S"
NA,"Cottonseed Oil","2168.01","cotton seed oil","Other foods","Cottonseed Oil and products",NA,"regional-SSA-fct",NA,NA,884.321223,NA,NA,0,100,NA,NA,NA,NA,0,0,NA,0,0,0,NA,NA,NA,0,0,NA,0,0,NA,NA,NA,NA,NA,NA,NA,NA,NA,NA,NA,NA,NA,0,"W"
NA,"Cream","22120.01","cream","Animal Products","Cream and products",NA,"regional-SSA-fct",NA,NA,245.458891,NA,NA,2.5,25,NA,NA,NA,NA,3.5,0,NA,90,0,8,NA,NA,NA,0.26,0.01,NA,35,3,NA,NA,NA,NA,NA,NA,NA,NA,NA,NA,NA,NA,NA,0,"E"
NA,"Cream","22120.01","cream","Animal Products","Cream and products",NA,"regional-SSA-fct",NA,NA,245.458891,NA,NA,2.5,25,NA,NA,NA,NA,3.5,0,NA,90,0,8,NA,NA,NA,0.26,0.01,NA,35,3,NA,NA,NA,NA,NA,NA,NA,NA,NA,NA,NA,NA,NA,0,"S"
NA,"Cream","22120.01","cream","Animal Products","Cream and products",NA,"regional-SSA-fct",NA,NA,245.458891,NA,NA,2.5,25,NA,NA,NA,NA,3.5,0,NA,90,0,8,NA,NA,NA,0.26,0.01,NA,35,3,NA,NA,NA,NA,NA,NA,NA,NA,NA,NA,NA,NA,NA,0,"W"
NA,"Crustaceans","1553.01","crab, fresh, raw","Animal Products","Crustaceans",NA,"regional-SSA-fct",NA,NA,97.992351,NA,NA,20.2,1.8,NA,NA,NA,NA,0,0,NA,3292,2.5,259,NA,NA,NA,2.8,0.65,NA,100,37.4,NA,NA,NA,NA,NA,NA,NA,NA,NA,NA,NA,NA,NA,0,"E"
NA,"Crustaceans","1553.01","crab, fresh, raw","Animal Products","Crustaceans",NA,"regional-SSA-fct",NA,NA,97.992351,NA,NA,20.2,1.8,NA,NA,NA,NA,0,0,NA,104,0.9,33,NA,NA,NA,4.22,0.65,NA,100,37.4,NA,NA,NA,NA,NA,NA,NA,NA,NA,NA,NA,NA,NA,0,"S"
NA,"Crustaceans","1553.01","crab, fresh, raw","Animal Products","Crustaceans",NA,"regional-SSA-fct",NA,NA,81,NA,NA,18,1.5,NA,NA,NA,NA,0,0,NA,150,10,112,NA,NA,NA,1.6,0.65,NA,100,37.4,NA,NA,NA,NA,NA,NA,NA,NA,NA,NA,NA,NA,NA,0,"W"
NA,"Dates","1314.01","dates","Fruits and Vegetables","Dates and products",NA,"regional-SSA-fct",NA,NA,145.076481,NA,NA,1.5,0.1,NA,NA,NA,NA,31.3,2.7,NA,24,0.3,24,NA,NA,NA,0.2,0.12,NA,0,3,NA,NA,NA,NA,NA,NA,NA,NA,NA,NA,NA,NA,NA,0,"E"
NA,"Dates","1314.01","dates","Fruits and Vegetables","Dates and products",NA,"regional-SSA-fct",NA,NA,145.076481,NA,NA,1.5,0.1,NA,NA,NA,NA,31.3,2.7,NA,24,0.3,24,NA,NA,NA,0.2,0.12,NA,0,3,NA,NA,NA,NA,NA,NA,NA,NA,NA,NA,NA,NA,NA,0,"S"
NA,"Dates","1314.01","dates","Fruits and Vegetables","Dates and products",NA,"regional-SSA-fct",NA,NA,134,NA,NA,6.4,2.4,NA,NA,NA,NA,51,2.7,NA,24,0.3,24,NA,NA,NA,0.2,0.12,NA,0,3,NA,NA,NA,NA,NA,NA,NA,NA,NA,NA,NA,NA,NA,0,"W"
NA,"Demersal Fish","1518.01","haddock, smoked, raw","Animal Products","Demersal Fish",NA,"regional-SSA-fct",NA,NA,98,NA,NA,18.1,2.4,NA,NA,NA,NA,0,0,NA,7,0.3,21,NA,NA,NA,0.3,0,NA,140,36.5,NA,NA,NA,NA,NA,NA,NA,NA,NA,NA,NA,NA,NA,0,"E"
NA,"Demersal Fish","1518.01","haddock, smoked, raw","Animal Products","Demersal Fish",NA,"regional-SSA-fct",NA,NA,111.137667,NA,NA,25.2,1,NA,NA,NA,NA,0,0,NA,49,1.4,54,NA,NA,NA,0.5,0.04,NA,140,36.5,NA,NA,NA,NA,NA,NA,NA,NA,NA,NA,NA,NA,NA,0,"S"
NA,"Demersal Fish","1514.01","groupers, white, fresh, raw","Animal Products","Demersal Fish",NA,"regional-SSA-fct",NA,NA,87,NA,NA,19.4,1.1,NA,NA,NA,NA,0,0,NA,33,1.3,35,NA,NA,NA,1.3,0.05,NA,140,39,NA,NA,NA,NA,NA,NA,NA,NA,NA,NA,NA,NA,NA,0,"W"
NA,"Eggs","231.01","egg, chicken, raw","Animal Products","Eggs and products",NA,"regional-SSA-fct",NA,NA,155,NA,NA,12.6,10.6,NA,NA,NA,NA,1.1,0,NA,50,1.2,10,NA,NA,NA,1.1,0,NA,53,11,NA,NA,NA,NA,NA,NA,NA,NA,NA,NA,NA,NA,NA,0,"E"
NA,"Eggs","231.01","egg, chicken, raw","Animal Products","Eggs and products",NA,"regional-SSA-fct",NA,NA,147.227533,NA,NA,12.6,10.3,NA,NA,NA,NA,1.2,0,NA,39,1.8,9,NA,NA,NA,1.15,0.12,NA,53,11,NA,NA,NA,NA,NA,NA,NA,NA,NA,NA,NA,NA,NA,0,"S"
NA,"Eggs","231.01","egg, chicken, raw","Animal Products","Eggs and products",NA,"regional-SSA-fct",NA,NA,139,NA,NA,12.1,10.1,NA,NA,NA,NA,0,0,NA,45,2.4,11,NA,NA,NA,1.3,0.08,NA,53,11,NA,NA,NA,NA,NA,NA,NA,NA,NA,NA,NA,NA,NA,0,"W"
NA,"Fats, Animals, Raw","21521.01","pork lard","Animal Products","Fats, Animals, Raw and products",NA,"regional-SSA-fct",NA,NA,884.321223,NA,NA,0,100,NA,NA,NA,NA,0,0,NA,0,0,0,NA,NA,NA,0.11,0,NA,0,0.2,NA,NA,NA,NA,NA,NA,NA,NA,NA,NA,NA,NA,NA,0,"E"
NA,"Fats, Animals, Raw","21521.01","pork lard","Animal Products","Fats, Animals, Raw and products",NA,"regional-SSA-fct",NA,NA,884.321223,NA,NA,0,100,NA,NA,NA,NA,0,0,NA,0,0,0,NA,NA,NA,0.11,0,NA,0,0.2,NA,NA,NA,NA,NA,NA,NA,NA,NA,NA,NA,NA,NA,0,"S"
NA,"Fats, Animals, Raw","21521.01","pork lard","Animal Products","Fats, Animals, Raw and products",NA,"regional-SSA-fct",NA,NA,884.321223,NA,NA,0,100,NA,NA,NA,NA,0,0,NA,0,0,0,NA,NA,NA,0.11,0,NA,0,0.2,NA,NA,NA,NA,NA,NA,NA,NA,NA,NA,NA,NA,NA,0,"W"
NA,"Fish, Body Oil","1523.01","cod, liver oil","Animal Products","Fish, Liver Oil",NA,"regional-SSA-fct",NA,NA,884.321223,NA,NA,0,100,NA,NA,NA,NA,0,0,NA,0,0,0,NA,NA,NA,0,0,NA,0,0,NA,NA,NA,NA,NA,NA,NA,NA,NA,NA,NA,NA,NA,0,"E"
NA,"Fish, Body Oil","1523.01","cod, liver oil","Animal Products","Fish, Liver Oil",NA,"regional-SSA-fct",NA,NA,884.321223,NA,NA,0,100,NA,NA,NA,NA,0,0,NA,0,0,0,NA,NA,NA,0,0,NA,0,0,NA,NA,NA,NA,NA,NA,NA,NA,NA,NA,NA,NA,NA,0,"S"
NA,"Fish, Body Oil","1523.01","cod, liver oil","Animal Products","Fish, Liver Oil",NA,"regional-SSA-fct",NA,NA,884.321223,NA,NA,0,100,NA,NA,NA,NA,0,0,NA,0,0,0,NA,NA,NA,0,0,NA,0,0,NA,NA,NA,NA,NA,NA,NA,NA,NA,NA,NA,NA,NA,0,"W"
NA,"Fish, Liver Oil","1523.01","cod, liver oil","Animal Products","Fish, Liver Oil",NA,"regional-SSA-fct",NA,NA,884,NA,NA,0,100,NA,NA,NA,NA,0,0,NA,0,0,0,NA,NA,NA,0,0,NA,0,0,NA,NA,NA,NA,NA,NA,NA,NA,NA,NA,NA,NA,NA,0,"E"
NA,"Fish, Liver Oil","1523.01","cod, liver oil","Animal Products","Fish, Liver Oil",NA,"regional-SSA-fct",NA,NA,884.321223,NA,NA,0,100,NA,NA,NA,NA,0,0,NA,0,0,0,NA,NA,NA,0,0,NA,0,0,NA,NA,NA,NA,NA,NA,NA,NA,NA,NA,NA,NA,NA,0,"S"
NA,"Fish, Liver Oil","1523.01","cod, liver oil","Animal Products","Fish, Liver Oil",NA,"regional-SSA-fct",NA,NA,884.321223,NA,NA,0,100,NA,NA,NA,NA,0,0,NA,0,0,0,NA,NA,NA,0,0,NA,0,0,NA,NA,NA,NA,NA,NA,NA,NA,NA,NA,NA,NA,NA,0,"W"
NA,"Freshwater Fish","1501.01","trout, rainbow, fresh, raw","Animal Products","Freshwater Fish",NA,"regional-SSA-fct",NA,NA,98,NA,NA,18.1,2.4,NA,NA,NA,NA,0,0,NA,2360,0.3,175,NA,NA,NA,0.3,0,NA,11,11.1,NA,NA,NA,NA,NA,NA,NA,NA,NA,NA,NA,NA,NA,0,"E"
NA,"Freshwater Fish","1501.01","trout, rainbow, fresh, raw","Animal Products","Freshwater Fish",NA,"regional-SSA-fct",NA,NA,144.837476,NA,NA,26.3,4.3,NA,NA,NA,NA,0,0,NA,86,2.4,39,NA,NA,NA,1.39,0.14,NA,11,11.1,NA,NA,NA,NA,NA,NA,NA,NA,NA,NA,NA,NA,NA,0,"S"
NA,"Freshwater Fish","1501.02","catfish, african, fresh, raw","Animal Products","Freshwater Fish",NA,"regional-SSA-fct",NA,NA,176,NA,NA,15.3,12.8,NA,NA,NA,NA,0,0,NA,2814,1.7,18,NA,NA,NA,5.8,0.32,NA,11,11.1,NA,NA,NA,NA,NA,NA,NA,NA,NA,NA,NA,NA,NA,0,"W"
NA,"Fruits, Other","1316.01","mangoes, raw","Fruits and Vegetables","Fruits, Other and products",NA,"regional-SSA-fct",NA,NA,65,NA,NA,0.5,0.3,NA,NA,NA,NA,15.2,1.8,NA,10,0.1,9,NA,NA,NA,0,0.1,NA,2,0.6,NA,NA,NA,NA,NA,NA,NA,NA,NA,NA,NA,NA,NA,20,"E"
NA,"Fruits, Other","1316.01","mangoes, raw","Fruits and Vegetables","Fruits, Other and products",NA,"regional-SSA-fct",NA,NA,72.418738,NA,NA,0.6,0.2,NA,NA,NA,NA,15.3,1.5,NA,9,0.2,10,NA,NA,NA,0.07,0.07,NA,2,0.6,NA,NA,NA,NA,NA,NA,NA,NA,NA,NA,NA,NA,NA,20,"S"
NA,"Fruits, Other","1316.01","mangoes, raw","Fruits and Vegetables","Fruits, Other and products",NA,"regional-SSA-fct",NA,NA,62,NA,NA,0.6,0.2,NA,NA,NA,NA,13.3,2,NA,17,1,12,NA,NA,NA,0.6,0.04,NA,2,1,NA,NA,NA,NA,NA,NA,NA,NA,NA,NA,NA,NA,NA,30,"W"
NA,"Grapefruit","1321.02","grapefruits, raw","Fruits and Vegetables","Grapefruit and products",NA,"regional-SSA-fct",NA,NA,33,NA,NA,0.7,0.1,NA,NA,NA,NA,7.3,1.1,NA,12,0.06,9,NA,NA,NA,0.07,0.05,NA,2,0.1,NA,NA,NA,NA,NA,NA,NA,NA,NA,NA,NA,NA,NA,0,"E"
NA,"Grapefruit","1321.02","grapefruits, raw","Fruits and Vegetables","Grapefruit and products",NA,"regional-SSA-fct",NA,NA,39.435946,NA,NA,0.7,0.1,NA,NA,NA,NA,6.9,1.9,NA,10,0.1,8,NA,NA,NA,0.04,0.04,NA,2,0.1,NA,NA,NA,NA,NA,NA,NA,NA,NA,NA,NA,NA,NA,0,"S"
NA,"Grapefruit","1321.02","grapefruits, raw","Fruits and Vegetables","Grapefruit and products",NA,"regional-SSA-fct",NA,NA,37,NA,NA,0.8,0.1,NA,NA,NA,NA,8,1.9,NA,21,0.6,9,NA,NA,NA,0,0.04,NA,2,0.1,NA,NA,NA,NA,NA,NA,NA,NA,NA,NA,NA,NA,NA,0,"W"
NA,"Grapes","1330.01","grapes, raw","Fruits and Vegetables","Grapes and products (excludingexcl wine) and products",NA,"regional-SSA-fct",NA,NA,55,NA,NA,0.2,0.4,NA,NA,NA,NA,11.7,2.5,NA,7,0.2,5,NA,NA,NA,0,0,NA,1,0.1,NA,NA,NA,NA,NA,NA,NA,NA,NA,NA,NA,NA,NA,59,"E"
NA,"Grapes","1330.01","grapes, raw","Fruits and Vegetables","Grapes and products (excludingexcl wine) and products",NA,"regional-SSA-fct",NA,NA,71.70172,NA,NA,0.7,0.1,NA,NA,NA,NA,14.7,2,NA,6,0.3,7,NA,NA,NA,0.06,0.08,NA,1,0.1,NA,NA,NA,NA,NA,NA,NA,NA,NA,NA,NA,NA,NA,59,"S"
NA,"Grapes","1330.01","grapes, raw","Fruits and Vegetables","Grapes and products (excludingexcl wine) and products",NA,"regional-SSA-fct",NA,NA,69,NA,NA,0.4,0.1,NA,NA,NA,NA,16.5,2,NA,13,0.3,7,NA,NA,NA,0.1,0.08,NA,1,0.1,NA,NA,NA,NA,NA,NA,NA,NA,NA,NA,NA,NA,NA,59,"W"
NA,"Groundnut Oil","2162.01","peanut oil","Pulses and Beans","Groundnut Oil and products",NA,"regional-SSA-fct",NA,NA,884.321223,NA,NA,0,100,NA,NA,NA,NA,0,0,NA,0,0,0,NA,NA,NA,0.01,0,NA,0,0,NA,NA,NA,NA,NA,NA,NA,NA,NA,NA,NA,NA,NA,0,"E"
NA,"Groundnut Oil","2162.01","peanut oil","Pulses and Beans","Groundnut Oil and products",NA,"regional-SSA-fct",NA,NA,884.321223,NA,NA,0,100,NA,NA,NA,NA,0,0,NA,0,0,0,NA,NA,NA,0.01,0,NA,0,0,NA,NA,NA,NA,NA,NA,NA,NA,NA,NA,NA,NA,NA,0,"S"
NA,"Groundnut Oil","2162.01","peanut oil","Pulses and Beans","Groundnut Oil and products",NA,"regional-SSA-fct",NA,NA,903,NA,NA,0,99.9,NA,NA,NA,NA,0,0,NA,0,0,0,NA,NA,NA,0,0,NA,0,0,NA,NA,NA,NA,NA,NA,NA,NA,NA,NA,NA,NA,NA,0,"W"
NA,"Groundnuts (Shelled Eq)","142.01","peanut, unshelled","Pulses and Beans","Groundnuts (Shelled Eq) and products",NA,"regional-SSA-fct",NA,NA,567,NA,NA,25.8,49.2,NA,NA,NA,NA,7.6,8.5,NA,92,4.6,168,NA,NA,NA,3.3,1.1,NA,20,3,NA,NA,NA,NA,NA,NA,NA,NA,NA,NA,NA,NA,NA,1760,"E"
NA,"Groundnuts (Shelled Eq)","142.01","peanut, unshelled","Pulses and Beans","Groundnuts (Shelled Eq) and products",NA,"regional-SSA-fct",NA,NA,605.401529,NA,NA,25.8,49.2,NA,NA,NA,NA,7.6,8.5,NA,92,4.6,168,NA,NA,NA,3.27,1.14,NA,20,3,NA,NA,NA,NA,NA,NA,NA,NA,NA,NA,NA,NA,NA,1760,"S"
NA,"Groundnuts (Shelled Eq)","142.01","peanut, unshelled","Pulses and Beans","Groundnuts (Shelled Eq) and products",NA,"regional-SSA-fct",NA,NA,578,NA,NA,24.1,45,NA,NA,NA,NA,18.5,6.2,NA,53,4.3,185,NA,NA,NA,1.9,0.42,NA,20,3,NA,NA,NA,NA,NA,NA,NA,NA,NA,NA,NA,NA,NA,590,"W"
NA,"Honey","2910.01","honey","Other foods","Honey and products",NA,"regional-SSA-fct",NA,NA,304,NA,NA,0.3,0,NA,NA,NA,NA,82.4,0,NA,6,0.4,2,NA,NA,NA,0.2,0,NA,0,1,NA,NA,NA,NA,NA,NA,NA,NA,NA,NA,NA,NA,NA,0,"E"
NA,"Honey","2910.01","honey","Other foods","Honey and products",NA,"regional-SSA-fct",NA,NA,335.564053,NA,NA,0.3,0,NA,NA,NA,NA,82.3,0,NA,5,0.5,2,NA,NA,NA,0.2,0.05,NA,0,1,NA,NA,NA,NA,NA,NA,NA,NA,NA,NA,NA,NA,NA,0,"S"
NA,"Honey","2910.01","honey","Other foods","Honey and products",NA,"regional-SSA-fct",NA,NA,322,NA,NA,0.3,0,NA,NA,NA,NA,80.2,0,NA,11,0.6,10,NA,NA,NA,2,0.05,NA,0,1,NA,NA,NA,NA,NA,NA,NA,NA,NA,NA,NA,NA,NA,0,"W"
NA,"Lemons, Limes","1322.01","lemons, raw","Fruits and Vegetables","Lemons, Limes and products",NA,"regional-SSA-fct",NA,NA,29,NA,NA,1.1,0.3,NA,NA,NA,NA,6.5,2.8,NA,26,0.6,8,NA,NA,NA,0.1,0,NA,2,0,NA,NA,NA,NA,NA,NA,NA,NA,NA,NA,NA,NA,NA,0,"E"
NA,"Lemons, Limes","1322.01","lemons, raw","Fruits and Vegetables","Lemons, Limes and products",NA,"regional-SSA-fct",NA,NA,49.713193,NA,NA,0.7,0.2,NA,NA,NA,NA,7,4.1,NA,29,0.3,9,NA,NA,NA,0.09,0.12,NA,2,0,NA,NA,NA,NA,NA,NA,NA,NA,NA,NA,NA,NA,NA,0,"S"
NA,"Lemons, Limes","1322.01","lemons, raw","Fruits and Vegetables","Lemons, Limes and products",NA,"regional-SSA-fct",NA,NA,36,NA,NA,0.7,0.5,NA,NA,NA,NA,6.3,2.1,NA,22,0.6,16,NA,NA,NA,0.1,0.04,NA,2,0,NA,NA,NA,NA,NA,NA,NA,NA,NA,NA,NA,NA,NA,10,"W"
NA,"Maize","112.01","maize, grain, white, dried, raw","Cereals","Maize and products (including white maize)",NA,"regional-SSA-fct",NA,NA,362,NA,NA,8.1,3.6,NA,NA,NA,NA,69.6,7.3,NA,6,3.5,127,NA,NA,NA,1.8,0.2,NA,3,2.6,NA,NA,NA,NA,NA,NA,NA,NA,NA,NA,NA,NA,NA,800,"E"
NA,"Maize","112.01","maize, grain, white, dried, raw","Cereals","Maize and products (including white maize)",NA,"regional-SSA-fct",NA,NA,424.474187,NA,NA,9.2,4.3,NA,NA,NA,NA,75.3,10.6,NA,10,3,123,NA,NA,NA,2.3,0.2,NA,3,2.6,NA,NA,NA,NA,NA,NA,NA,NA,NA,NA,NA,NA,NA,800,"S"
NA,"Maize","112.01","maize, grain, white, dried, raw","Cereals","Maize and products (including white maize)",NA,"regional-SSA-fct",NA,NA,363,NA,NA,9.2,3.8,NA,NA,NA,NA,72.3,1.5,NA,30,3.2,85,NA,NA,NA,1.4,0.18,NA,3,16,NA,NA,NA,NA,NA,NA,NA,NA,NA,NA,NA,NA,NA,792,"W"
NA,"Maize Germ Oil","21691.02.01","maize oil","Cereals","Maize Germ Oil and products",NA,"regional-SSA-fct",NA,NA,884.321223,NA,NA,0,100,NA,NA,NA,NA,0,0,NA,0,0,0,NA,NA,NA,0,0,NA,0,0,NA,NA,NA,NA,NA,NA,NA,NA,NA,NA,NA,NA,NA,0,"E"
NA,"Maize Germ Oil","21691.02.01","maize oil","Cereals","Maize Germ Oil and products",NA,"regional-SSA-fct",NA,NA,884.321223,NA,NA,0,100,NA,NA,NA,NA,0,0,NA,0,0,0,NA,NA,NA,0,0,NA,0,0,NA,NA,NA,NA,NA,NA,NA,NA,NA,NA,NA,NA,NA,0,"E"
NA,"Maize Germ Oil","21691.02.01","maize oil","Cereals","Maize Germ Oil and products",NA,"regional-SSA-fct",NA,NA,884.321223,NA,NA,0,100,NA,NA,NA,NA,0,0,NA,0,0,0,NA,NA,NA,0,0,NA,0,0,NA,NA,NA,NA,NA,NA,NA,NA,NA,NA,NA,NA,NA,0,"S"
NA,"Maize Germ Oil","21691.02.01","maize oil","Cereals","Maize Germ Oil and products",NA,"regional-SSA-fct",NA,NA,884.321223,NA,NA,0,100,NA,NA,NA,NA,0,0,NA,0,0,0,NA,NA,NA,0,0,NA,0,0,NA,NA,NA,NA,NA,NA,NA,NA,NA,NA,NA,NA,NA,0,"S"
NA,"Maize Germ Oil","21691.02.01","maize oil","Cereals","Maize Germ Oil and products",NA,"regional-SSA-fct",NA,NA,884.321223,NA,NA,0,100,NA,NA,NA,NA,0,0,NA,0,0,0,NA,NA,NA,0,0,NA,0,0,NA,NA,NA,NA,NA,NA,NA,NA,NA,NA,NA,NA,NA,0,"W"
NA,"Maize Germ Oil","21691.02.01","maize oil","Cereals","Maize Germ Oil and products",NA,"regional-SSA-fct",NA,NA,884.321223,NA,NA,0,100,NA,NA,NA,NA,0,0,NA,0,0,0,NA,NA,NA,0,0,NA,0,0,NA,NA,NA,NA,NA,NA,NA,NA,NA,NA,NA,NA,NA,0,"W"
NA,"Marine Fish, Other","1532.01","sardines, tinned","Animal Products","Pelagic Fish",NA,"regional-SSA-fct",NA,NA,98,NA,NA,18.1,2.4,NA,NA,NA,NA,0,0,NA,7,0.3,21,NA,NA,NA,0.3,0,NA,32,36.5,NA,NA,NA,NA,NA,NA,NA,NA,NA,NA,NA,NA,NA,0,"E"
NA,"Marine Fish, Other","1532.01","sardines, tinned","Animal Products","Pelagic Fish",NA,"regional-SSA-fct",NA,NA,111.615678,NA,NA,24.2,1.5,NA,NA,NA,NA,0,0,NA,18,0.3,58,NA,NA,NA,0.63,0.03,NA,32,36.5,NA,NA,NA,NA,NA,NA,NA,NA,NA,NA,NA,NA,NA,0,"S"
NA,"Marine Fish, Other","1532.01","sardines, tinned","Animal Products","Pelagic Fish",NA,"regional-SSA-fct",NA,NA,106,NA,NA,19.6,2.7,NA,NA,NA,NA,0.9,0,NA,42,2.1,41,NA,NA,NA,1.5,0.04,NA,32,37,NA,NA,NA,NA,NA,NA,NA,NA,NA,NA,NA,NA,NA,0,"W"
NA,"Meat, Aquatic Mammals","1580.01","marine mammals meat, fresh, raw","Animal Products","Meat, Aquatic Mammals",NA,"regional-SSA-fct",NA,NA,111,NA,NA,26.5,0.5,NA,NA,NA,NA,0,0,NA,7,0.3,21,NA,NA,NA,0.3,0,NA,32,36.5,NA,NA,NA,NA,NA,NA,NA,NA,NA,NA,NA,NA,NA,0,"E"
NA,"Meat, Aquatic Mammals","1580.01","marine mammals meat, fresh, raw","Animal Products","Meat, Aquatic Mammals",NA,"regional-SSA-fct",NA,NA,111,NA,NA,26.5,0.5,NA,NA,NA,NA,0,0,NA,7,0.3,58,NA,NA,NA,0.63,0.03,NA,32,36.5,NA,NA,NA,NA,NA,NA,NA,NA,NA,NA,NA,NA,NA,0,"S"
NA,"Meat, Aquatic Mammals","1580.01","marine mammals meat, fresh, raw","Animal Products","Meat, Aquatic Mammals",NA,"regional-SSA-fct",NA,NA,111,NA,NA,26.5,0.5,NA,NA,NA,NA,0,0,NA,7,0.3,21,NA,NA,NA,0.63,0.03,NA,32,36.5,NA,NA,NA,NA,NA,NA,NA,NA,NA,NA,NA,NA,NA,0,"W"
NA,"Meat, Other","21170.92.01","deer meat, fresh, raw","Animal Products","Meat, Other and products",NA,"regional-SSA-fct",NA,NA,151.051625,NA,NA,30.2,3.2,NA,NA,NA,NA,0,0,NA,7,4.5,24,NA,NA,NA,2.75,0.3,NA,1,4,NA,NA,NA,NA,NA,NA,NA,NA,NA,NA,NA,NA,NA,0,"E"
NA,"Meat, Other","21170.92.01","deer meat, fresh, raw","Animal Products","Meat, Other and products",NA,"regional-SSA-fct",NA,NA,151.051625,NA,NA,30.2,3.2,NA,NA,NA,NA,0,0,NA,7,4.5,24,NA,NA,NA,2.75,0.3,NA,1,4,NA,NA,NA,NA,NA,NA,NA,NA,NA,NA,NA,NA,NA,0,"S"
NA,"Meat, Other","21114.01","rabbit meat, fresh, raw","Animal Products","Meat, Other and products",NA,"regional-SSA-fct",NA,NA,142,NA,NA,20.7,5.6,NA,NA,NA,NA,2.1,0,NA,22,0.9,25,NA,NA,NA,1.7,0.15,NA,1,10,NA,NA,NA,NA,NA,NA,NA,NA,NA,NA,NA,NA,NA,0,"W"
NA,"Milk - Excluding Butter","2211.01","milk, cow, whole, raw","Animal Products","Milk - (Excluding excluding Butter butter) and products",NA,"regional-SSA-fct",NA,NA,60,NA,NA,3.2,3.3,NA,NA,NA,NA,4.5,0,NA,115,0.1,11,NA,NA,NA,0.4,0,NA,3,1,NA,NA,NA,NA,NA,NA,NA,NA,NA,NA,NA,NA,NA,0,"E"
NA,"Milk - Excluding Butter","2211.01","milk, cow, whole, raw","Animal Products","Milk - (Excluding excluding Butter butter) and products",NA,"regional-SSA-fct",NA,NA,62.619502,NA,NA,3.2,3.4,NA,NA,NA,NA,4.8,0,NA,120,0.1,12,NA,NA,NA,0.38,0.01,NA,3,1,NA,NA,NA,NA,NA,NA,NA,NA,NA,NA,NA,NA,NA,0,"S"
NA,"Milk - Excluding Butter","2211.01","milk, cow, whole, raw","Animal Products","Milk - (Excluding excluding Butter butter) and products",NA,"regional-SSA-fct",NA,NA,75,NA,NA,3.7,4.6,NA,NA,NA,NA,4.7,0,NA,210,0.1,14,NA,NA,NA,0.4,0.02,NA,3,1,NA,NA,NA,NA,NA,NA,NA,NA,NA,NA,NA,NA,NA,0,"W"
NA,"Millet","118.02","finger millet,  grain","Cereals","Millet and products",NA,"regional-SSA-fct",NA,NA,328,NA,NA,6.6,1.3,NA,NA,NA,NA,62.8,13.4,NA,275,2.7,27,NA,NA,NA,1.2,0.5,NA,10,8,NA,NA,NA,NA,NA,NA,NA,NA,NA,NA,NA,NA,NA,520,"E"
NA,"Millet","118.01","millet, grain","Cereals","Millet and products",NA,"regional-SSA-fct",NA,NA,119.263862,NA,NA,3.5,1,NA,NA,NA,NA,23.3,0.4,NA,3,0.6,44,NA,NA,NA,0.91,0.16,NA,10,8,NA,NA,NA,NA,NA,NA,NA,NA,NA,NA,NA,NA,NA,520,"S"
NA,"Millet","118.03","pearl millet,  grain","Cereals","Millet and products",NA,"regional-SSA-fct",NA,NA,365,NA,NA,8.3,5.3,NA,NA,NA,NA,65.8,10.6,NA,19,14.3,97,NA,NA,NA,2.7,0.45,NA,10,8,NA,NA,NA,NA,NA,NA,NA,NA,NA,NA,NA,NA,NA,520,"W"
NA,"Molluscs, Other","1562.01","oysters, fresh, raw","Animal Products","Molluscs, Other",NA,"regional-SSA-fct",NA,NA,66.921606,NA,NA,7.1,2.5,NA,NA,NA,NA,3.9,0,NA,45,6.7,54,NA,NA,NA,90.95,4.46,NA,0,27.4,NA,NA,NA,NA,NA,NA,NA,NA,NA,NA,NA,NA,NA,0,"E"
NA,"Molluscs, Other","1562.01","oysters, fresh, raw","Animal Products","Molluscs, Other",NA,"regional-SSA-fct",NA,NA,66.921606,NA,NA,7.1,2.5,NA,NA,NA,NA,3.9,0,NA,45,6.7,54,NA,NA,NA,90.95,4.46,NA,0,27.4,NA,NA,NA,NA,NA,NA,NA,NA,NA,NA,NA,NA,NA,0,"S"
NA,"Molluscs, Other","1562.01","oysters, fresh, raw","Animal Products","Molluscs, Other",NA,"regional-SSA-fct",NA,NA,66.921606,NA,NA,7.1,2.5,NA,NA,NA,NA,3.9,0,NA,45,3.5,54,NA,NA,NA,2.2,1.49,NA,0,27.4,NA,NA,NA,NA,NA,NA,NA,NA,NA,NA,NA,NA,NA,0,"W"
NA,"Mutton & Goat Meat","21116.01","goat meat, fresh, raw","Animal Products","Mutton & and Goat Meat and products",NA,"regional-SSA-fct",NA,NA,269,NA,NA,24.9,18,NA,NA,NA,NA,0,0,NA,4,1.7,23,NA,NA,NA,4.1,0.1,NA,6,4,NA,NA,NA,NA,NA,NA,NA,NA,NA,NA,NA,NA,NA,0,"E"
NA,"Mutton & Goat Meat","21116.01","goat meat, fresh, raw","Animal Products","Mutton & and Goat Meat and products",NA,"regional-SSA-fct",NA,NA,104.2065,NA,NA,20.6,2.3,NA,NA,NA,NA,0,0,NA,13,2.8,0,NA,NA,NA,4,0.26,NA,6,4,NA,NA,NA,NA,NA,NA,NA,NA,NA,NA,NA,NA,NA,0,"S"
NA,"Mutton & Goat Meat","21115.01","sheep meat, fresh, raw","Animal Products","Mutton & and Goat Meat and products",NA,"regional-SSA-fct",NA,NA,217,NA,NA,17.2,16.5,NA,NA,NA,NA,0,0,NA,9,2.3,20,NA,NA,NA,3.1,0.07,NA,6,4,NA,NA,NA,NA,NA,NA,NA,NA,NA,NA,NA,NA,NA,0,"W"
NA,"Nuts","1372.01","cashew nuts","Other foods","Nuts and products",NA,"regional-SSA-fct",NA,NA,589,NA,NA,20,52.2,NA,NA,NA,NA,9.5,10.9,NA,266,3.7,296,NA,NA,NA,2.9,0.9,NA,10,24,NA,NA,NA,NA,NA,NA,NA,NA,NA,NA,NA,NA,NA,2580,"E"
NA,"Nuts","1372.01","cashew nuts","Other foods","Nuts and products",NA,"regional-SSA-fct",NA,NA,605.401529,NA,NA,15.3,46.4,NA,NA,NA,NA,26.6,6.1,NA,45,6,260,NA,NA,NA,5.6,2.22,NA,10,24,NA,NA,NA,NA,NA,NA,NA,NA,NA,NA,NA,NA,NA,2580,"S"
NA,"Nuts","1372.01","cashew nuts","Other foods","Nuts and products",NA,"regional-SSA-fct",NA,NA,575,NA,NA,19,42.8,NA,NA,NA,NA,27.1,2.9,NA,54,10.4,267,NA,NA,NA,2.1,2.15,NA,10,24,NA,NA,NA,NA,NA,NA,NA,NA,NA,NA,NA,NA,NA,2580,"W"
NA,"Oats","23140.07.01","oats, rolled","Cereals","Oats and products",NA,"regional-SSA-fct",NA,NA,427.10325,NA,NA,10.7,10.4,NA,NA,NA,NA,61.6,1.6,NA,54,4.4,153,NA,NA,NA,3.18,0.36,NA,10,2,NA,NA,NA,NA,NA,NA,NA,NA,NA,NA,NA,NA,NA,282,"E"
NA,"Oats","23140.07.01","oats, rolled","Cereals","Oats and products",NA,"regional-SSA-fct",NA,NA,427.10325,NA,NA,10.7,10.4,NA,NA,NA,NA,61.6,1.6,NA,54,4.4,153,NA,NA,NA,3.18,0.36,NA,10,2,NA,NA,NA,NA,NA,NA,NA,NA,NA,NA,NA,NA,NA,282,"S"
NA,"Oats","23140.07.01","oats, rolled","Cereals","Oats and products",NA,"regional-SSA-fct",NA,NA,427.10325,NA,NA,10.7,10.4,NA,NA,NA,NA,61.6,1.6,NA,54,4.4,153,NA,NA,NA,3.18,0.36,NA,10,2,NA,NA,NA,NA,NA,NA,NA,NA,NA,NA,NA,NA,NA,282,"W"
NA,"Offals, Edible","21151.01","beef offal, fresh, raw","Animal Products","Offals, Edible and products",NA,"regional-SSA-fct",NA,NA,83,NA,NA,14.5,2.4,NA,NA,NA,NA,0,0,NA,3,1,14,NA,NA,NA,2.4,0.1,NA,5,40,NA,NA,NA,NA,NA,NA,NA,NA,NA,NA,NA,NA,NA,0,"E"
NA,"Offals, Edible","21151.01","beef offal, fresh, raw","Animal Products","Offals, Edible and products",NA,"regional-SSA-fct",NA,NA,161.089866,NA,NA,15.7,11,NA,NA,NA,NA,0,0,NA,12,1.7,10,NA,NA,NA,1.94,0.13,NA,5,40,NA,NA,NA,NA,NA,NA,NA,NA,NA,NA,NA,NA,NA,0,"S"
NA,"Offals, Edible","21151.02","beef liver, fresh, raw","Animal Products","Offals, Edible and products",NA,"regional-SSA-fct",NA,NA,133,NA,NA,19.1,4.5,NA,NA,NA,NA,3.8,0,NA,8,9.7,131,NA,NA,NA,3,0.5,NA,5,40,NA,NA,NA,NA,NA,NA,NA,NA,NA,NA,NA,NA,NA,0,"W"
NA,"Oilcrops, Other","1441.01","linseeds","Other foods","Oilcrops, Other and products",NA,"regional-SSA-fct",NA,NA,531.548757,NA,NA,17.5,36.9,NA,NA,NA,NA,3.5,29.5,NA,250,44.2,346,NA,NA,NA,8.24,3.88,NA,0,1.6,NA,NA,NA,NA,NA,NA,NA,NA,NA,NA,NA,NA,NA,4710,"E"
NA,"Oilcrops, Other","1441.01","linseeds","Other foods","Oilcrops, Other and products",NA,"regional-SSA-fct",NA,NA,531.548757,NA,NA,17.5,36.9,NA,NA,NA,NA,3.5,29.5,NA,250,44.2,346,NA,NA,NA,8.24,3.88,NA,0,1.6,NA,NA,NA,NA,NA,NA,NA,NA,NA,NA,NA,NA,NA,4710,"S"
NA,"Oilcrops, Other","1441.01","linseeds","Other foods","Oilcrops, Other and products",NA,"regional-SSA-fct",NA,NA,531.548757,NA,NA,17.5,36.9,NA,NA,NA,NA,3.5,29.5,NA,250,44.2,346,NA,NA,NA,8.24,3.88,NA,0,1.6,NA,NA,NA,NA,NA,NA,NA,NA,NA,NA,NA,NA,NA,4710,"W"
NA,"Olive Oil","2167.01","olive oil","Other foods","Olive Oil and products",NA,"regional-SSA-fct",NA,NA,884.321223,NA,NA,0,100,NA,NA,NA,NA,0,0,NA,1,0.4,0,NA,NA,NA,0.06,0,NA,0,0,NA,NA,NA,NA,NA,NA,NA,NA,NA,NA,NA,NA,NA,0,"E"
NA,"Olive Oil","2167.01","olive oil","Other foods","Olive Oil and products",NA,"regional-SSA-fct",NA,NA,884.321223,NA,NA,0,100,NA,NA,NA,NA,0,0,NA,1,0,0,NA,NA,NA,0.4,0,NA,0,0,NA,NA,NA,NA,NA,NA,NA,NA,NA,NA,NA,NA,NA,0,"S"
NA,"Olive Oil","2167.01","olive oil","Other foods","Olive Oil and products",NA,"regional-SSA-fct",NA,NA,884.321223,NA,NA,0,100,NA,NA,NA,NA,0,0,NA,1,0.4,0,NA,NA,NA,0.06,0,NA,0,0,NA,NA,NA,NA,NA,NA,NA,NA,NA,NA,NA,NA,NA,0,"W"
NA,"Olives","F0262.01","olives, preserved","Fruits and Vegetables","Olives (including preserved) and products",NA,"regional-SSA-fct",NA,NA,123.565965,NA,NA,0.8,10.7,NA,NA,NA,NA,3.1,3.2,NA,88,3.3,4,NA,NA,NA,0.22,0.25,NA,0,0.9,NA,NA,NA,NA,NA,NA,NA,NA,NA,NA,NA,NA,NA,0,"E"
NA,"Olives","F0262.01","olives, preserved","Fruits and Vegetables","Olives (including preserved) and products",NA,"regional-SSA-fct",NA,NA,123.565965,NA,NA,0.8,10.7,NA,NA,NA,NA,3.1,3.2,NA,88,3.3,4,NA,NA,NA,0.22,0.25,NA,0,0.9,NA,NA,NA,NA,NA,NA,NA,NA,NA,NA,NA,NA,NA,0,"S"
NA,"Olives","F0262.01","olives, preserved","Fruits and Vegetables","Olives (including preserved) and products",NA,"regional-SSA-fct",NA,NA,123.565965,NA,NA,0.8,10.7,NA,NA,NA,NA,3.1,3.2,NA,88,3.3,4,NA,NA,NA,0.22,0.25,NA,0,0.9,NA,NA,NA,NA,NA,NA,NA,NA,NA,NA,NA,NA,NA,0,"W"
NA,"Onions","1253.02.01","onions, raw","Fruits and Vegetables","Onions and products",NA,"regional-SSA-fct",NA,NA,40,NA,NA,1.3,0.2,NA,NA,NA,NA,7.9,1.3,NA,23,0.2,10,NA,NA,NA,0.2,0,NA,2,2,NA,NA,NA,NA,NA,NA,NA,NA,NA,NA,NA,NA,NA,0,"E"
NA,"Onions","1253.02.01","onions, raw","Fruits and Vegetables","Onions and products",NA,"regional-SSA-fct",NA,NA,45.889101,NA,NA,0.9,0.1,NA,NA,NA,NA,8.7,1.5,NA,30,0.5,12,NA,NA,NA,0.31,0.14,NA,2,2,NA,NA,NA,NA,NA,NA,NA,NA,NA,NA,NA,NA,NA,0,"S"
NA,"Onions","1253.02.01","onions, raw","Fruits and Vegetables","Onions and products",NA,"regional-SSA-fct",NA,NA,32,NA,NA,1.1,0.1,NA,NA,NA,NA,5.6,1.8,NA,27,0.5,7,NA,NA,NA,0.2,0.04,NA,2,2,NA,NA,NA,NA,NA,NA,NA,NA,NA,NA,NA,NA,NA,10,"W"
NA,"Oranges, Mandarines","1323.01","oranges, raw","Fruits and Vegetables","Oranges, Mandarines and products",NA,"regional-SSA-fct",NA,NA,47,NA,NA,0.9,0.1,NA,NA,NA,NA,9.4,2.4,NA,40,0.1,10,NA,NA,NA,0.1,0.1,NA,1,1,NA,NA,NA,NA,NA,NA,NA,NA,NA,NA,NA,NA,NA,0,"E"
NA,"Oranges, Mandarines","1323.01","oranges, raw","Fruits and Vegetables","Oranges, Mandarines and products",NA,"regional-SSA-fct",NA,NA,54.493307,NA,NA,0.8,0.1,NA,NA,NA,NA,9.2,3.2,NA,30,0.3,8,NA,NA,NA,0.22,0.1,NA,1,1,NA,NA,NA,NA,NA,NA,NA,NA,NA,NA,NA,NA,NA,0,"S"
NA,"Oranges, Mandarines","1323.01","oranges, raw","Fruits and Vegetables","Oranges, Mandarines and products",NA,"regional-SSA-fct",NA,NA,45,NA,NA,0.8,0.3,NA,NA,NA,NA,8.9,1.7,NA,32,0.1,11,NA,NA,NA,0.1,0.05,NA,1,1,NA,NA,NA,NA,NA,NA,NA,NA,NA,NA,NA,NA,NA,10,"W"
NA,"Palm Oil","2165.01","palm oil","Other foods","Palm Oil and products",NA,"regional-SSA-fct",NA,NA,862,NA,NA,0,100,NA,NA,NA,NA,0,0,NA,6,0,0,NA,NA,NA,0,0,NA,0,0,NA,NA,NA,NA,NA,NA,NA,NA,NA,NA,NA,NA,NA,0,"E"
NA,"Palm Oil","2165.01","palm oil","Other foods","Palm Oil and products",NA,"regional-SSA-fct",NA,NA,862,NA,NA,0,100,NA,NA,NA,NA,0,0,NA,6,0,0,NA,NA,NA,0,0,NA,0,0,NA,NA,NA,NA,NA,NA,NA,NA,NA,NA,NA,NA,NA,0,"S"
NA,"Palm Oil","2165.01","palm oil","Other foods","Palm Oil and products",NA,"regional-SSA-fct",NA,NA,895,NA,NA,0,99.4,NA,NA,NA,NA,0,0,NA,3,0.4,0,NA,NA,NA,0,0,NA,0,0,NA,NA,NA,NA,NA,NA,NA,NA,NA,NA,NA,NA,NA,0,"W"
NA,"Palmkernel Oil","21691.14.01","palm kernel oil","Other foods","Palmkernel Oil and products",NA,"regional-SSA-fct",NA,NA,884.321223,NA,NA,0,100,NA,NA,NA,NA,0,0,NA,6,0,0,NA,NA,NA,0,0,NA,0,0,NA,NA,NA,NA,NA,NA,NA,NA,NA,NA,NA,NA,NA,0,"E"
NA,"Palmkernel Oil","21691.14.01","palm kernel oil","Other foods","Palmkernel Oil and products",NA,"regional-SSA-fct",NA,NA,884.321223,NA,NA,0,100,NA,NA,NA,NA,0,0,NA,6,0,0,NA,NA,NA,0,0,NA,0,0,NA,NA,NA,NA,NA,NA,NA,NA,NA,NA,NA,NA,NA,0,"S"
NA,"Palmkernel Oil","21691.14.01","palm kernel oil","Other foods","Palmkernel Oil and products",NA,"regional-SSA-fct",NA,NA,884.321223,NA,NA,0,100,NA,NA,NA,NA,0,0,NA,3,0.4,0,NA,NA,NA,0,0,NA,0,0,NA,NA,NA,NA,NA,NA,NA,NA,NA,NA,NA,NA,NA,0,"W"
NA,"Peas","1705.01","peas, dried, raw","Pulses and Beans","Peas and products",NA,"regional-SSA-fct",NA,NA,84,NA,NA,5.4,0.2,NA,NA,NA,NA,10.1,5.5,NA,27,1.5,39,NA,NA,NA,1.2,0.2,NA,2,0,NA,NA,NA,NA,NA,NA,NA,NA,NA,NA,NA,NA,NA,28,"E"
NA,"Peas","1705.01","peas, dried, raw","Pulses and Beans","Peas and products",NA,"regional-SSA-fct",NA,NA,88.671128,NA,NA,5.5,0.8,NA,NA,NA,NA,8.3,6.3,NA,20,1.7,28,NA,NA,NA,0.87,0.17,NA,2,0,NA,NA,NA,NA,NA,NA,NA,NA,NA,NA,NA,NA,NA,28,"S"
NA,"Peas","1705.01","peas, dried, raw","Pulses and Beans","Peas and products",NA,"regional-SSA-fct",NA,NA,88.671128,NA,NA,5.5,0.8,NA,NA,NA,NA,8.3,6.3,NA,20,1.7,28,NA,NA,NA,0.87,0.17,NA,2,0,NA,NA,NA,NA,NA,NA,NA,NA,NA,NA,NA,NA,NA,28,"W"
NA,"Pelagic Fish","1527.01","mackerel, fresh, raw","Animal Products","Pelagic Fish",NA,"regional-SSA-fct",NA,NA,98,NA,NA,18.1,2.4,NA,NA,NA,NA,0,0,NA,7,0.3,21,NA,NA,NA,0.3,0,NA,32,37,NA,NA,NA,NA,NA,NA,NA,NA,NA,NA,NA,NA,NA,0,"E"
NA,"Pelagic Fish","1527.01","mackerel, fresh, raw","Animal Products","Pelagic Fish",NA,"regional-SSA-fct",NA,NA,196.70172,NA,NA,20.1,13,NA,NA,NA,NA,0,0,NA,29,0.8,29,NA,NA,NA,0.5,0.03,NA,32,37,NA,NA,NA,NA,NA,NA,NA,NA,NA,NA,NA,NA,NA,0,"S"
NA,"Pelagic Fish","1527.01","mackerel, fresh, raw","Animal Products","Pelagic Fish",NA,"regional-SSA-fct",NA,NA,133,NA,NA,21.1,2.8,NA,NA,NA,NA,5.9,0,NA,50,1.8,26,NA,NA,NA,0.5,0.06,NA,32,37,NA,NA,NA,NA,NA,NA,NA,NA,NA,NA,NA,NA,NA,0,"W"
NA,"Pepper","1651.01","pepper, black","Other foods","Pepper and products",NA,"regional-SSA-fct",NA,NA,336.759082,NA,NA,10.9,3.3,NA,NA,NA,NA,38.3,26.5,NA,437,28.9,194,NA,NA,NA,1.42,1.13,NA,0,3.1,NA,NA,NA,NA,NA,NA,NA,NA,NA,NA,NA,NA,NA,0,"E"
NA,"Pepper","1651.01","pepper, black","Other foods","Pepper and products",NA,"regional-SSA-fct",NA,NA,336.759082,NA,NA,10.9,3.3,NA,NA,NA,NA,38.3,26.5,NA,437,28.9,194,NA,NA,NA,1.42,1.13,NA,0,3.1,NA,NA,NA,NA,NA,NA,NA,NA,NA,NA,NA,NA,NA,0,"S"
NA,"Pepper","1651.01","pepper, black","Other foods","Pepper and products",NA,"regional-SSA-fct",NA,NA,228,NA,NA,10.9,3.3,NA,NA,NA,NA,38.3,26.5,NA,437,28.9,194,NA,NA,NA,1.4,1.13,NA,0,3.1,NA,NA,NA,NA,NA,NA,NA,NA,NA,NA,NA,NA,NA,0,"W"
NA,"Pigmeat","21113.02.01","pig meat, without bones, fresh, raw","Animal Products","Pigmeat and products",NA,"regional-SSA-fct",NA,NA,537,NA,NA,19.6,50.2,NA,NA,NA,NA,0,0,NA,18,0.8,17,NA,NA,NA,2.1,0.1,NA,1,6,NA,NA,NA,NA,NA,NA,NA,NA,NA,NA,NA,NA,NA,0,"E"
NA,"Pigmeat","21113.02.01","pig meat, without bones, fresh, raw","Animal Products","Pigmeat and products",NA,"regional-SSA-fct",NA,NA,366.873804,NA,NA,13.9,35.1,NA,NA,NA,NA,0,0,NA,19,0.7,13,NA,NA,NA,1.59,0.06,NA,1,6,NA,NA,NA,NA,NA,NA,NA,NA,NA,NA,NA,NA,NA,0,"S"
NA,"Pigmeat","21113.02.01","pig meat, without bones, fresh, raw","Animal Products","Pigmeat and products",NA,"regional-SSA-fct",NA,NA,405,NA,NA,12.6,39.4,NA,NA,NA,NA,0,0,NA,11,1.9,12,NA,NA,NA,3.2,0.09,NA,1,6,NA,NA,NA,NA,NA,NA,NA,NA,NA,NA,NA,NA,NA,0,"W"
NA,"Pimento","1652.02","peppers, dried, raw","Fruits and Vegetables","Pimento and products",NA,"regional-SSA-fct",NA,NA,27,NA,NA,1,0.3,NA,NA,NA,NA,4.1,1.7,NA,9,0.4,11,NA,NA,NA,0.1,0.4,NA,1,0.5,NA,NA,NA,NA,NA,NA,NA,NA,NA,NA,NA,NA,NA,35,"E"
NA,"Pimento","1652.01","pepper, raw","Fruits and Vegetables","Pimento and products",NA,"regional-SSA-fct",NA,NA,31.548757,NA,NA,0.9,0.2,NA,NA,NA,NA,4.4,2,NA,9,0.5,10,NA,NA,NA,0.12,0.07,NA,1,0.5,NA,NA,NA,NA,NA,NA,NA,NA,NA,NA,NA,NA,NA,35,"S"
NA,"Pimento","1652.01","pepper, raw","Fruits and Vegetables","Pimento and products",NA,"regional-SSA-fct",NA,NA,26,NA,NA,1.8,0.3,NA,NA,NA,NA,4.2,3.5,NA,33,1.2,42,NA,NA,NA,0.3,0.1,NA,1,0.5,NA,NA,NA,NA,NA,NA,NA,NA,NA,NA,NA,NA,NA,30,"W"
NA,"Pineapples","1318.01","pineapple, raw","Fruits and Vegetables","Pineapples and products",NA,"regional-SSA-fct",NA,NA,48,NA,NA,0.5,0.1,NA,NA,NA,NA,11.2,1.4,NA,7,0.4,14,NA,NA,NA,0.1,0.1,NA,0,0,NA,NA,NA,NA,NA,NA,NA,NA,NA,NA,NA,NA,NA,0,"E"
NA,"Pineapples","1318.01","pineapple, raw","Fruits and Vegetables","Pineapples and products",NA,"regional-SSA-fct",NA,NA,59.034416,NA,NA,0.4,0.1,NA,NA,NA,NA,12.1,1.8,NA,4,0.3,10,NA,NA,NA,0.03,0.04,NA,0,0,NA,NA,NA,NA,NA,NA,NA,NA,NA,NA,NA,NA,NA,0,"S"
NA,"Pineapples","1318.01","pineapple, raw","Fruits and Vegetables","Pineapples and products",NA,"regional-SSA-fct",NA,NA,56,NA,NA,0.4,0.3,NA,NA,NA,NA,12.1,1.4,NA,22,0.5,9,NA,NA,NA,2.2,0.33,NA,0,0,NA,NA,NA,NA,NA,NA,NA,NA,NA,NA,NA,NA,NA,0,"W"
NA,"Plantains","1313.01","plantain, raw","Fruits and Vegetables","Plantains and products",NA,"regional-SSA-fct",NA,NA,149,NA,NA,1.1,0.3,NA,NA,NA,NA,34.3,2.3,NA,7,1.1,37,NA,NA,NA,0.1,0.08,NA,2,2,NA,NA,NA,NA,NA,NA,NA,NA,NA,NA,NA,NA,NA,0,"E"
NA,"Plantains","1313.01","plantain, raw","Fruits and Vegetables","Plantains and products",NA,"regional-SSA-fct",NA,NA,149,NA,NA,1.1,0.3,NA,NA,NA,NA,34.3,2.3,NA,7,1.1,37,NA,NA,NA,0.1,0.08,NA,2,2,NA,NA,NA,NA,NA,NA,NA,NA,NA,NA,NA,NA,NA,0,"S"
NA,"Plantains","1313.01","plantain, raw","Fruits and Vegetables","Plantains and products",NA,"regional-SSA-fct",NA,NA,149,NA,NA,1.1,0.3,NA,NA,NA,NA,34.3,2.3,NA,7,1.1,37,NA,NA,NA,0.1,0.08,NA,2,2,NA,NA,NA,NA,NA,NA,NA,NA,NA,NA,NA,NA,NA,0,"W"
NA,"Potatoes","1510.01","potatoes, raw","Roots and Tubers","Potatoes and products",NA,"regional-SSA-fct",NA,NA,58,NA,NA,2.6,0.1,NA,NA,NA,NA,12.4,2.5,NA,30,3.2,23,NA,NA,NA,0.4,0.4,NA,2,2,NA,NA,NA,NA,NA,NA,NA,NA,NA,NA,NA,NA,NA,147,"E"
NA,"Potatoes","1510.01","potatoes, raw","Roots and Tubers","Potatoes and products",NA,"regional-SSA-fct",NA,NA,77.676864,NA,NA,1.5,0.1,NA,NA,NA,NA,15.9,1.5,NA,6,1.2,15,NA,NA,NA,0.29,0.09,NA,2,2,NA,NA,NA,NA,NA,NA,NA,NA,NA,NA,NA,NA,NA,147,"S"
NA,"Potatoes","1510.01","potatoes, raw","Roots and Tubers","Potatoes and products",NA,"regional-SSA-fct",NA,NA,82,NA,NA,1.9,0.1,NA,NA,NA,NA,17.3,1.8,NA,10,0.8,27,NA,NA,NA,0.3,0.09,NA,2,2,NA,NA,NA,NA,NA,NA,NA,NA,NA,NA,NA,NA,NA,147,"W"
NA,"Poultry Meat","21121.01","chicken meat, fresh, raw","Animal Products","Poultry Meat and products",NA,"regional-SSA-fct",NA,NA,200,NA,NA,18.8,13.2,NA,NA,NA,NA,0,0,NA,9,1,14,NA,NA,NA,1.3,0.1,NA,0,12,NA,NA,NA,NA,NA,NA,NA,NA,NA,NA,NA,NA,NA,0,"E"
NA,"Poultry Meat","21121.01","chicken meat, fresh, raw","Animal Products","Poultry Meat and products",NA,"regional-SSA-fct",NA,NA,117.351816,NA,NA,23,2.7,NA,NA,NA,NA,0,0,NA,14,1.1,28,NA,NA,NA,0.74,0.06,NA,0,12,NA,NA,NA,NA,NA,NA,NA,NA,NA,NA,NA,NA,NA,0,"S"
NA,"Poultry Meat","21121.01","chicken meat, fresh, raw","Animal Products","Poultry Meat and products",NA,"regional-SSA-fct",NA,NA,136,NA,NA,20.6,6,NA,NA,NA,NA,0,0,NA,12,1.2,25,NA,NA,NA,1,0.04,NA,0,12,NA,NA,NA,NA,NA,NA,NA,NA,NA,NA,NA,NA,NA,0,"W"
NA,"Pulses, Other","1707.01","pigeon peas, dried, raw","Pulses and Beans","Pulses, Other and products",NA,"regional-SSA-fct",NA,NA,343,NA,NA,21.7,1.5,NA,NA,NA,NA,62.8,15,NA,104,4.4,125,NA,NA,NA,2.9,0.8,NA,0,6.4,NA,NA,NA,NA,NA,NA,NA,NA,NA,NA,NA,NA,NA,1154,"E"
NA,"Pulses, Other","1704.01","lentils, dried, raw","Pulses and Beans","Pulses, Other and products",NA,"regional-SSA-fct",NA,NA,354.923518,NA,NA,28.1,1,NA,NA,NA,NA,41.2,15.9,NA,51,9,107,NA,NA,NA,3.61,0.85,NA,0,6.4,NA,NA,NA,NA,NA,NA,NA,NA,NA,NA,NA,NA,NA,1154,"S"
NA,"Pulses, Other","1706.01","cow peas, dried, raw","Pulses and Beans","Pulses, Other and products",NA,"regional-SSA-fct",NA,NA,335,NA,NA,21.1,1.2,NA,NA,NA,NA,54.7,10.6,NA,84,7.8,41,NA,NA,NA,8,0.08,NA,0,8,NA,NA,NA,NA,NA,NA,NA,NA,NA,NA,NA,NA,NA,1154,"W"
NA,"Rape and Mustard Oil","21641.01.01","rape seed oil","Other foods","Rape and Mustard Oil and products",NA,"regional-SSA-fct",NA,NA,862,NA,NA,0,100,NA,NA,NA,NA,0,0,NA,0,0,0,NA,NA,NA,0,0,NA,0,0,NA,NA,NA,NA,NA,NA,NA,NA,NA,NA,NA,NA,NA,0,"E"
NA,"Rape and Mustard Oil","21641.01.01","rape seed oil","Other foods","Rape and Mustard Oil and products",NA,"regional-SSA-fct",NA,NA,884.321223,NA,NA,0,100,NA,NA,NA,NA,0,0,NA,0,0,0,NA,NA,NA,0,0,NA,0,0,NA,NA,NA,NA,NA,NA,NA,NA,NA,NA,NA,NA,NA,0,"S"
NA,"Rape and Mustard Oil","21641.01.01","rape seed oil","Other foods","Rape and Mustard Oil and products",NA,"regional-SSA-fct",NA,NA,884.321223,NA,NA,0,100,NA,NA,NA,NA,0,0,NA,0,0,0,NA,NA,NA,0,0,NA,0,0,NA,NA,NA,NA,NA,NA,NA,NA,NA,NA,NA,NA,NA,0,"W"
NA,"Rice (Milled Equivalent)","23161.01.01","rice grain, white, raw","Cereals","Rice and products",NA,"regional-SSA-fct",NA,NA,358,NA,NA,6.5,0.5,NA,NA,NA,NA,79.8,0.8,NA,8,0.6,36,NA,NA,NA,1.1,0.1,NA,8,2.4,NA,NA,NA,NA,NA,NA,NA,NA,NA,NA,NA,NA,NA,352,"E"
NA,"Rice (Milled Equivalent)","23161.02.01","rice grain, white, raw","Cereals","Rice and products",NA,"regional-SSA-fct",NA,NA,358,NA,NA,6.5,0.5,NA,NA,NA,NA,79.8,0.8,NA,8,0.6,36,NA,NA,NA,1.1,0.1,NA,8,2.4,NA,NA,NA,NA,NA,NA,NA,NA,NA,NA,NA,NA,NA,352,"E"
NA,"Rice (Milled Equivalent)","23120.01.01","rice flour, white","Cereals","Rice and products",NA,"regional-SSA-fct",NA,NA,362,NA,NA,6,1.4,NA,NA,NA,NA,77.7,2.4,NA,10,0.4,35,NA,NA,NA,0.8,0.13,NA,8,2.4,NA,NA,NA,NA,NA,NA,NA,NA,NA,NA,NA,NA,NA,352,"S"
NA,"Rice (Milled Equivalent)","23161.01.01","rice grain, white, raw","Cereals","Rice and products",NA,"regional-SSA-fct",NA,NA,346,NA,NA,7.3,0.4,NA,NA,NA,NA,76.9,2.8,NA,11,2.6,35,NA,NA,NA,1.2,0.01,NA,8,2.4,NA,NA,NA,NA,NA,NA,NA,NA,NA,NA,NA,NA,NA,352,"W"
NA,"Rice (Milled Equivalent)","23161.02.01","rice grain, white, raw","Cereals","Rice and products",NA,"regional-SSA-fct",NA,NA,346,NA,NA,7.3,0.4,NA,NA,NA,NA,76.9,2.8,NA,11,2.6,35,NA,NA,NA,1.2,0.01,NA,8,2.4,NA,NA,NA,NA,NA,NA,NA,NA,NA,NA,NA,NA,NA,352,"W"
NA,"Roots, Other","1550.01","taros, raw","Roots and Tubers","Roots, Other and products",NA,"regional-SSA-fct",NA,NA,112,NA,NA,1.5,0.2,NA,NA,NA,NA,22.4,4.1,NA,43,0.1,33,NA,NA,NA,0.2,0.2,NA,0,1,NA,NA,NA,NA,NA,NA,NA,NA,NA,NA,NA,NA,NA,78,"E"
NA,"Roots, Other","1550.01","taros, raw","Roots and Tubers","Roots, Other and products",NA,"regional-SSA-fct",NA,NA,115.43977,NA,NA,1.5,0.2,NA,NA,NA,NA,22.4,4.1,NA,43,0.6,33,NA,NA,NA,0.23,0.17,NA,0,1,NA,NA,NA,NA,NA,NA,NA,NA,NA,NA,NA,NA,NA,78,"S"
NA,"Roots, Other","1550.01","taros, raw","Roots and Tubers","Roots, Other and products",NA,"regional-SSA-fct",NA,NA,95,NA,NA,1.8,0.1,NA,NA,NA,NA,19.7,4.1,NA,51,1.2,33,NA,NA,NA,0.2,0.17,NA,0,1,NA,NA,NA,NA,NA,NA,NA,NA,NA,NA,NA,NA,NA,78,"W"
NA,"Rye","116.01","rye grain, unrefined, raw ","Cereals","Rye and products",NA,"regional-SSA-fct",NA,NA,339,NA,NA,13.7,1.9,NA,NA,NA,NA,60.4,12.2,NA,15,1.2,22,NA,NA,NA,0.7,0.1,NA,10,35.3,NA,NA,NA,NA,NA,NA,NA,NA,NA,NA,NA,NA,NA,282,"E"
NA,"Rye","116.01","rye grain, unrefined, raw ","Cereals","Rye and products",NA,"regional-SSA-fct",NA,NA,351.099426,NA,NA,11.9,1.8,NA,NA,NA,NA,59.9,10.7,NA,8,2.4,68,NA,NA,NA,1.92,0.27,NA,10,35.3,NA,NA,NA,NA,NA,NA,NA,NA,NA,NA,NA,NA,NA,282,"S"
NA,"Rye","116.01","rye grain, unrefined, raw ","Cereals","Rye and products",NA,"regional-SSA-fct",NA,NA,351.099426,NA,NA,11.9,1.8,NA,NA,NA,NA,59.9,10.7,NA,8,2,68,NA,NA,NA,4,0.1,NA,10,35.3,NA,NA,NA,NA,NA,NA,NA,NA,NA,NA,NA,NA,NA,282,"W"
NA,"Sesameseed","1444.01","sesame seeds","Pulses and Beans","Sesame seed and products",NA,"regional-SSA-fct",NA,NA,573,NA,NA,17.7,49.7,NA,NA,NA,NA,6.6,16.9,NA,975,14.6,351,NA,NA,NA,7.8,4.1,NA,0,5.7,NA,NA,NA,NA,NA,NA,NA,NA,NA,NA,NA,NA,NA,4710,"E"
NA,"Sesameseed","1444.01","sesame seeds","Pulses and Beans","Sesame seed and products",NA,"regional-SSA-fct",NA,NA,630.01912,NA,NA,26.4,54.8,NA,NA,NA,NA,6.4,3,NA,131,7.8,347,NA,NA,NA,10.25,2.15,NA,0,5.7,NA,NA,NA,NA,NA,NA,NA,NA,NA,NA,NA,NA,NA,4710,"S"
NA,"Sesameseed","1444.01","sesame seeds","Pulses and Beans","Sesame seed and products",NA,"regional-SSA-fct",NA,NA,600,NA,NA,18.5,49.4,NA,NA,NA,NA,18.6,3.7,NA,1150,15.5,347,NA,NA,NA,10.25,2.15,NA,0,5.7,NA,NA,NA,NA,NA,NA,NA,NA,NA,NA,NA,NA,NA,4710,"W"
NA,"Sesameseed Oil","21691.07.01","sesame seed oil","Pulses and Beans","Sesameseed Oil and products",NA,"regional-SSA-fct",NA,NA,884,NA,NA,0,100,NA,NA,NA,NA,0,0,NA,0,0,0,NA,NA,NA,0,0,NA,0,0,NA,NA,NA,NA,NA,NA,NA,NA,NA,NA,NA,NA,NA,0,"E"
NA,"Sesameseed Oil","21691.07.01","sesame seed oil","Pulses and Beans","Sesameseed Oil and products",NA,"regional-SSA-fct",NA,NA,884,NA,NA,0,100,NA,NA,NA,NA,0,0,NA,0,0,0,NA,NA,NA,0,0,NA,0,0,NA,NA,NA,NA,NA,NA,NA,NA,NA,NA,NA,NA,NA,0,"S"
NA,"Sesameseed Oil","21691.07.01","sesame seed oil","Pulses and Beans","Sesameseed Oil and products",NA,"regional-SSA-fct",NA,NA,884,NA,NA,0,100,NA,NA,NA,NA,0,0,NA,0,0,0,NA,NA,NA,0,0,NA,0,0,NA,NA,NA,NA,NA,NA,NA,NA,NA,NA,NA,NA,NA,0,"W"
NA,"Sorghum","114.01","sorghum grain, raw","Cereals","Sorghum and products",NA,"regional-SSA-fct",NA,NA,339,NA,NA,11.3,3.3,NA,NA,NA,NA,65.6,9,NA,15,4.1,34,NA,NA,NA,0.8,0.3,NA,10,12.9,NA,NA,NA,NA,NA,NA,NA,NA,NA,NA,NA,NA,NA,439,"E"
NA,"Sorghum","114.01","sorghum grain, raw","Cereals","Sorghum and products",NA,"regional-SSA-fct",NA,NA,339,NA,NA,11.3,3.3,NA,NA,NA,NA,65.6,9,NA,15,4.1,34,NA,NA,NA,0.8,0.3,NA,10,12.9,NA,NA,NA,NA,NA,NA,NA,NA,NA,NA,NA,NA,NA,439,"S"
NA,"Sorghum","114.01","sorghum grain, raw","Cereals","Sorghum and products",NA,"regional-SSA-fct",NA,NA,383,NA,NA,11,3.1,NA,NA,NA,NA,75.8,3.7,NA,27,8.7,559,NA,NA,NA,1.6,0.59,NA,10,13,NA,NA,NA,NA,NA,NA,NA,NA,NA,NA,NA,NA,NA,489,"W"
NA,"Soyabean Oil","2161.01","soybean oil","Pulses and Beans","Soyabean Oil and products",NA,"regional-SSA-fct",NA,NA,884.321223,NA,NA,0,100,NA,NA,NA,NA,0,0,NA,0,0,0,NA,NA,NA,0,0,NA,0,0,NA,NA,NA,NA,NA,NA,NA,NA,NA,NA,NA,NA,NA,0,"E"
NA,"Soyabean Oil","2161.01","soybean oil","Pulses and Beans","Soyabean Oil and products",NA,"regional-SSA-fct",NA,NA,884.321223,NA,NA,0,100,NA,NA,NA,NA,0,0,NA,0,0,0,NA,NA,NA,0,0,NA,0,0,NA,NA,NA,NA,NA,NA,NA,NA,NA,NA,NA,NA,NA,0,"S"
NA,"Soyabean Oil","2161.01","soybean oil","Pulses and Beans","Soyabean Oil and products",NA,"regional-SSA-fct",NA,NA,884.321223,NA,NA,0,100,NA,NA,NA,NA,0,0,NA,0,0.1,0,NA,NA,NA,0,0,NA,0,0,NA,NA,NA,NA,NA,NA,NA,NA,NA,NA,NA,NA,NA,0,"W"
NA,"Soyabeans","141.01","soybeans, dried, raw","Pulses and Beans","Soyabeans and products",NA,"regional-SSA-fct",NA,NA,415,NA,NA,36.5,20,NA,NA,NA,NA,21,9.3,NA,278,15.8,280,NA,NA,NA,5,1.7,NA,6,14,NA,NA,NA,NA,NA,NA,NA,NA,NA,NA,NA,NA,NA,1473,"E"
NA,"Soyabeans","141.01","soybeans, dried, raw","Pulses and Beans","Soyabeans and products",NA,"regional-SSA-fct",NA,NA,446.940726,NA,NA,36.5,19.9,NA,NA,NA,NA,17.7,12.5,NA,277,15.7,280,NA,NA,NA,4.89,1.66,NA,6,14,NA,NA,NA,NA,NA,NA,NA,NA,NA,NA,NA,NA,NA,1473,"S"
NA,"Soyabeans","141.01","soybeans, dried, raw","Pulses and Beans","Soyabeans and products",NA,"regional-SSA-fct",NA,NA,397,NA,NA,33.2,16.6,NA,NA,NA,NA,20.8,15.7,NA,247,8.3,245,NA,NA,NA,4.7,1.48,NA,6,14,NA,NA,NA,NA,NA,NA,NA,NA,NA,NA,NA,NA,NA,1473,"W"
NA,"Spices, Other","1699.01","turmeric roots","Other foods","Spices, Other and products",NA,"regional-SSA-fct",NA,NA,382.887189,NA,NA,7.8,9.9,NA,NA,NA,NA,43.8,21.1,NA,183,41.4,193,NA,NA,NA,4.35,0.6,NA,0,4.5,NA,NA,NA,NA,NA,NA,NA,NA,NA,NA,NA,NA,NA,0,"E"
NA,"Spices, Other","1699.01","turmeric roots","Other foods","Spices, Other and products",NA,"regional-SSA-fct",NA,NA,382.887189,NA,NA,7.8,9.9,NA,NA,NA,NA,43.8,21.1,NA,183,41.4,193,NA,NA,NA,4.35,0.6,NA,0,4.5,NA,NA,NA,NA,NA,NA,NA,NA,NA,NA,NA,NA,NA,0,"S"
NA,"Spices, Other","1699.01","turmeric roots","Other foods","Spices, Other and products",NA,"regional-SSA-fct",NA,NA,382.887189,NA,NA,7.8,9.9,NA,NA,NA,NA,43.8,21.1,NA,183,7,193,NA,NA,NA,1,0.6,NA,0,4.5,NA,NA,NA,NA,NA,NA,NA,NA,NA,NA,NA,NA,NA,0,"W"
NA,"Sugar (Raw Equivalent)","23520.01","sugar, white","Other foods","Sugar (Raw Equivalent) and products",NA,"regional-SSA-fct",NA,NA,387,NA,NA,0,0,NA,NA,NA,NA,99.9,0,NA,1,0.1,0,NA,NA,NA,0,0,NA,0,0,NA,NA,NA,NA,NA,NA,NA,NA,NA,NA,NA,NA,NA,0,"E"
NA,"Sugar (Raw Equivalent)","23520.01","sugar, white","Other foods","Sugar (Raw Equivalent) and products",NA,"regional-SSA-fct",NA,NA,405.831739,NA,NA,0,0,NA,NA,NA,NA,99.9,0,NA,1,0.1,0,NA,NA,NA,0.03,0.04,NA,0,0,NA,NA,NA,NA,NA,NA,NA,NA,NA,NA,NA,NA,NA,0,"S"
NA,"Sugar (Raw Equivalent)","23520.01","sugar, white","Other foods","Sugar (Raw Equivalent) and products",NA,"regional-SSA-fct",NA,NA,369,NA,NA,0,0,NA,NA,NA,NA,92.2,0,NA,10,0.2,2,NA,NA,NA,0.1,0.12,NA,0,0,NA,NA,NA,NA,NA,NA,NA,NA,NA,NA,NA,NA,NA,0,"W"
NA,"Sugar Beet","1801.01","beetroots, sugar, raw","Other foods","Sugar beet and products",NA,"regional-SSA-fct",NA,NA,40.630975,NA,NA,1.6,0.1,NA,NA,NA,NA,5.8,2.4,NA,17,0.8,26,NA,NA,NA,0.29,0.08,NA,0,0.7,NA,NA,NA,NA,NA,NA,NA,NA,NA,NA,NA,NA,NA,0,"E"
NA,"Sugar Beet","1801.01","beetroots, sugar, raw","Other foods","Sugar beet and products",NA,"regional-SSA-fct",NA,NA,40.630975,NA,NA,1.6,0.1,NA,NA,NA,NA,5.8,2.4,NA,17,0.8,26,NA,NA,NA,0.29,0.08,NA,0,0.7,NA,NA,NA,NA,NA,NA,NA,NA,NA,NA,NA,NA,NA,0,"S"
NA,"Sugar Beet","1801.01","beetroots, sugar, raw","Other foods","Sugar beet and products",NA,"regional-SSA-fct",NA,NA,40.630975,NA,NA,1.6,0.1,NA,NA,NA,NA,5.8,2.4,NA,17,0.8,26,NA,NA,NA,0.4,0.1,NA,0,0.7,NA,NA,NA,NA,NA,NA,NA,NA,NA,NA,NA,NA,NA,0,"W"
NA,"Sugar Cane","1802.01","sugar canes","Other foods","Sugar cane and products",NA,"regional-SSA-fct",NA,NA,26,NA,NA,0,0,NA,NA,NA,NA,6.8,0,NA,6,0.1,2,NA,NA,NA,0,0,NA,0,0,NA,NA,NA,NA,NA,NA,NA,NA,NA,NA,NA,NA,NA,0,"E"
NA,"Sugar Cane","1802.01","sugar canes","Other foods","Sugar cane and products",NA,"regional-SSA-fct",NA,NA,26,NA,NA,0,0,NA,NA,NA,NA,6.8,0,NA,6,0.1,2,NA,NA,NA,0,0,NA,0,0,NA,NA,NA,NA,NA,NA,NA,NA,NA,NA,NA,NA,NA,0,"S"
NA,"Sugar Cane","1802.01","sugar canes","Other foods","Sugar cane and products",NA,"regional-SSA-fct",NA,NA,60,NA,NA,1,0,NA,NA,NA,NA,14,2,NA,10,0,2,NA,NA,NA,0,0,NA,0,0,NA,NA,NA,NA,NA,NA,NA,NA,NA,NA,NA,NA,NA,0,"W"
NA,"Sugar, Non-Centrifugal","23511.02.01","syrups, sugar cane",NA,"Sugar non-centrifugal and products",NA,"regional-SSA-fct",NA,NA,56,NA,NA,0,0,NA,NA,NA,NA,14.6,0,NA,13,0.3,4,NA,NA,NA,0,0.1,NA,0,0,NA,NA,NA,NA,NA,NA,NA,NA,NA,NA,NA,NA,NA,0,"E"
NA,"Sugar, Non-Centrifugal","23511.02.01","syrups, sugar cane",NA,"Sugar non-centrifugal and products",NA,"regional-SSA-fct",NA,NA,56,NA,NA,0,0,NA,NA,NA,NA,14.6,0,NA,13,0.3,4,NA,NA,NA,0,0.1,NA,0,0,NA,NA,NA,NA,NA,NA,NA,NA,NA,NA,NA,NA,NA,0,"S"
NA,"Sugar, Non-Centrifugal","23511.02.01","syrups, sugar cane",NA,"Sugar non-centrifugal and products",NA,"regional-SSA-fct",NA,NA,56,NA,NA,0,0,NA,NA,NA,NA,14.6,0,NA,13,0.3,4,NA,NA,NA,0,0.1,NA,0,0,NA,NA,NA,NA,NA,NA,NA,NA,NA,NA,NA,NA,NA,0,"W"
NA,"Sunflowerseed","1445.01","sunflower seeds, dried","Other foods","Sunflower seed and products",NA,"regional-SSA-fct",NA,NA,588,NA,NA,26.4,54.8,NA,NA,NA,NA,12.2,10.1,NA,131,7.8,347,NA,NA,NA,10.3,1.5,NA,0,59.5,NA,NA,NA,NA,NA,NA,NA,NA,NA,NA,NA,NA,NA,5160,"E"
NA,"Sunflowerseed","1445.01","sunflower seeds, dried","Other foods","Sunflower seed and products",NA,"regional-SSA-fct",NA,NA,607.552581,NA,NA,22.8,49.6,NA,NA,NA,NA,12.2,6.6,NA,116,6.8,354,NA,NA,NA,5.06,1.75,NA,0,59.5,NA,NA,NA,NA,NA,NA,NA,NA,NA,NA,NA,NA,NA,5160,"S"
NA,"Sunflowerseed","1445.01","sunflower seeds, dried","Other foods","Sunflower seed and products",NA,"regional-SSA-fct",NA,NA,607.552581,NA,NA,22.8,49.6,NA,NA,NA,NA,12.2,6.6,NA,116,7.8,354,NA,NA,NA,10.3,1.5,NA,0,59.5,NA,NA,NA,NA,NA,NA,NA,NA,NA,NA,NA,NA,NA,5160,"W"
NA,"Sunflowerseed Oil","21631.01.01","sunflower oil","Other foods","Sunflowerseed Oil and products",NA,"regional-SSA-fct",NA,NA,884.321223,NA,NA,0,100,NA,NA,NA,NA,0,0,NA,0,0,0,NA,NA,NA,0,0,NA,0,0,NA,NA,NA,NA,NA,NA,NA,NA,NA,NA,NA,NA,NA,0,"E"
NA,"Sunflowerseed Oil","21631.01.01","sunflower oil","Other foods","Sunflowerseed Oil and products",NA,"regional-SSA-fct",NA,NA,884.321223,NA,NA,0,100,NA,NA,NA,NA,0,0,NA,0,0,0,NA,NA,NA,0,0,NA,0,0,NA,NA,NA,NA,NA,NA,NA,NA,NA,NA,NA,NA,NA,0,"S"
NA,"Sunflowerseed Oil","21631.01.01","sunflower oil","Other foods","Sunflowerseed Oil and products",NA,"regional-SSA-fct",NA,NA,884.321223,NA,NA,0,100,NA,NA,NA,NA,0,0,NA,0,0,0,NA,NA,NA,0,0,NA,0,0,NA,NA,NA,NA,NA,NA,NA,NA,NA,NA,NA,NA,NA,0,"W"
NA,"Sweet Potatoes","1530.01","sweet potato, white-flesh, raw","Roots and Tubers","Sweet potatoes and products",NA,"regional-SSA-fct",NA,NA,103,NA,NA,1.7,0.1,NA,NA,NA,NA,21.3,3,NA,28,0.5,20,NA,NA,NA,0.3,0.2,NA,2,2,NA,NA,NA,NA,NA,NA,NA,NA,NA,NA,NA,NA,NA,10,"E"
NA,"Sweet Potatoes","1530.01","sweet potato, white-flesh, raw","Roots and Tubers","Sweet potatoes and products",NA,"regional-SSA-fct",NA,NA,77.198852,NA,NA,1.1,0.1,NA,NA,NA,NA,15.6,2.1,NA,12,0.3,13,NA,NA,NA,0.18,0.11,NA,2,2,NA,NA,NA,NA,NA,NA,NA,NA,NA,NA,NA,NA,NA,10,"S"
NA,"Sweet Potatoes","1530.01","sweet potato, white-flesh, raw","Roots and Tubers","Sweet potatoes and products",NA,"regional-SSA-fct",NA,NA,112,NA,NA,1.8,0.3,NA,NA,NA,NA,24.1,3,NA,45,1.9,16,NA,NA,NA,0.4,0.2,NA,2,2,NA,NA,NA,NA,NA,NA,NA,NA,NA,NA,NA,NA,NA,10,"W"
NA,"Sweeteners, Other","23210.01.01","fructose, powder","Other foods","Sweeteners, Other and products",NA,"regional-SSA-fct",NA,NA,368,NA,NA,0,0,NA,NA,NA,NA,100,0,NA,0,0.1,0,NA,NA,NA,0,0.2,NA,0,0,NA,NA,NA,NA,NA,NA,NA,NA,NA,NA,NA,NA,NA,0,"E"
NA,"Sweeteners, Other","23210.01.01","fructose, powder","Other foods","Sweeteners, Other and products",NA,"regional-SSA-fct",NA,NA,368,NA,NA,0,0,NA,NA,NA,NA,100,0,NA,0,0.1,0,NA,NA,NA,0,0.2,NA,0,0,NA,NA,NA,NA,NA,NA,NA,NA,NA,NA,NA,NA,NA,0,"S"
NA,"Sweeteners, Other","23210.01.01","fructose, powder","Other foods","Sweeteners, Other and products",NA,"regional-SSA-fct",NA,NA,368,NA,NA,0,0,NA,NA,NA,NA,100,0,NA,0,0.1,0,NA,NA,NA,0,0.2,NA,0,0,NA,NA,NA,NA,NA,NA,NA,NA,NA,NA,NA,NA,NA,0,"W"
NA,"Tea","1620.01","tea leaves","Other foods","Tea (including mate) and products",NA,"regional-SSA-fct",NA,NA,1,NA,NA,0,0,NA,NA,NA,NA,0.2,0,NA,2,0,2,NA,NA,NA,0,0,NA,0,0,NA,NA,NA,NA,NA,NA,NA,NA,NA,NA,NA,NA,NA,0,"E"
NA,"Tea","23914.01","tea beverages","Other foods","Tea (including mate) and products",NA,"regional-SSA-fct",NA,NA,1.195028,NA,NA,0,0,NA,NA,NA,NA,0.3,0,NA,0,0,3,NA,NA,NA,0.02,0.01,NA,0,0,NA,NA,NA,NA,NA,NA,NA,NA,NA,NA,NA,NA,NA,0,"S"
NA,"Tea","23914.01","tea beverages","Other foods","Tea (including mate) and products",NA,"regional-SSA-fct",NA,NA,0,NA,NA,0.1,0,NA,NA,NA,NA,0,0,NA,2,0.1,1,NA,NA,NA,0,0,NA,0,0,NA,NA,NA,NA,NA,NA,NA,NA,NA,NA,NA,NA,NA,0,"W"
NA,"Tomatoes","1234.01","tomatoes, raw","Fruits and Vegetables","Tomatoes and products",NA,"regional-SSA-fct",NA,NA,21,NA,NA,0.9,0.3,NA,NA,NA,NA,3.5,1.1,NA,5,0.5,11,NA,NA,NA,0.1,0.1,NA,1,1,NA,NA,NA,NA,NA,NA,NA,NA,NA,NA,NA,NA,NA,6,"E"
NA,"Tomatoes","1234.01","tomatoes, raw","Fruits and Vegetables","Tomatoes and products",NA,"regional-SSA-fct",NA,NA,21.749521,NA,NA,0.9,0.2,NA,NA,NA,NA,2.9,1.1,NA,8,0.2,11,NA,NA,NA,0.16,0.07,NA,1,1,NA,NA,NA,NA,NA,NA,NA,NA,NA,NA,NA,NA,NA,6,"S"
NA,"Tomatoes","1234.01","tomatoes, raw","Fruits and Vegetables","Tomatoes and products",NA,"regional-SSA-fct",NA,NA,21,NA,NA,1,0.2,NA,NA,NA,NA,3.3,1.1,NA,12,0.9,12,NA,NA,NA,1.1,0.12,NA,1,1,NA,NA,NA,NA,NA,NA,NA,NA,NA,NA,NA,NA,NA,30,"W"
NA,"Vegetables, Other","1212.01","cabbages, white, raw","Fruits and Vegetables","Vegetables, Other and products",NA,"regional-SSA-fct",NA,NA,15,NA,NA,1.3,0.1,NA,NA,NA,NA,5.8,2.5,NA,40,0.5,12,NA,NA,NA,0.2,0,NA,2,1,NA,NA,NA,NA,NA,NA,NA,NA,NA,NA,NA,NA,NA,0,"E"
NA,"Vegetables, Other","1212.02","cabbages, chinese, raw","Fruits and Vegetables","Vegetables, Other and products",NA,"regional-SSA-fct",NA,NA,20.793499,NA,NA,0.9,0.1,NA,NA,NA,NA,2.2,1.8,NA,40,0.4,7,NA,NA,NA,0.14,0,NA,2,1,NA,NA,NA,NA,NA,NA,NA,NA,NA,NA,NA,NA,NA,0,"S"
NA,"Vegetables, Other","1212.03","cabbages, head, raw","Fruits and Vegetables","Vegetables, Other and products",NA,"regional-SSA-fct",NA,NA,26,NA,NA,1.6,0.1,NA,NA,NA,NA,3.4,2.5,NA,35,0.6,10,NA,NA,NA,0.2,0.02,NA,2,1,NA,NA,NA,NA,NA,NA,NA,NA,NA,NA,NA,NA,NA,0,"W"
NA,"Wheat","23110.01","wheat flour, unrefined","Cereals","Wheat and products",NA,"regional-SSA-fct",NA,NA,339,NA,NA,13.7,1.9,NA,NA,NA,NA,60.4,12.2,NA,15,1.2,22,NA,NA,NA,0.7,0.1,NA,10,2,NA,NA,NA,NA,NA,NA,NA,NA,NA,NA,NA,NA,NA,282,"E"
NA,"Wheat","111.01","wheat grain, unrefined","Cereals","Wheat and products",NA,"regional-SSA-fct",NA,NA,351.099426,NA,NA,11.9,1.8,NA,NA,NA,NA,59.9,10.7,NA,8,2.4,68,NA,NA,NA,1.92,0.27,NA,10,2,NA,NA,NA,NA,NA,NA,NA,NA,NA,NA,NA,NA,NA,282,"S"
NA,"Wheat","23110.02","wheat flour, refined","Cereals","Wheat and products",NA,"regional-SSA-fct",NA,NA,347,NA,NA,10.7,1.1,NA,NA,NA,NA,72.1,3.5,NA,21,2,60,NA,NA,NA,4,0.15,NA,10,2,NA,NA,NA,NA,NA,NA,NA,NA,NA,NA,NA,NA,NA,130,"W"
NA,"Wine","24212.02.01","wine, white","Other foods","Wine and products",NA,"regional-SSA-fct",NA,NA,71.70172,NA,NA,0.2,0,NA,NA,NA,NA,1.4,0,NA,8,0.4,10,NA,NA,NA,0.07,0.4,NA,0,0.2,NA,NA,NA,NA,NA,NA,NA,NA,NA,NA,NA,NA,NA,19.7,"E"
NA,"Wine","24212.02.02","wine, red","Other foods","Wine and products",NA,"regional-SSA-fct",NA,NA,71.70172,NA,NA,0.2,0,NA,NA,NA,NA,1.4,0,NA,8,0.4,10,NA,NA,NA,0.07,0.01,NA,0,0.2,NA,NA,NA,NA,NA,NA,NA,NA,NA,NA,NA,NA,NA,19.7,"S"
NA,"Wine","24212.02.03","wine, rosé","Other foods","Wine and products",NA,"regional-SSA-fct",NA,NA,71.70172,NA,NA,0.2,0,NA,NA,NA,NA,1.4,0,NA,8,0.4,10,NA,NA,NA,0.07,0.4,NA,0,0.2,NA,NA,NA,NA,NA,NA,NA,NA,NA,NA,NA,NA,NA,19.7,"W"
NA,"Yams","1540.01","yams, raw","Roots and Tubers","Yams and products",NA,"regional-SSA-fct",NA,NA,97,NA,NA,2.1,0.1,NA,NA,NA,NA,21.7,1.2,NA,8,0.8,26,NA,NA,NA,0.5,0.17,NA,0,1,NA,NA,NA,NA,NA,NA,NA,NA,NA,NA,NA,NA,NA,50,"E"
NA,"Yams","1540.01","yams, raw","Roots and Tubers","Yams and products",NA,"regional-SSA-fct",NA,NA,97,NA,NA,2.1,0.1,NA,NA,NA,NA,21.7,1.2,NA,8,0.8,26,NA,NA,NA,0.5,0.17,NA,0,1,NA,NA,NA,NA,NA,NA,NA,NA,NA,NA,NA,NA,NA,50,"S"
NA,"Yams","1540.01","yams, raw","Roots and Tubers","Yams and products",NA,"regional-SSA-fct",NA,NA,128,NA,NA,2,0.3,NA,NA,NA,NA,27.5,4.1,NA,23,1.3,17,NA,NA,NA,0.2,0.07,NA,0,1,NA,NA,NA,NA,NA,NA,NA,NA,NA,NA,NA,NA,NA,10,"W"
