,original_food_id,original_food_name,food_genus_id,food_genus_description,food_group,food_subgroup,food_genus_confidence,fct_name,data_reference_original_id,moisture_in_g,energy_in_kcal,energy_in_kj,nitrogen_in_g,totalprotein_in_g,totalfats_in_g,saturatedfa_in_g,monounsaturatedfa_in_g,polyunsaturatedfa_in_g,cholesterol_in_mg,carbohydrates_in_g,fibre_in_g,ash_in_g,ca_in_mg,fe_in_mg,mg_in_mg,p_in_mg,k_in_mg,na_in_mg,zn_in_mg,cu_in_mg,mn_in_mcg,i_in_mcg,se_in_mcg,vitamina_in_rae_in_mcg,thiamin_in_mg,riboflavin_in_mg,niacin_in_mg,vitaminb6_in_mg,folicacid_in_mcg,folate_in_mcg,vitaminb12_in_mcg,pantothenate_in_mg,biotin_in_mcg,vitaminc_in_mg,vitamind_in_mcg,vitamine_in_mg,phyticacid_in_mg
1,NA,Apples,1341.01,"apples, raw",Fruits and Vegetables,Apples and products,h,regional-SSA-fct,NA,NA,43,NA,NA,0.3,0.1,NA,NA,NA,NA,10,2.3,NA,5,0,3,NA,NA,NA,0,0,NA,0,0,NA,NA,NA,NA,NA,NA,NA,NA,NA,NA,NA,NA,NA,55
2,NA,Aquatic Plants,1594.01,"red algae, raw",Fruits and Vegetables,Aquatic Plants,m,regional-SSA-fct,NA,NA,26,NA,NA,0.54,0.03,NA,NA,NA,NA,6.25,0.5,NA,54,1.9,67,NA,NA,NA,0.6,0.1,NA,1470,0.7,NA,NA,NA,NA,NA,NA,NA,NA,NA,NA,NA,NA,NA,0
3,NA,Bananas,1312.01,"banana, raw",Fruits and Vegetables,Bananas and products,h,regional-SSA-fct,NA,NA,100,NA,NA,1.3,0.3,NA,NA,NA,NA,22.2,1.9,NA,8,1,34,NA,NA,NA,1.1,0.06,NA,2,1,NA,NA,NA,NA,NA,NA,NA,NA,NA,NA,NA,NA,NA,20
4,NA,Barley,23140.05.01,"barley grain, pearled",Cereals,Barley and products,m,regional-SSA-fct,NA,NA,126.434034,NA,NA,2.7,0.5,NA,NA,NA,NA,23.8,3.5,NA,11,9.4,22,NA,NA,NA,3.29,0.11,NA,10,37.7,NA,NA,NA,NA,NA,NA,NA,NA,NA,NA,NA,NA,NA,452
5,NA,Beans,1701.02,"common beans, dried, raw",Pulses and Beans,Beans and products,m,regional-SSA-fct,NA,NA,347,NA,NA,16.9,1.3,NA,NA,NA,NA,46.2,19.4,NA,85,5.9,164,NA,NA,NA,2.54,0.88,NA,3,2.5,NA,NA,NA,NA,NA,NA,NA,NA,NA,NA,NA,NA,NA,1586
6,NA,Beer,24310.01.01,"beer, regular",Other foods,Beer and products,h,regional-SSA-fct,NA,NA,35,NA,NA,0.3,0,NA,NA,NA,NA,2,0,NA,8,0.1,7,NA,NA,NA,0,0.01,NA,0,0,NA,NA,NA,NA,NA,NA,NA,NA,NA,NA,NA,NA,NA,0
7,NA,"Beverages, Alcoholic",2413.01,gin,Other foods,"Beverages, Alcoholic and products",m,regional-SSA-fct,NA,NA,249.521988,NA,NA,0,0,NA,NA,NA,NA,0,0,NA,0,0.04,0,NA,NA,NA,0.04,0.04,NA,0,0,NA,NA,NA,NA,NA,NA,NA,NA,NA,NA,NA,NA,NA,0
8,NA,"Beverages, Fermented",24310.02.01,"beer, maize grain",Cereals,"Beverages, Fermented and products",m,regional-SSA-fct,NA,NA,34,NA,NA,0.6,0.2,NA,NA,NA,NA,3.1,0.1,NA,4,0,14,NA,NA,NA,0.3,0,NA,3,9.3,NA,NA,NA,NA,NA,NA,NA,NA,NA,NA,NA,NA,NA,0
9,NA,Bovine Meat,21111.02.01,"beef, without bones, fresh, raw",Animal Products,Bovine Meat and products,m,regional-SSA-fct,NA,NA,244,NA,NA,17.9,19.2,NA,NA,NA,NA,0,0,NA,10,2.4,28,NA,NA,NA,2.2,0.16,NA,1,8,NA,NA,NA,NA,NA,NA,NA,NA,NA,NA,NA,NA,NA,0
10,NA,"Butter, Ghee",22241.02.01,ghee,Animal Products,"Butter, Ghee and products",l,regional-SSA-fct,NA,NA,880,NA,NA,0,99.9,NA,NA,NA,NA,0,0,NA,0,0,0,NA,NA,NA,0,0,NA,0,0,NA,NA,NA,NA,NA,NA,NA,NA,NA,NA,NA,NA,NA,0
11,NA,Cassava,01520.01.01,"cassava root, raw",Roots and Tubers,Cassava and products,h,regional-SSA-fct,NA,NA,157,NA,NA,1.1,0.3,NA,NA,NA,NA,36.5,1.8,NA,46,1.7,21,NA,NA,NA,0.2,0.05,NA,0.88,1,NA,NA,NA,NA,NA,NA,NA,NA,NA,NA,NA,NA,NA,54
12,NA,Cephalopods,1570.01,"squids, raw",Animal Products,Cephalopods,m,regional-SSA-fct,NA,NA,92,NA,NA,16,1,NA,NA,NA,NA,3,0,NA,32,0.68,33,NA,NA,NA,1.53,1.9,NA,20,44.8,NA,NA,NA,NA,NA,NA,NA,NA,NA,NA,NA,NA,NA,0
13,NA,"Cereals, Other",1193.03,"fonio grain, white, unrefined, raw",Cereals,"Cereals, Other and products",m,regional-SSA-fct,NA,NA,339,NA,NA,7,3.1,NA,NA,NA,NA,67.1,7.4,NA,40,9.4,430,NA,NA,NA,1.5,0.44,NA,10,2,NA,NA,NA,NA,NA,NA,NA,NA,NA,NA,NA,NA,NA,282
14,NA,"Citrus, Other",1323.01,"oranges, raw",Fruits and Vegetables,"Oranges, Mandarines and products",l,regional-SSA-fct,NA,NA,45,NA,NA,0.8,0.3,NA,NA,NA,NA,8.9,1.7,NA,32,0.1,11,NA,NA,NA,0.1,0.1,NA,1,1,NA,NA,NA,NA,NA,NA,NA,NA,NA,NA,NA,NA,NA,10
15,NA,Cloves,1656.01,cloves,Other foods,Cloves and products,h,regional-SSA-fct,NA,NA,323,NA,NA,5.98,20.07,NA,NA,NA,NA,27.01,34.2,NA,646,8.7,264,NA,NA,NA,1.1,0.3,NA,0,5.9,NA,NA,NA,NA,NA,NA,NA,NA,NA,NA,NA,NA,NA,0
16,NA,Cocoa Beans,F0665.01,cocoa powder,Other foods,Cocoa Beans and products,m,regional-SSA-fct,NA,NA,363.049713,NA,NA,18.5,21.7,NA,NA,NA,NA,11.5,12.1,NA,130,10.5,520,NA,NA,NA,6.9,3.9,NA,0,14.3,NA,NA,NA,NA,NA,NA,NA,NA,NA,NA,NA,NA,NA,0
17,NA,Coconut Oil,2166.01,coconut oil,Other foods,Coconut Oil and products,h,regional-SSA-fct,NA,NA,900,NA,NA,0,100,NA,NA,NA,NA,0,0,NA,0,1.5,0,NA,NA,NA,0,0,NA,0,0,NA,NA,NA,NA,NA,NA,NA,NA,NA,NA,NA,NA,NA,0
18,NA,Coconuts - Incl Copra,1460.01,coconuts,Other foods,Coconuts (including copra) and products,h,regional-SSA-fct,NA,NA,377,NA,NA,4.6,36.3,NA,NA,NA,NA,3.6,9,NA,14,2.3,39,NA,NA,NA,0.8,0.32,NA,1,10.1,NA,NA,NA,NA,NA,NA,NA,NA,NA,NA,NA,NA,NA,324
19,NA,Coffee,23912.02.01,"coffee, instant powder",Other foods,Coffee and products,h,regional-SSA-fct,NA,NA,2.151051,NA,NA,0.1,0,NA,NA,NA,NA,0.4,0,NA,2,0.1,5,NA,NA,NA,0.02,0.01,NA,0,0,NA,NA,NA,NA,NA,NA,NA,NA,NA,NA,NA,NA,NA,0
20,NA,Cottonseed Oil,2168.01,cotton seed oil,Other foods,Cottonseed Oil and products,h,regional-SSA-fct,NA,NA,884.321223,NA,NA,0,100,NA,NA,NA,NA,0,0,NA,0,0,0,NA,NA,NA,0,0,NA,0,0,NA,NA,NA,NA,NA,NA,NA,NA,NA,NA,NA,NA,NA,0
21,NA,Cream,22120.01,cream,Animal Products,Cream and products,h,regional-SSA-fct,NA,NA,245.458891,NA,NA,2.5,25,NA,NA,NA,NA,3.5,0,NA,90,0,8,NA,NA,NA,0.26,0.01,NA,35,3,NA,NA,NA,NA,NA,NA,NA,NA,NA,NA,NA,NA,NA,0
22,NA,Crustaceans,1553.01,"crab, fresh, raw",Animal Products,Crustaceans,l,regional-SSA-fct,NA,NA,81,NA,NA,18,1.5,NA,NA,NA,NA,0,0,NA,150,10,112,NA,NA,NA,1.6,0.65,NA,100,37.4,NA,NA,NA,NA,NA,NA,NA,NA,NA,NA,NA,NA,NA,0
23,NA,Dates,1314.01,dates,Fruits and Vegetables,Dates and products,h,regional-SSA-fct,NA,NA,134,NA,NA,6.4,2.4,NA,NA,NA,NA,51,2.7,NA,24,0.3,24,NA,NA,NA,0.2,0.12,NA,0,3,NA,NA,NA,NA,NA,NA,NA,NA,NA,NA,NA,NA,NA,0
24,NA,Demersal Fish,1514.01,"groupers, white, fresh, raw",Animal Products,Demersal Fish,m,regional-SSA-fct,NA,NA,87,NA,NA,19.4,1.1,NA,NA,NA,NA,0,0,NA,33,1.3,35,NA,NA,NA,1.3,0.05,NA,140,39,NA,NA,NA,NA,NA,NA,NA,NA,NA,NA,NA,NA,NA,0
25,NA,Eggs,231.01,"egg, chicken, raw",Animal Products,Eggs and products,h,regional-SSA-fct,NA,NA,139,NA,NA,12.1,10.1,NA,NA,NA,NA,0,0,NA,45,2.4,11,NA,NA,NA,1.3,0.08,NA,53,11,NA,NA,NA,NA,NA,NA,NA,NA,NA,NA,NA,NA,NA,0
26,NA,"Fats, Animals, Raw",21521.01,pork lard,Animal Products,"Fats, Animals, Raw and products",m,regional-SSA-fct,NA,NA,884.321223,NA,NA,0,100,NA,NA,NA,NA,0,0,NA,0,0,0,NA,NA,NA,0.11,0,NA,0,0.2,NA,NA,NA,NA,NA,NA,NA,NA,NA,NA,NA,NA,NA,0
27,NA,"Fish, Body Oil",1523.01,"cod, liver oil",Animal Products,"Fish, Liver Oil",l,regional-SSA-fct,NA,NA,884.321223,NA,NA,0,100,NA,NA,NA,NA,0,0,NA,0,0,0,NA,NA,NA,0,0,NA,0,0,NA,NA,NA,NA,NA,NA,NA,NA,NA,NA,NA,NA,NA,0
28,NA,"Fish, Liver Oil",1523.01,"cod, liver oil",Animal Products,"Fish, Liver Oil",m,regional-SSA-fct,NA,NA,884.321223,NA,NA,0,100,NA,NA,NA,NA,0,0,NA,0,0,0,NA,NA,NA,0,0,NA,0,0,NA,NA,NA,NA,NA,NA,NA,NA,NA,NA,NA,NA,NA,0
29,NA,Freshwater Fish,1501.02,"catfish, african, fresh, raw",Animal Products,Freshwater Fish,m,regional-SSA-fct,NA,NA,176,NA,NA,15.3,12.8,NA,NA,NA,NA,0,0,NA,2814,1.7,18,NA,NA,NA,5.8,0.32,NA,11,11.1,NA,NA,NA,NA,NA,NA,NA,NA,NA,NA,NA,NA,NA,0
30,NA,"Fruits, Other",1316.01,"mangoes, raw",Fruits and Vegetables,"Fruits, Other and products",m,regional-SSA-fct,NA,NA,62,NA,NA,0.6,0.2,NA,NA,NA,NA,13.3,2,NA,17,1,12,NA,NA,NA,0.6,0.04,NA,2,1,NA,NA,NA,NA,NA,NA,NA,NA,NA,NA,NA,NA,NA,30
31,NA,Grapefruit,1321.02,"grapefruits, raw",Fruits and Vegetables,Grapefruit and products,h,regional-SSA-fct,NA,NA,37,NA,NA,0.8,0.1,NA,NA,NA,NA,8,1.9,NA,21,0.6,9,NA,NA,NA,0,0.04,NA,2,0.1,NA,NA,NA,NA,NA,NA,NA,NA,NA,NA,NA,NA,NA,0
32,NA,Grapes,1330.01,"grapes, raw",Fruits and Vegetables,Grapes and products (excludingexcl wine) and products,h,regional-SSA-fct,NA,NA,69,NA,NA,0.4,0.1,NA,NA,NA,NA,16.5,2,NA,13,0.3,7,NA,NA,NA,0.1,0.08,NA,1,0.1,NA,NA,NA,NA,NA,NA,NA,NA,NA,NA,NA,NA,NA,59
33,NA,Groundnut Oil,2162.01,peanut oil,Pulses and Beans,Groundnut Oil and products,h,regional-SSA-fct,NA,NA,903,NA,NA,0,99.9,NA,NA,NA,NA,0,0,NA,0,0,0,NA,NA,NA,0,0,NA,0,0,NA,NA,NA,NA,NA,NA,NA,NA,NA,NA,NA,NA,NA,0
34,NA,Groundnuts (Shelled Eq),142.01,"peanut, unshelled",Pulses and Beans,Groundnuts (Shelled Eq) and products,h,regional-SSA-fct,NA,NA,578,NA,NA,24.1,45,NA,NA,NA,NA,18.5,6.2,NA,53,4.3,185,NA,NA,NA,1.9,0.42,NA,20,3,NA,NA,NA,NA,NA,NA,NA,NA,NA,NA,NA,NA,NA,590
35,NA,Honey,2910.01,honey,Other foods,Honey and products,h,regional-SSA-fct,NA,NA,322,NA,NA,0.3,0,NA,NA,NA,NA,80.2,0,NA,11,0.6,10,NA,NA,NA,2,0.05,NA,0,1,NA,NA,NA,NA,NA,NA,NA,NA,NA,NA,NA,NA,NA,0
36,NA,"Lemons, Limes",1322.01,"lemons, raw",Fruits and Vegetables,"Lemons, Limes and products",m,regional-SSA-fct,NA,NA,36,NA,NA,0.7,0.5,NA,NA,NA,NA,6.3,2.1,NA,22,0.6,16,NA,NA,NA,0.1,0.04,NA,2,0,NA,NA,NA,NA,NA,NA,NA,NA,NA,NA,NA,NA,NA,10
37,NA,Maize,112.01,"maize, grain, white, dried, raw",Cereals,Maize and products (including white maize),m,regional-SSA-fct,NA,NA,363,NA,NA,9.2,3.8,NA,NA,NA,NA,72.3,1.5,NA,30,3.2,85,NA,NA,NA,1.4,0.18,NA,3,16,NA,NA,NA,NA,NA,NA,NA,NA,NA,NA,NA,NA,NA,792
38,NA,Maize Germ Oil,21691.02.01,maize oil,Cereals,Maize Germ Oil and products,h,regional-SSA-fct,NA,NA,884.321223,NA,NA,0,100,NA,NA,NA,NA,0,0,NA,0,0,0,NA,NA,NA,0,0,NA,0,0,NA,NA,NA,NA,NA,NA,NA,NA,NA,NA,NA,NA,NA,0
39,NA,"Marine Fish, Other",1532.01,"sardines, tinned",Animal Products,Pelagic Fish,m,regional-SSA-fct,NA,NA,106,NA,NA,19.6,2.7,NA,NA,NA,NA,0.9,0,NA,42,2.1,41,NA,NA,NA,1.5,0.04,NA,32,37,NA,NA,NA,NA,NA,NA,NA,NA,NA,NA,NA,NA,NA,0
40,NA,"Meat, Aquatic Mammals",1580.01,"marine mammals meat, fresh, raw",Animal Products,"Meat, Aquatic Mammals",m,regional-SSA-fct,NA,NA,111,NA,NA,26.5,0.5,NA,NA,NA,NA,0,0,NA,7,0.3,21,NA,NA,NA,0.63,0.03,NA,32,36.5,NA,NA,NA,NA,NA,NA,NA,NA,NA,NA,NA,NA,NA,0
41,NA,"Meat, Other",21114.01,"rabbit meat, fresh, raw",Animal Products,"Meat, Other and products",m,regional-SSA-fct,NA,NA,142,NA,NA,20.7,5.6,NA,NA,NA,NA,2.1,0,NA,22,0.9,25,NA,NA,NA,1.7,0.15,NA,1,10,NA,NA,NA,NA,NA,NA,NA,NA,NA,NA,NA,NA,NA,0
42,NA,Milk - Excluding Butter,2211.01,"milk, cow, whole, raw",Animal Products,Milk - (Excluding excluding Butter butter) and products,m,regional-SSA-fct,NA,NA,75,NA,NA,3.7,4.6,NA,NA,NA,NA,4.7,0,NA,210,0.1,14,NA,NA,NA,0.4,0.02,NA,3,1,NA,NA,NA,NA,NA,NA,NA,NA,NA,NA,NA,NA,NA,0
43,NA,Millet,118.03,"pearl millet,  grain",Cereals,Millet and products,m,regional-SSA-fct,NA,NA,365,NA,NA,8.3,5.3,NA,NA,NA,NA,65.8,10.6,NA,19,14.3,97,NA,NA,NA,2.7,0.45,NA,10,8,NA,NA,NA,NA,NA,NA,NA,NA,NA,NA,NA,NA,NA,520
44,NA,"Molluscs, Other",1562.01,"oysters, fresh, raw",Animal Products,"Molluscs, Other",m,regional-SSA-fct,NA,NA,66.921606,NA,NA,7.1,2.5,NA,NA,NA,NA,3.9,0,NA,45,3.5,54,NA,NA,NA,2.2,1.49,NA,0,27.4,NA,NA,NA,NA,NA,NA,NA,NA,NA,NA,NA,NA,NA,0
45,NA,Mutton & Goat Meat,21115.01,"sheep meat, fresh, raw",Animal Products,Mutton & and Goat Meat and products,m,regional-SSA-fct,NA,NA,217,NA,NA,17.2,16.5,NA,NA,NA,NA,0,0,NA,9,2.3,20,NA,NA,NA,3.1,0.07,NA,6,4,NA,NA,NA,NA,NA,NA,NA,NA,NA,NA,NA,NA,NA,0
46,NA,Nuts,1372.01,cashew nuts,Other foods,Nuts and products,m,regional-SSA-fct,NA,NA,575,NA,NA,19,42.8,NA,NA,NA,NA,27.1,2.9,NA,54,10.4,267,NA,NA,NA,2.1,2.15,NA,10,24,NA,NA,NA,NA,NA,NA,NA,NA,NA,NA,NA,NA,NA,2580
47,NA,Oats,23140.07.01,"oats, rolled",Cereals,Oats and products,h,regional-SSA-fct,NA,NA,427.10325,NA,NA,10.7,10.4,NA,NA,NA,NA,61.6,1.6,NA,54,4.4,153,NA,NA,NA,3.18,0.36,NA,10,2,NA,NA,NA,NA,NA,NA,NA,NA,NA,NA,NA,NA,NA,282
48,NA,"Offals, Edible",21151.02,"beef liver, fresh, raw",Animal Products,"Offals, Edible and products",m,regional-SSA-fct,NA,NA,133,NA,NA,19.1,4.5,NA,NA,NA,NA,3.8,0,NA,8,9.7,131,NA,NA,NA,3,0.5,NA,5,40,NA,NA,NA,NA,NA,NA,NA,NA,NA,NA,NA,NA,NA,0
49,NA,"Oilcrops, Other",1441.01,linseeds,Other foods,"Oilcrops, Other and products",m,regional-SSA-fct,NA,NA,531.548757,NA,NA,17.5,36.9,NA,NA,NA,NA,3.5,29.5,NA,250,44.2,346,NA,NA,NA,8.24,3.88,NA,0,1.6,NA,NA,NA,NA,NA,NA,NA,NA,NA,NA,NA,NA,NA,4710
50,NA,Olive Oil,2167.01,olive oil,Other foods,Olive Oil and products,h,regional-SSA-fct,NA,NA,884.321223,NA,NA,0,100,NA,NA,NA,NA,0,0,NA,1,0.4,0,NA,NA,NA,0.06,0,NA,0,0,NA,NA,NA,NA,NA,NA,NA,NA,NA,NA,NA,NA,NA,0
51,NA,Olives,F0262.01,"olives, preserved",Fruits and Vegetables,Olives (including preserved) and products,h,regional-SSA-fct,NA,NA,123.565965,NA,NA,0.8,10.7,NA,NA,NA,NA,3.1,3.2,NA,88,3.3,4,NA,NA,NA,0.22,0.25,NA,0,0.9,NA,NA,NA,NA,NA,NA,NA,NA,NA,NA,NA,NA,NA,0
52,NA,Onions,1253.02.01,"onions, raw",Fruits and Vegetables,Onions and products,h,regional-SSA-fct,NA,NA,32,NA,NA,1.1,0.1,NA,NA,NA,NA,5.6,1.8,NA,27,0.5,7,NA,NA,NA,0.2,0.04,NA,2,2,NA,NA,NA,NA,NA,NA,NA,NA,NA,NA,NA,NA,NA,10
53,NA,"Oranges, Mandarines",1323.01,"oranges, raw",Fruits and Vegetables,"Oranges, Mandarines and products",m,regional-SSA-fct,NA,NA,45,NA,NA,0.8,0.3,NA,NA,NA,NA,8.9,1.7,NA,32,0.1,11,NA,NA,NA,0.1,0.05,NA,1,1,NA,NA,NA,NA,NA,NA,NA,NA,NA,NA,NA,NA,NA,10
54,NA,Palm Oil,2165.01,palm oil,Other foods,Palm Oil and products,h,regional-SSA-fct,NA,NA,895,NA,NA,0,99.4,NA,NA,NA,NA,0,0,NA,3,0.4,0,NA,NA,NA,0,0,NA,0,0,NA,NA,NA,NA,NA,NA,NA,NA,NA,NA,NA,NA,NA,0
55,NA,Palmkernel Oil,21691.14.01,palm kernel oil,Other foods,Palmkernel Oil and products,h,regional-SSA-fct,NA,NA,884.321223,NA,NA,0,100,NA,NA,NA,NA,0,0,NA,3,0.4,0,NA,NA,NA,0,0,NA,0,0,NA,NA,NA,NA,NA,NA,NA,NA,NA,NA,NA,NA,NA,0
56,NA,Peas,1705.01,"peas, dried, raw",Pulses and Beans,Peas and products,l,regional-SSA-fct,NA,NA,88.671128,NA,NA,5.5,0.8,NA,NA,NA,NA,8.3,6.3,NA,20,1.7,28,NA,NA,NA,0.87,0.17,NA,2,0,NA,NA,NA,NA,NA,NA,NA,NA,NA,NA,NA,NA,NA,28
57,NA,Pelagic Fish,1527.01,"mackerel, fresh, raw",Animal Products,Pelagic Fish,m,regional-SSA-fct,NA,NA,133,NA,NA,21.1,2.8,NA,NA,NA,NA,5.9,0,NA,50,1.8,26,NA,NA,NA,0.5,0.06,NA,32,37,NA,NA,NA,NA,NA,NA,NA,NA,NA,NA,NA,NA,NA,0
58,NA,Pepper,1651.01,"pepper, black",Other foods,Pepper and products,h,regional-SSA-fct,NA,NA,228,NA,NA,10.9,3.3,NA,NA,NA,NA,38.3,26.5,NA,437,28.9,194,NA,NA,NA,1.4,1.13,NA,0,3.1,NA,NA,NA,NA,NA,NA,NA,NA,NA,NA,NA,NA,NA,0
59,NA,Pigmeat,21113.02.01,"pig meat, without bones, fresh, raw",Animal Products,Pigmeat and products,m,regional-SSA-fct,NA,NA,405,NA,NA,12.6,39.4,NA,NA,NA,NA,0,0,NA,11,1.9,12,NA,NA,NA,3.2,0.09,NA,1,6,NA,NA,NA,NA,NA,NA,NA,NA,NA,NA,NA,NA,NA,0
60,NA,Pimento,1652.01,"pepper, raw",Fruits and Vegetables,Pimento and products,h,regional-SSA-fct,NA,NA,26,NA,NA,1.8,0.3,NA,NA,NA,NA,4.2,3.5,NA,33,1.2,42,NA,NA,NA,0.3,0.1,NA,1,0.5,NA,NA,NA,NA,NA,NA,NA,NA,NA,NA,NA,NA,NA,30
61,NA,Pineapples,1318.01,"pineapple, raw",Fruits and Vegetables,Pineapples and products,h,regional-SSA-fct,NA,NA,56,NA,NA,0.4,0.3,NA,NA,NA,NA,12.1,1.4,NA,22,0.5,9,NA,NA,NA,2.2,0.33,NA,0,0,NA,NA,NA,NA,NA,NA,NA,NA,NA,NA,NA,NA,NA,0
62,NA,Plantains,1313.01,"plantain, raw",Fruits and Vegetables,Plantains and products,h,regional-SSA-fct,NA,NA,149,NA,NA,1.1,0.3,NA,NA,NA,NA,34.3,2.3,NA,7,1.1,37,NA,NA,NA,0.1,0.08,NA,2,2,NA,NA,NA,NA,NA,NA,NA,NA,NA,NA,NA,NA,NA,0
63,NA,Potatoes,1510.01,"potatoes, raw",Roots and Tubers,Potatoes and products,h,regional-SSA-fct,NA,NA,82,NA,NA,1.9,0.1,NA,NA,NA,NA,17.3,1.8,NA,10,0.8,27,NA,NA,NA,0.3,0.09,NA,2,2,NA,NA,NA,NA,NA,NA,NA,NA,NA,NA,NA,NA,NA,147
64,NA,Poultry Meat,21121.01,"chicken meat, fresh, raw",Animal Products,Poultry Meat and products,m,regional-SSA-fct,NA,NA,136,NA,NA,20.6,6,NA,NA,NA,NA,0,0,NA,12,1.2,25,NA,NA,NA,1,0.04,NA,0,12,NA,NA,NA,NA,NA,NA,NA,NA,NA,NA,NA,NA,NA,0
65,NA,"Pulses, Other",1706.01,"cow peas, dried, raw",Pulses and Beans,"Pulses, Other and products",m,regional-SSA-fct,NA,NA,335,NA,NA,21.1,1.2,NA,NA,NA,NA,54.7,10.6,NA,84,7.8,41,NA,NA,NA,8,0.08,NA,0,8,NA,NA,NA,NA,NA,NA,NA,NA,NA,NA,NA,NA,NA,1154
66,NA,Rape and Mustard Oil,21641.01.01,rape seed oil,Other foods,Rape and Mustard Oil and products,l,regional-SSA-fct,NA,NA,884.321223,NA,NA,0,100,NA,NA,NA,NA,0,0,NA,0,0,0,NA,NA,NA,0,0,NA,0,0,NA,NA,NA,NA,NA,NA,NA,NA,NA,NA,NA,NA,NA,0
67,NA,Rice (Milled Equivalent),23161.01.01,"rice grain, white, raw",Cereals,Rice and products,m,regional-SSA-fct,NA,NA,346,NA,NA,7.3,0.4,NA,NA,NA,NA,76.9,2.8,NA,11,2.6,35,NA,NA,NA,1.2,0.01,NA,8,2.4,NA,NA,NA,NA,NA,NA,NA,NA,NA,NA,NA,NA,NA,352
68,NA,Rice (Milled Equivalent),23161.02.01,"rice grain, white, raw",Cereals,Rice and products,m,regional-SSA-fct,NA,NA,346,NA,NA,7.3,0.4,NA,NA,NA,NA,76.9,2.8,NA,11,2.6,35,NA,NA,NA,1.2,0.01,NA,8,2.4,NA,NA,NA,NA,NA,NA,NA,NA,NA,NA,NA,NA,NA,352
69,NA,"Roots, Other",1550.01,"taros, raw",Roots and Tubers,"Roots, Other and products",m,regional-SSA-fct,NA,NA,95,NA,NA,1.8,0.1,NA,NA,NA,NA,19.7,4.1,NA,51,1.2,33,NA,NA,NA,0.2,0.17,NA,0,1,NA,NA,NA,NA,NA,NA,NA,NA,NA,NA,NA,NA,NA,78
70,NA,Rye,116.01,"rye grain, unrefined, raw ",Cereals,Rye and products,l,regional-SSA-fct,NA,NA,351.099426,NA,NA,11.9,1.8,NA,NA,NA,NA,59.9,10.7,NA,8,2,68,NA,NA,NA,4,0.1,NA,10,35.3,NA,NA,NA,NA,NA,NA,NA,NA,NA,NA,NA,NA,NA,282
71,NA,Sesameseed,1444.01,sesame seeds,Pulses and Beans,Sesame seed and products,h,regional-SSA-fct,NA,NA,600,NA,NA,18.5,49.4,NA,NA,NA,NA,18.6,3.7,NA,1150,15.5,347,NA,NA,NA,10.25,2.15,NA,0,5.7,NA,NA,NA,NA,NA,NA,NA,NA,NA,NA,NA,NA,NA,4710
72,NA,Sesameseed Oil,21691.07.01,sesame seed oil,Pulses and Beans,Sesameseed Oil and products,h,regional-SSA-fct,NA,NA,884,NA,NA,0,100,NA,NA,NA,NA,0,0,NA,0,0,0,NA,NA,NA,0,0,NA,0,0,NA,NA,NA,NA,NA,NA,NA,NA,NA,NA,NA,NA,NA,0
73,NA,Sorghum,114.01,"sorghum grain, raw",Cereals,Sorghum and products,h,regional-SSA-fct,NA,NA,383,NA,NA,11,3.1,NA,NA,NA,NA,75.8,3.7,NA,27,8.7,559,NA,NA,NA,1.6,0.59,NA,10,13,NA,NA,NA,NA,NA,NA,NA,NA,NA,NA,NA,NA,NA,489
74,NA,Soyabean Oil,2161.01,soybean oil,Pulses and Beans,Soyabean Oil and products,h,regional-SSA-fct,NA,NA,884.321223,NA,NA,0,100,NA,NA,NA,NA,0,0,NA,0,0.1,0,NA,NA,NA,0,0,NA,0,0,NA,NA,NA,NA,NA,NA,NA,NA,NA,NA,NA,NA,NA,0
75,NA,Soyabeans,141.01,"soybeans, dried, raw",Pulses and Beans,Soyabeans and products,h,regional-SSA-fct,NA,NA,397,NA,NA,33.2,16.6,NA,NA,NA,NA,20.8,15.7,NA,247,8.3,245,NA,NA,NA,4.7,1.48,NA,6,14,NA,NA,NA,NA,NA,NA,NA,NA,NA,NA,NA,NA,NA,1473
76,NA,"Spices, Other",1699.01,turmeric roots,Other foods,"Spices, Other and products",m,regional-SSA-fct,NA,NA,382.887189,NA,NA,7.8,9.9,NA,NA,NA,NA,43.8,21.1,NA,183,7,193,NA,NA,NA,1,0.6,NA,0,4.5,NA,NA,NA,NA,NA,NA,NA,NA,NA,NA,NA,NA,NA,0
77,NA,Sugar (Raw Equivalent),23520.01,"sugar, white",Other foods,Sugar (Raw Equivalent) and products,h,regional-SSA-fct,NA,NA,369,NA,NA,0,0,NA,NA,NA,NA,92.2,0,NA,10,0.2,2,NA,NA,NA,0.1,0.12,NA,0,0,NA,NA,NA,NA,NA,NA,NA,NA,NA,NA,NA,NA,NA,0
78,NA,Sugar Beet,1801.01,"beetroots, sugar, raw",Other foods,Sugar beet and products,h,regional-SSA-fct,NA,NA,40.630975,NA,NA,1.6,0.1,NA,NA,NA,NA,5.8,2.4,NA,17,0.8,26,NA,NA,NA,0.4,0.1,NA,0,0.7,NA,NA,NA,NA,NA,NA,NA,NA,NA,NA,NA,NA,NA,0
79,NA,Sugar Cane,1802.01,sugar canes,Other foods,Sugar cane and products,h,regional-SSA-fct,NA,NA,60,NA,NA,1,0,NA,NA,NA,NA,14,2,NA,10,0,2,NA,NA,NA,0,0,NA,0,0,NA,NA,NA,NA,NA,NA,NA,NA,NA,NA,NA,NA,NA,0
80,NA,"Sugar, Non-Centrifugal",23511.02.01,"syrups, sugar cane",NA,Sugar non-centrifugal and products,m,regional-SSA-fct,NA,NA,56,NA,NA,0,0,NA,NA,NA,NA,14.6,0,NA,13,0.3,4,NA,NA,NA,0,0.1,NA,0,0,NA,NA,NA,NA,NA,NA,NA,NA,NA,NA,NA,NA,NA,0
81,NA,Sunflowerseed,1445.01,"sunflower seeds, dried",Other foods,Sunflower seed and products,h,regional-SSA-fct,NA,NA,607.552581,NA,NA,22.8,49.6,NA,NA,NA,NA,12.2,6.6,NA,116,7.8,354,NA,NA,NA,10.3,1.5,NA,0,59.5,NA,NA,NA,NA,NA,NA,NA,NA,NA,NA,NA,NA,NA,5160
82,NA,Sunflowerseed Oil,21631.01.01,sunflower oil,Other foods,Sunflowerseed Oil and products,h,regional-SSA-fct,NA,NA,884.321223,NA,NA,0,100,NA,NA,NA,NA,0,0,NA,0,0,0,NA,NA,NA,0,0,NA,0,0,NA,NA,NA,NA,NA,NA,NA,NA,NA,NA,NA,NA,NA,0
83,NA,Sweet Potatoes,1530.01,"sweet potato, white-flesh, raw",Roots and Tubers,Sweet potatoes and products,l,regional-SSA-fct,NA,NA,112,NA,NA,1.8,0.3,NA,NA,NA,NA,24.1,3,NA,45,1.9,16,NA,NA,NA,0.4,0.2,NA,2,2,NA,NA,NA,NA,NA,NA,NA,NA,NA,NA,NA,NA,NA,10
84,NA,"Sweeteners, Other",23210.01.01,"fructose, powder",Other foods,"Sweeteners, Other and products",m,regional-SSA-fct,NA,NA,368,NA,NA,0,0,NA,NA,NA,NA,100,0,NA,0,0.1,0,NA,NA,NA,0,0.2,NA,0,0,NA,NA,NA,NA,NA,NA,NA,NA,NA,NA,NA,NA,NA,0
85,NA,Tea,23914.01,tea beverages,Other foods,Tea (including mate) and products,m,regional-SSA-fct,NA,NA,0,NA,NA,0.1,0,NA,NA,NA,NA,0,0,NA,2,0.1,1,NA,NA,NA,0,0,NA,0,0,NA,NA,NA,NA,NA,NA,NA,NA,NA,NA,NA,NA,NA,0
86,NA,Tomatoes,1234.01,"tomatoes, raw",Fruits and Vegetables,Tomatoes and products,h,regional-SSA-fct,NA,NA,21,NA,NA,1,0.2,NA,NA,NA,NA,3.3,1.1,NA,12,0.9,12,NA,NA,NA,1.1,0.12,NA,1,1,NA,NA,NA,NA,NA,NA,NA,NA,NA,NA,NA,NA,NA,30
87,NA,"Vegetables, Other",1212.03,"cabbages, head, raw",Fruits and Vegetables,"Vegetables, Other and products",m,regional-SSA-fct,NA,NA,26,NA,NA,1.6,0.1,NA,NA,NA,NA,3.4,2.5,NA,35,0.6,10,NA,NA,NA,0.2,0.02,NA,2,1,NA,NA,NA,NA,NA,NA,NA,NA,NA,NA,NA,NA,NA,0
88,NA,Wheat,23110.02,"wheat flour, refined",Cereals,Wheat and products,m,regional-SSA-fct,NA,NA,347,NA,NA,10.7,1.1,NA,NA,NA,NA,72.1,3.5,NA,21,2,60,NA,NA,NA,4,0.15,NA,10,2,NA,NA,NA,NA,NA,NA,NA,NA,NA,NA,NA,NA,NA,130
89,NA,Wine,24212.02.03,"wine, rosé",Other foods,Wine and products,m,regional-SSA-fct,NA,NA,71.70172,NA,NA,0.2,0,NA,NA,NA,NA,1.4,0,NA,8,0.4,10,NA,NA,NA,0.07,0.4,NA,0,0.2,NA,NA,NA,NA,NA,NA,NA,NA,NA,NA,NA,NA,NA,19.7
90,NA,Yams,1540.01,"yams, raw",Roots and Tubers,Yams and products,h,regional-SSA-fct,NA,NA,128,NA,NA,2,0.3,NA,NA,NA,NA,27.5,4.1,NA,23,1.3,17,NA,NA,NA,0.2,0.07,NA,0,1,NA,NA,NA,NA,NA,NA,NA,NA,NA,NA,NA,NA,NA,10
